season,comp,date,home,away
2014,FA Cup,2014-11-07,Warrington Town,Exeter City
2014,FA Cup,2014-11-08,Yeovil Town,Crawley Town
2014,FA Cup,2014-11-08,York City,AFC Wimbledon
2014,FA Cup,2014-11-18,AFC Wimbledon,York City
2014,FA Cup,2014-11-08,Walsall,Shrewsbury Town
2014,FA Cup,2014-11-18,Shrewsbury Town,Walsall
2014,FA Cup,2014-11-08,Eastleigh,Lincoln City
2014,FA Cup,2014-11-08,Basingstoke Town,AFC Telford United
2014,FA Cup,2014-11-18,AFC Telford United,Basingstoke Town
2014,FA Cup,2014-11-08,Dagenham & Redbridge,Southport
2014,FA Cup,2014-11-18,Southport,Dagenham & Redbridge
2014,FA Cup,2014-11-08,Peterborough United,Carlisle United
2014,FA Cup,2014-11-08,Cheltenham Town,Swindon Town
2014,FA Cup,2014-11-08,Bromley,Dartford
2014,FA Cup,2014-11-08,Barnet,Wycombe Wanderers
2014,FA Cup,2014-11-08,Gillingham,Bristol City
2014,FA Cup,2014-11-08,Crewe Alexandra,Sheffield United
2014,FA Cup,2014-11-18,Sheffield United,Crewe Alexandra
2014,FA Cup,2014-11-08,Grimsby Town,Oxford United
2014,FA Cup,2014-11-08,Tranmere Rovers,Bristol Rovers
2014,FA Cup,2014-11-08,Southend United,Chester
2014,FA Cup,2014-11-08,Luton,Newport County
2014,FA Cup,2014-11-08,Bury,Hemel Hempstead Town
2014,FA Cup,2014-11-08,Cambridge United,Fleetwood Town
2014,FA Cup,2014-11-08,Northampton Town,Rochdale
2014,FA Cup,2014-11-18,Rochdale,Northampton Town
2014,FA Cup,2014-11-08,Dover Athletic,Morecambe
2014,FA Cup,2014-11-08,Port Vale,Milton Keynes Dons
2014,FA Cup,2014-11-08,Plymouth Argyle,AFC Fylde
2014,FA Cup,2014-11-08,Barnsley,Burton Albion
2014,FA Cup,2014-11-08,Hartlepool United,East Thurrock United
2014,FA Cup,2014-11-08,Oldham Athletic,Leyton Orient
2014,FA Cup,2014-11-09,FC Halifax Town,Bradford City
2014,FA Cup,2014-11-09,Coventry,Worcester City
2014,FA Cup,2014-11-09,Braintree Town,Chesterfield
2014,FA Cup,2014-11-09,Portsmouth,Aldershot Town
2014,FA Cup,2014-11-19,Aldershot Town,Portsmouth
2014,FA Cup,2014-11-09,Wrexham,Woking
2014,FA Cup,2014-11-09,Blyth Spartans,Altrincham
2014,FA Cup,2014-11-09,Forest Green Rovers,Scunthorpe United
2014,FA Cup,2014-11-09,Gosport Borough,Colchester United
2014,FA Cup,2014-11-09,Norton United,Gateshead
2014,FA Cup,2014-11-09,Stevenage,Maidstone United
2014,FA Cup,2014-11-20,Maidstone United,Stevenage
2014,FA Cup,2014-11-09,Notts County,Accrington Stanley
2014,FA Cup,2014-11-18,Accrington Stanley,Notts County
2014,FA Cup,2014-11-10,Havant & Waterlooville,Preston North End
2014,FA Cup,2014-11-18,Weston-super-Mare,Doncaster Rovers
2014,FA Cup,2014-11-18,Mansfield Town,Concord Rangers
2014,FA Cup,2014-11-25,Concord Rangers,Mansfield Town
2014,FA Cup,2014-12-05,Hartlepool United,Blyth Spartans
2014,FA Cup,2014-12-06,Oxford United,Tranmere Rovers
2014,FA Cup,2014-12-16,Tranmere Rovers,Oxford United
2014,FA Cup,2014-12-06,Bury,Luton
2014,FA Cup,2014-12-16,Luton,Bury
2014,FA Cup,2014-12-06,Accrington Stanley,Yeovil Town
2014,FA Cup,2014-12-16,Yeovil Town,Accrington Stanley
2014,FA Cup,2014-12-06,Milton Keynes Dons,Chesterfield *
2014,FA Cup,2015-01-02,Milton Keynes Dons,Chesterfield
2014,FA Cup,2014-12-06,Oldham Athletic,Doncaster Rovers
2014,FA Cup,2014-12-06,Preston North End,Shrewsbury Town
2014,FA Cup,2014-12-06,Sheffield United,Plymouth Argyle
2014,FA Cup,2014-12-06,Cambridge United,Mansfield Town
2014,FA Cup,2014-12-16,Mansfield Town,Cambridge United
2014,FA Cup,2014-12-06,Wrexham,Maidstone United
2014,FA Cup,2014-12-07,Gateshead,Warrington Town
2014,FA Cup,2014-12-07,Scunthorpe United,Worcester City
2014,FA Cup,2014-12-17,Worcester City,Scunthorpe United
2014,FA Cup,2014-12-07,Southport,Eastleigh
2014,FA Cup,2014-12-07,Barnsley,Chester
2014,FA Cup,2014-12-16,Chester,Barnsley
2014,FA Cup,2014-12-07,Bradford City,Dartford
2014,FA Cup,2014-12-07,Cheltenham Town,Dover Athletic
2014,FA Cup,2014-12-07,Bristol City,AFC Telford United
2014,FA Cup,2014-12-07,Aldershot Town,Rochdale
2014,FA Cup,2014-12-16,Rochdale,Aldershot Town
2014,FA Cup,2014-12-07,Wycombe Wanderers,AFC Wimbledon
2014,FA Cup,2014-12-07,Colchester United,Peterborough United
2014,FA Cup,2015-01-02,Cardiff,Colchester United
2014,FA Cup,2015-01-03,Charlton Athletic,Blackburn Rovers
2014,FA Cup,2015-01-03,Rochdale,Nottingham Forest
2014,FA Cup,2015-01-03,West Bromwich Albion,Gateshead
2014,FA Cup,2015-01-03,Blyth Spartans,Birmingham City
2014,FA Cup,2015-01-03,Rotherham United,Bournemouth
2014,FA Cup,2015-01-03,Huddersfield,Reading
2014,FA Cup,2015-01-03,Tranmere Rovers,Swansea
2014,FA Cup,2015-01-03,Bolton Wanderers,Wigan Athletic
2014,FA Cup,2015-01-03,Millwall,Bradford City
2014,FA Cup,2015-01-14,Bradford City,Millwall
2014,FA Cup,2015-01-03,Derby County,Southport
2014,FA Cup,2015-01-03,Brentford,Brighton
2014,FA Cup,2015-01-03,Fulham,Wolverhampton Wanderers
2014,FA Cup,2015-01-13,Wolverhampton Wanderers,Fulham
2014,FA Cup,2015-01-03,Leicester,Newcastle United
2014,FA Cup,2015-01-03,Cambridge United,Luton
2014,FA Cup,2015-01-03,Barnsley,Middlesbrough
2014,FA Cup,2015-01-03,Preston North End,Norwich
2014,FA Cup,2015-01-03,Doncaster Rovers,Bristol City
2014,FA Cup,2015-01-13,Bristol City,Doncaster Rovers
2014,FA Cup,2015-01-04,Dover Athletic,Crystal Palace
2014,FA Cup,2015-01-04,Sunderland,Leeds
2014,FA Cup,2015-01-04,Queens Park Rangers,Sheffield United
2014,FA Cup,2015-01-04,Aston Villa,Blackpool
2014,FA Cup,2015-01-04,Manchester City,Sheffield Wednesday
2014,FA Cup,2015-01-04,Southampton,Ipswich
2014,FA Cup,2015-01-14,Ipswich,Southampton
2014,FA Cup,2015-01-04,Stoke,Wrexham
2014,FA Cup,2015-01-04,Yeovil Town,Manchester United
2014,FA Cup,2015-01-04,Chelsea,Watford
2014,FA Cup,2015-01-04,Arsenal,Hull
2014,FA Cup,2015-01-05,Burnley,Tottenham
2014,FA Cup,2015-01-14,Tottenham,Burnley
2014,FA Cup,2015-01-05,AFC Wimbledon,Liverpool
2014,FA Cup,2015-01-06,Everton,West Ham
2014,FA Cup,2015-01-13,West Ham,Everton
2014,FA Cup,2015-01-06,Scunthorpe United,Chesterfield
2014,FA Cup,2015-01-13,Chesterfield,Scunthorpe United
2014,FA Cup,2015-01-23,Cambridge United,Manchester United
2014,FA Cup,2015-02-03,Manchester United,Cambridge United
2014,FA Cup,2015-01-24,Blackburn Rovers,Swansea
2014,FA Cup,2015-01-24,Southampton,Crystal Palace
2014,FA Cup,2015-01-24,Chelsea,Bradford City
2014,FA Cup,2015-01-24,Derby County,Chesterfield
2014,FA Cup,2015-01-24,Preston North End,Sheffield United
2014,FA Cup,2015-02-03,Sheffield United,Preston North End
2014,FA Cup,2015-01-24,Birmingham City,West Bromwich Albion
2014,FA Cup,2015-01-24,Cardiff,Reading
2014,FA Cup,2015-01-24,Tottenham,Leicester
2014,FA Cup,2015-01-24,Sunderland,Fulham
2014,FA Cup,2015-02-03,Fulham,Sunderland
2014,FA Cup,2015-01-24,Manchester City,Middlesbrough
2014,FA Cup,2015-01-24,Liverpool,Bolton Wanderers
2014,FA Cup,2015-02-04,Bolton Wanderers,Liverpool
2014,FA Cup,2015-01-25,Bristol City,West Ham
2014,FA Cup,2015-01-25,Aston Villa,Bournemouth
2014,FA Cup,2015-01-25,Brighton,Arsenal
2014,FA Cup,2015-01-26,Rochdale,Stoke
2014,FA Cup,2015-02-14,West Bromwich Albion,West Ham
2014,FA Cup,2015-02-14,Blackburn Rovers,Stoke
2014,FA Cup,2015-02-14,Derby County,Reading
2014,FA Cup,2015-02-14,Crystal Palace,Liverpool
2014,FA Cup,2015-02-15,Aston Villa,Leicester
2014,FA Cup,2015-02-15,Bradford City,Sunderland
2014,FA Cup,2015-02-15,Arsenal,Middlesbrough
2014,FA Cup,2015-02-16,Preston North End,Manchester United
2014,FA Cup,2015-03-07,Bradford City,Reading
2014,FA Cup,2015-03-16,Reading,Bradford City
2014,FA Cup,2015-03-07,Aston Villa,West Bromwich Albion
2014,FA Cup,2015-03-08,Liverpool,Blackburn Rovers
2014,FA Cup,2015-04-08,Blackburn Rovers,Liverpool
2014,FA Cup,2015-03-09,Manchester United,Arsenal
2014,FA Cup,2015-04-18,Reading,Arsenal
2014,FA Cup,2015-04-19,Aston Villa,Liverpool
2014,EFL Cup,2014-08-11,Carlisle United,Derby County
2014,EFL Cup,2014-08-12,Barnsley,Crewe Alexandra
2014,EFL Cup,2014-08-12,Blackburn Rovers,Scunthorpe United
2014,EFL Cup,2014-08-12,Bolton Wanderers,Bury
2014,EFL Cup,2014-08-12,Burton Albion,Wigan Athletic
2014,EFL Cup,2014-08-12,Chesterfield,Huddersfield
2014,EFL Cup,2014-08-12,Leeds,Accrington Stanley
2014,EFL Cup,2014-08-12,Morecambe,Bradford City
2014,EFL Cup,2014-08-12,Oldham Athletic,Middlesbrough
2014,EFL Cup,2014-08-12,Port Vale,Hartlepool United
2014,EFL Cup,2014-08-12,Rochdale,Preston North End
2014,EFL Cup,2014-08-12,Rotherham United,Fleetwood Town
2014,EFL Cup,2014-08-12,Sheffield Wednesday,Notts County
2014,EFL Cup,2014-08-12,Shrewsbury Town,Blackpool
2014,EFL Cup,2014-08-12,Tranmere Rovers,Nottingham Forest
2014,EFL Cup,2014-08-12,York City,Doncaster Rovers
2014,EFL Cup,2014-08-13,Sheffield United,Mansfield Town
2014,EFL Cup,2014-08-12,Birmingham City,Cambridge United
2014,EFL Cup,2014-08-12,Brighton,Cheltenham Town
2014,EFL Cup,2014-08-12,Bristol City,Oxford United
2014,EFL Cup,2014-08-12,Charlton Athletic,Colchester United
2014,EFL Cup,2014-08-12,Crawley Town,Ipswich
2014,EFL Cup,2014-08-12,Dagenham & Redbridge,Brentford
2014,EFL Cup,2014-08-12,Exeter City,Bournemouth
2014,EFL Cup,2014-08-12,Luton,Swindon Town
2014,EFL Cup,2014-08-12,Millwall,Wycombe Wanderers
2014,EFL Cup,2014-08-12,Milton Keynes Dons,AFC Wimbledon
2014,EFL Cup,2014-08-12,Plymouth Argyle,Leyton Orient
2014,EFL Cup,2014-08-12,Portsmouth,Peterborough United
2014,EFL Cup,2014-08-12,Reading,Newport County
2014,EFL Cup,2014-08-12,Southend United,Walsall
2014,EFL Cup,2014-08-12,Stevenage,Watford
2014,EFL Cup,2014-08-12,Wolverhampton Wanderers,Northampton Town
2014,EFL Cup,2014-08-12,Yeovil Town,Gillingham
2014,EFL Cup,2014-08-13,Coventry,Cardiff
2014,EFL Cup,2014-08-26,Port Vale,Cardiff
2014,EFL Cup,2014-08-26,Middlesbrough,Preston North End
2014,EFL Cup,2014-08-26,Huddersfield,Nottingham Forest
2014,EFL Cup,2014-08-26,Swansea,Rotherham United
2014,EFL Cup,2014-08-26,Watford,Doncaster Rovers
2014,EFL Cup,2014-08-26,Millwall,Southampton
2014,EFL Cup,2014-08-26,Bournemouth,Northampton Town
2014,EFL Cup,2014-08-26,Brentford,Fulham
2014,EFL Cup,2014-08-26,Scunthorpe United,Reading
2014,EFL Cup,2014-08-26,Derby County,Charlton Athletic
2014,EFL Cup,2014-08-26,West Ham,Sheffield United
2014,EFL Cup,2014-08-26,Swindon Town,Brighton
2014,EFL Cup,2014-08-26,Leicester,Shrewsbury Town
2014,EFL Cup,2014-08-26,Crewe Alexandra,Bolton Wanderers
2014,EFL Cup,2014-08-26,Gillingham,Newcastle United
2014,EFL Cup,2014-08-26,Norwich,Crawley Town
2014,EFL Cup,2014-08-26,Burnley,Sheffield Wednesday
2014,EFL Cup,2014-08-26,Walsall,Crystal Palace
2014,EFL Cup,2014-08-26,Milton Keynes Dons,Manchester United
2014,EFL Cup,2014-08-26,West Bromwich Albion,Oxford United
2014,EFL Cup,2014-08-27,Aston Villa,Leyton Orient
2014,EFL Cup,2014-08-27,Bradford City,Leeds
2014,EFL Cup,2014-08-27,Burton Albion,Queens Park Rangers
2014,EFL Cup,2014-08-27,Stoke,Portsmouth
2014,EFL Cup,2014-08-27,Birmingham City,Sunderland
2014,EFL Cup,2014-09-23,Arsenal,Southampton
2014,EFL Cup,2014-09-23,Leyton Orient,Sheffield United
2014,EFL Cup,2014-09-23,Cardiff,Bournemouth
2014,EFL Cup,2014-09-23,Sunderland,Stoke
2014,EFL Cup,2014-09-23,Derby County,Reading
2014,EFL Cup,2014-09-23,Liverpool,Middlesbrough
2014,EFL Cup,2014-09-23,Milton Keynes Dons,Bradford City
2014,EFL Cup,2014-09-23,Swansea,Everton
2014,EFL Cup,2014-09-23,Shrewsbury Town,Norwich
2014,EFL Cup,2014-09-23,Fulham,Doncaster Rovers
2014,EFL Cup,2014-09-24,Chelsea,Bolton Wanderers
2014,EFL Cup,2014-09-24,Crystal Palace,Newcastle United
2014,EFL Cup,2014-09-24,Manchester City,Sheffield Wednesday
2014,EFL Cup,2014-09-24,Burton Albion,Brighton
2014,EFL Cup,2014-09-24,Tottenham,Nottingham Forest
2014,EFL Cup,2014-09-24,West Bromwich Albion,Hull
2014,EFL Cup,2014-10-28,Bournemouth,West Bromwich Albion
2014,EFL Cup,2014-10-28,Shrewsbury Town,Chelsea
2014,EFL Cup,2014-10-28,Milton Keynes Dons,Sheffield United
2014,EFL Cup,2014-10-28,Liverpool,Swansea
2014,EFL Cup,2014-10-28,Fulham,Derby County
2014,EFL Cup,2014-10-29,Tottenham,Brighton
2014,EFL Cup,2014-10-29,Stoke,Southampton
2014,EFL Cup,2014-10-29,Manchester City,Newcastle United
2014,EFL Cup,2014-12-16,Derby County,Chelsea
2014,EFL Cup,2014-12-16,Sheffield United,Southampton
2014,EFL Cup,2014-12-17,Tottenham,Newcastle United
2014,EFL Cup,2014-12-17,Bournemouth,Liverpool
2015,FA Cup,2015-11-07,Burton Albion,Peterborough United
2015,FA Cup,2015-11-08,Port Vale,Maidenhead United
2015,FA Cup,2015-11-19,Maidenhead United,Port Vale
2015,FA Cup,2015-11-07,Barnet,Blackpool
2015,FA Cup,2015-11-08,Bristol Rovers,Chesham United
2015,FA Cup,2015-11-07,Cambridge United,Basingstoke Town
2015,FA Cup,2015-11-07,Mansfield Town,Oldham Athletic
2015,FA Cup,2015-11-17,Oldham Athletic,Mansfield Town
2015,FA Cup,2015-11-07,Altrincham,Barnsley
2015,FA Cup,2015-11-07,Crewe Alexandra,Eastleigh
2015,FA Cup,2015-11-07,Northwich Victoria,Boreham Wood
2015,FA Cup,2015-11-16,Boreham Wood,Northwich Victoria
2015,FA Cup,2015-11-07,Coventry,Northampton Town
2015,FA Cup,2015-11-08,Brackley Town,Newport County
2015,FA Cup,2015-11-17,Newport County,Brackley Town
2015,FA Cup,2015-11-07,Grimsby Town,St Albans City
2015,FA Cup,2015-11-07,Hartlepool United,Cheltenham Town
2015,FA Cup,2015-11-06,Salford City,Notts County
2015,FA Cup,2015-11-07,Dover Athletic,Stourbridge
2015,FA Cup,2015-11-07,Stevenage,Gillingham
2015,FA Cup,2015-11-07,Millwall,AFC Fylde
2015,FA Cup,2015-11-08,Aldershot Town,Bradford City
2015,FA Cup,2015-11-18,Bradford City,Aldershot Town
2015,FA Cup,2015-11-07,Walsall,Fleetwood Town
2015,FA Cup,2015-11-07,Bury,Wigan Athletic
2015,FA Cup,2015-11-07,Portsmouth,Macclesfield Town
2015,FA Cup,2015-11-07,Sheffield United,Worcester City
2015,FA Cup,2015-11-07,Barwell,Welling United
2015,FA Cup,2015-11-08,FC Halifax Town,Wycombe Wanderers
2015,FA Cup,2015-11-07,Crawley Town,Luton
2015,FA Cup,2015-11-07,Doncaster Rovers,Stalybridge Celtic
2015,FA Cup,2015-11-08,Didcot Town,Exeter City
2015,FA Cup,2015-11-07,Dagenham & Redbridge,Morecambe
2015,FA Cup,2015-11-17,Morecambe,Dagenham & Redbridge
2015,FA Cup,2015-11-07,Leyton Orient,Staines Town
2015,FA Cup,2015-11-08,Gainsborough Trinity,Shrewsbury Town
2015,FA Cup,2015-11-08,Maidstone United,Yeovil Town
2015,FA Cup,2015-11-08,Braintree Town,Oxford United
2015,FA Cup,2015-11-17,Oxford United,Braintree Town
2015,FA Cup,2015-11-08,Whitehawk,Lincoln City
2015,FA Cup,2015-11-07,Accrington Stanley,York City
2015,FA Cup,2015-11-07,Scunthorpe United,Southend United
2015,FA Cup,2015-11-07,AFC Wimbledon,Forest Green Rovers
2015,FA Cup,2015-11-07,Plymouth Argyle,Carlisle United
2015,FA Cup,2015-11-09,F.C. United of Manchester,Chesterfield
2015,FA Cup,2015-11-07,Rochdale,Swindon Town
2015,FA Cup,2015-11-07,Wealdstone,Colchester United
2015,FA Cup,2015-12-04,Salford City,Hartlepool United
2015,FA Cup,2015-12-15,Hartlepool United,Salford City
2015,FA Cup,2015-12-05,Barnet,Newport County
2015,FA Cup,2015-12-05,Portsmouth,Accrington Stanley
2015,FA Cup,2015-12-05,Stourbridge,Eastleigh
2015,FA Cup,2015-12-05,Northampton Town,Northwich Victoria
2015,FA Cup,2015-12-05,Yeovil Town,Stevenage
2015,FA Cup,2015-12-05,Leyton Orient,Scunthorpe United
2015,FA Cup,2015-12-15,Scunthorpe United,Leyton Orient
2015,FA Cup,2015-12-05,Millwall,Wycombe Wanderers
2015,FA Cup,2015-12-05,Chesterfield,Walsall
2015,FA Cup,2015-12-15,Walsall,Chesterfield
2015,FA Cup,2015-12-05,Sheffield United,Oldham Athletic
2015,FA Cup,2015-12-06,Rochdale,Bury
2015,FA Cup,2015-12-06,Bradford City,Chesham United
2015,FA Cup,2015-12-06,Peterborough United,Luton
2015,FA Cup,2015-12-06,Exeter City,Port Vale
2015,FA Cup,2015-12-06,Cambridge United,Doncaster Rovers
2015,FA Cup,2015-12-06,Welling United,Carlisle United
2015,FA Cup,2015-12-06,Colchester United,Altrincham
2015,FA Cup,2015-12-06,Dagenham & Redbridge,Whitehawk
2015,FA Cup,2015-12-16,Whitehawk,Dagenham & Redbridge
2015,FA Cup,2015-12-06,Oxford United,Forest Green Rovers
2015,FA Cup,2015-12-07,Grimsby Town,Shrewsbury Town
2015,FA Cup,2015-12-15,Shrewsbury Town,Grimsby Town
2015,FA Cup,2016-01-08,Exeter City,Liverpool
2015,FA Cup,2016-01-20,Liverpool,Exeter City
2015,FA Cup,2016-01-09,Wycombe Wanderers,Aston Villa
2015,FA Cup,2016-01-19,Aston Villa,Wycombe Wanderers
2015,FA Cup,2016-01-09,Watford,Newcastle United
2015,FA Cup,2016-01-09,West Bromwich Albion,Bristol City
2015,FA Cup,2016-01-19,Bristol City,West Bromwich Albion
2015,FA Cup,2016-01-09,West Ham,Wolverhampton Wanderers
2015,FA Cup,2016-01-09,Hartlepool United,Derby County
2015,FA Cup,2016-01-09,Colchester United,Charlton Athletic
2015,FA Cup,2016-01-09,Peterborough United,Preston North End
2015,FA Cup,2016-01-09,Northampton Town,Milton Keynes Dons
2015,FA Cup,2016-01-19,Milton Keynes Dons,Northampton Town
2015,FA Cup,2016-01-09,Arsenal,Sunderland
2015,FA Cup,2016-01-09,Ipswich,Portsmouth
2015,FA Cup,2016-01-19,Portsmouth,Ipswich
2015,FA Cup,2016-01-09,Birmingham City,Bournemouth
2015,FA Cup,2016-01-09,Sheffield Wednesday,Fulham
2015,FA Cup,2016-01-09,Brentford,Walsall
2015,FA Cup,2016-01-09,Bury,Bradford City
2015,FA Cup,2016-01-19,Bradford City,Bury
2015,FA Cup,2016-01-09,Everton,Dagenham & Redbridge
2015,FA Cup,2016-01-09,Southampton,Crystal Palace
2015,FA Cup,2016-01-09,Eastleigh,Bolton Wanderers
2015,FA Cup,2016-01-19,Bolton Wanderers,Eastleigh
2015,FA Cup,2016-01-09,Nottingham Forest,Queens Park Rangers
2015,FA Cup,2016-01-09,Doncaster Rovers,Stoke
2015,FA Cup,2016-01-09,Leeds,Rotherham United
2015,FA Cup,2016-01-09,Huddersfield,Reading
2015,FA Cup,2016-01-19,Reading,Huddersfield
2015,FA Cup,2016-01-09,Middlesbrough,Burnley
2015,FA Cup,2016-01-09,Norwich,Manchester City
2015,FA Cup,2016-01-09,Hull,Brighton
2015,FA Cup,2016-01-09,Manchester United,Sheffield United
2015,FA Cup,2016-01-10,Oxford United,Swansea
2015,FA Cup,2016-01-10,Carlisle United,Yeovil Town
2015,FA Cup,2016-01-19,Yeovil Town,Carlisle United
2015,FA Cup,2016-01-10,Chelsea,Scunthorpe United
2015,FA Cup,2016-01-10,Tottenham,Leicester
2015,FA Cup,2016-01-20,Leicester,Tottenham
2015,FA Cup,2016-01-10,Cardiff,Shrewsbury Town
2015,FA Cup,2016-01-18,Newport County,Blackburn Rovers
2015,FA Cup,2016-01-29,Derby County,Manchester United
2015,FA Cup,2016-01-30,Colchester United,Tottenham
2015,FA Cup,2016-01-30,West Bromwich Albion,Peterborough United
2015,FA Cup,2016-02-10,Peterborough United,West Bromwich Albion
2015,FA Cup,2016-01-30,Bolton Wanderers,Leeds
2015,FA Cup,2016-01-30,Arsenal,Burnley
2015,FA Cup,2016-01-30,Reading,Walsall
2015,FA Cup,2016-01-30,Aston Villa,Manchester City
2015,FA Cup,2016-01-30,Shrewsbury Town,Sheffield Wednesday
2015,FA Cup,2016-01-30,Nottingham Forest,Watford
2015,FA Cup,2016-01-30,Crystal Palace,Stoke
2015,FA Cup,2016-01-30,Oxford United,Blackburn Rovers
2015,FA Cup,2016-01-30,Portsmouth,Bournemouth
2015,FA Cup,2016-01-30,Bury,Hull
2015,FA Cup,2016-01-30,Liverpool,West Ham
2015,FA Cup,2016-02-09,West Ham,Liverpool
2015,FA Cup,2016-01-31,Carlisle United,Everton
2015,FA Cup,2016-01-31,Milton Keynes Dons,Chelsea
2015,FA Cup,2016-02-20,Arsenal,Hull
2015,FA Cup,2016-03-08,Hull,Arsenal
2015,FA Cup,2016-02-20,Reading,West Bromwich Albion
2015,FA Cup,2016-02-20,Watford,Leeds
2015,FA Cup,2016-02-20,Bournemouth,Everton
2015,FA Cup,2016-02-21,Blackburn Rovers,West Ham
2015,FA Cup,2016-02-21,Tottenham,Crystal Palace
2015,FA Cup,2016-02-21,Chelsea,Manchester City
2015,FA Cup,2016-02-22,Shrewsbury Town,Manchester United
2015,FA Cup,2016-03-11,Reading,Crystal Palace
2015,FA Cup,2016-03-12,Everton,Chelsea
2015,FA Cup,2016-03-13,Arsenal,Watford
2015,FA Cup,2016-03-13,Manchester United,West Ham
2015,FA Cup,2016-04-13,West Ham,Manchester United
2015,FA Cup,2016-04-23,Everton,Manchester United
2015,FA Cup,2016-04-24,Crystal Palace,Watford
2015,EFL Cup,2015-08-11,Accrington Stanley,Hull
2015,EFL Cup,2015-08-11,Blackburn Rovers,Shrewsbury Town
2015,EFL Cup,2015-08-11,Carlisle United,Chesterfield
2015,EFL Cup,2015-08-11,Fleetwood Town,Hartlepool United
2015,EFL Cup,2015-08-11,Huddersfield,Notts County
2015,EFL Cup,2015-08-11,Morecambe,Sheffield United
2015,EFL Cup,2015-08-11,Northampton Town,Blackpool
2015,EFL Cup,2015-08-11,Nottingham Forest,Walsall
2015,EFL Cup,2015-08-11,Port Vale,Burnley
2015,EFL Cup,2015-08-11,Rochdale,Coventry
2015,EFL Cup,2015-08-11,Rotherham United,Cambridge United
2015,EFL Cup,2015-08-11,Scunthorpe United,Barnsley
2015,EFL Cup,2015-08-11,Sheffield Wednesday,Mansfield Town
2015,EFL Cup,2015-08-11,Wigan Athletic,Bury
2015,EFL Cup,2015-08-11,York City,Bradford City
2015,EFL Cup,2015-08-11,Bolton Wanderers,Burton Albion
2015,EFL Cup,2015-08-12,Crewe Alexandra,Preston North End
2015,EFL Cup,2015-08-12,Oldham Athletic,Middlesbrough
2015,EFL Cup,2015-08-13,Doncaster Rovers,Leeds
2015,EFL Cup,2015-08-11,Brentford,Oxford United
2015,EFL Cup,2015-08-11,Bristol Rovers,Birmingham City
2015,EFL Cup,2015-08-11,Cardiff,AFC Wimbledon
2015,EFL Cup,2015-08-11,Charlton Athletic,Dagenham & Redbridge
2015,EFL Cup,2015-08-11,Colchester United,Reading
2015,EFL Cup,2015-08-11,Ipswich,Stevenage
2015,EFL Cup,2015-08-11,Luton,Bristol City
2015,EFL Cup,2015-08-11,Millwall,Barnet
2015,EFL Cup,2015-08-11,Milton Keynes Dons,Leyton Orient
2015,EFL Cup,2015-08-11,Peterborough United,Crawley Town
2015,EFL Cup,2015-08-11,Plymouth Argyle,Gillingham
2015,EFL Cup,2015-08-11,Southend United,Brighton
2015,EFL Cup,2015-08-11,Swindon Town,Exeter City
2015,EFL Cup,2015-08-11,Wolverhampton Wanderers,Newport County
2015,EFL Cup,2015-08-11,Wycombe Wanderers,Fulham
2015,EFL Cup,2015-08-11,Yeovil Town,Queens Park Rangers
2015,EFL Cup,2015-08-12,Portsmouth,Derby County
2015,EFL Cup,2015-08-25,Aston Villa,Notts County
2015,EFL Cup,2015-08-25,Walsall,Brighton
2015,EFL Cup,2015-08-25,Crystal Palace,Shrewsbury Town
2015,EFL Cup,2015-08-25,Sheffield Wednesday,Oxford United
2015,EFL Cup,2015-08-25,Portsmouth,Reading
2015,EFL Cup,2015-08-25,Hartlepool United,Bournemouth
2015,EFL Cup,2015-08-25,Fulham,Sheffield United
2015,EFL Cup,2015-08-25,Milton Keynes Dons,Cardiff
2015,EFL Cup,2015-08-25,Hull,Rochdale
2015,EFL Cup,2015-08-25,Sunderland,Exeter City
2015,EFL Cup,2015-08-25,Bury,Leicester
2015,EFL Cup,2015-08-25,Doncaster Rovers,Ipswich
2015,EFL Cup,2015-08-25,Rotherham United,Norwich
2015,EFL Cup,2015-08-25,Swansea,York City
2015,EFL Cup,2015-08-25,Queens Park Rangers,Carlisle United
2015,EFL Cup,2015-08-25,Peterborough United,Charlton Athletic
2015,EFL Cup,2015-08-25,Birmingham City,Gillingham
2015,EFL Cup,2015-08-25,Newcastle United,Northampton Town
2015,EFL Cup,2015-08-25,Wolverhampton Wanderers,Barnet
2015,EFL Cup,2015-08-25,Burton Albion,Middlesbrough
2015,EFL Cup,2015-08-25,Luton,Stoke
2015,EFL Cup,2015-08-25,Preston North End,Watford
2015,EFL Cup,2015-08-25,West Bromwich Albion,Port Vale
2015,EFL Cup,2015-08-26,Barnsley,Everton
2015,EFL Cup,2015-09-22,Middlesbrough,Wolverhampton Wanderers
2015,EFL Cup,2015-09-22,Hull,Swansea
2015,EFL Cup,2015-09-22,Leicester,West Ham
2015,EFL Cup,2015-09-22,Aston Villa,Birmingham City
2015,EFL Cup,2015-09-22,Fulham,Stoke
2015,EFL Cup,2015-09-22,Sunderland,Manchester City
2015,EFL Cup,2015-09-22,Preston North End,Bournemouth
2015,EFL Cup,2015-09-22,Reading,Everton
2015,EFL Cup,2015-09-23,Norwich,West Bromwich Albion
2015,EFL Cup,2015-09-23,Tottenham,Arsenal
2015,EFL Cup,2015-09-23,Crystal Palace,Charlton Athletic
2015,EFL Cup,2015-09-23,Newcastle United,Sheffield Wednesday
2015,EFL Cup,2015-09-23,Walsall,Chelsea
2015,EFL Cup,2015-09-23,Milton Keynes Dons,Southampton
2015,EFL Cup,2015-09-23,Manchester United,Ipswich
2015,EFL Cup,2015-09-23,Liverpool,Carlisle United
2015,EFL Cup,2015-10-27,Everton,Norwich
2015,EFL Cup,2015-10-27,Sheffield Wednesday,Arsenal
2015,EFL Cup,2015-10-27,Hull,Leicester
2015,EFL Cup,2015-10-27,Stoke,Chelsea
2015,EFL Cup,2015-10-28,Manchester City,Crystal Palace
2015,EFL Cup,2015-10-28,Liverpool,Bournemouth
2015,EFL Cup,2015-10-28,Southampton,Aston Villa
2015,EFL Cup,2015-10-28,Manchester United,Middlesbrough
2015,EFL Cup,2015-12-01,Middlesbrough,Everton
2015,EFL Cup,2015-12-01,Stoke,Sheffield Wednesday
2015,EFL Cup,2015-12-01,Manchester City,Hull
2015,EFL Cup,2015-12-02,Southampton,Liverpool
2015,EFL Cup,2016-01-05,Stoke,Liverpool
2015,EFL Cup,2016-01-06,Everton,Manchester City
2015,EFL Cup,2016-01-26,Liverpool,Stoke
2015,EFL Cup,2016-01-27,Manchester City,Everton
2016,FA Cup,2016-11-04,Millwall,Southend United
2016,FA Cup,2016-11-04,Eastleigh,Swindon Town
2016,FA Cup,2016-11-15,Swindon Town,Eastleigh
2016,FA Cup,2016-11-05,Merstham,Oxford United
2016,FA Cup,2016-11-05,Dagenham & Redbridge,FC Halifax Town
2016,FA Cup,2016-11-15,FC Halifax Town,Dagenham & Redbridge
2016,FA Cup,2016-11-05,Yeovil Town,Solihull Moors
2016,FA Cup,2016-11-15,Solihull Moors,Yeovil Town
2016,FA Cup,2016-11-05,Stockport County,Woking
2016,FA Cup,2016-11-05,Dartford,Sutton United
2016,FA Cup,2016-11-05,Walsall,Macclesfield Town
2016,FA Cup,2016-11-05,Port Vale,Stevenage
2016,FA Cup,2016-11-05,Northampton Town,Harrow Borough
2016,FA Cup,2016-11-05,Cambridge United,Dover Athletic
2016,FA Cup,2016-11-17,Dover Athletic,Cambridge United
2016,FA Cup,2016-11-05,Westfields,Curzon Ashton
2016,FA Cup,2016-11-14,Curzon Ashton,Westfields
2016,FA Cup,2016-11-05,Milton Keynes Dons,Spennymoor Town
2016,FA Cup,2016-11-05,Gillingham,Brackley Town
2016,FA Cup,2016-11-16,Brackley Town,Gillingham
2016,FA Cup,2016-11-05,Portsmouth,Wycombe Wanderers
2016,FA Cup,2016-11-05,Bury,AFC Wimbledon
2016,FA Cup,2016-11-15,AFC Wimbledon,Bury
2016,FA Cup,2016-11-05,Mansfield Town,Plymouth Argyle
2016,FA Cup,2016-11-05,Braintree Town,Eastbourne Borough
2016,FA Cup,2016-11-05,Bolton Wanderers,Grimsby Town
2016,FA Cup,2016-11-05,Bradford City,Accrington Stanley
2016,FA Cup,2016-11-05,Oldham Athletic,Doncaster Rovers
2016,FA Cup,2016-11-05,Shrewsbury Town,Barnet
2016,FA Cup,2016-11-05,Crawley Town,Bristol Rovers
2016,FA Cup,2016-11-15,Bristol Rovers,Crawley Town
2016,FA Cup,2016-11-05,Whitehawk,Stourbridge
2016,FA Cup,2016-11-14,Stourbridge,Whitehawk
2016,FA Cup,2016-11-05,Colchester United,Chesterfield
2016,FA Cup,2016-11-05,Lincoln City,Altrincham
2016,FA Cup,2016-11-05,Exeter City,Luton
2016,FA Cup,2016-11-05,Charlton Athletic,Scunthorpe United
2016,FA Cup,2016-11-05,Cheltenham Town,Crewe Alexandra
2016,FA Cup,2016-11-15,Crewe Alexandra,Cheltenham Town
2016,FA Cup,2016-11-05,Peterborough United,Chesham United
2016,FA Cup,2016-11-06,Taunton Town,Barrow
2016,FA Cup,2016-11-15,Barrow,Taunton Town
2016,FA Cup,2016-11-06,Sheffield United,Leyton Orient
2016,FA Cup,2016-11-06,Alfreton Town,Newport County
2016,FA Cup,2016-11-15,Newport County,Alfreton Town
2016,FA Cup,2016-11-06,Maidstone United,Rochdale
2016,FA Cup,2016-11-15,Rochdale,Maidstone United
2016,FA Cup,2016-11-06,St Albans City,Carlisle United
2016,FA Cup,2016-11-06,Boreham Wood,Notts County
2016,FA Cup,2016-11-15,Notts County,Boreham Wood
2016,FA Cup,2016-11-06,Hartlepool United,Stamford
2016,FA Cup,2016-11-06,Morecambe,Coventry
2016,FA Cup,2016-11-15,Coventry,Morecambe
2016,FA Cup,2016-11-06,Blackpool,Kidderminster Harriers
2016,FA Cup,2016-11-07,Southport,Fleetwood Town
2016,FA Cup,2016-11-15,Fleetwood Town,Southport
2016,FA Cup,2016-12-02,Macclesfield Town,Oxford United
2016,FA Cup,2016-12-13,Oxford United,Macclesfield Town
2016,FA Cup,2016-12-03,Chesterfield,Wycombe Wanderers
2016,FA Cup,2016-12-03,Blackpool,Brackley Town
2016,FA Cup,2016-12-03,Luton,Solihull Moors
2016,FA Cup,2016-12-03,Sutton United,Cheltenham Town
2016,FA Cup,2016-12-03,Shrewsbury Town,Fleetwood Town
2016,FA Cup,2016-12-13,Fleetwood Town,Shrewsbury Town
2016,FA Cup,2016-12-03,Charlton Athletic,Milton Keynes Dons
2016,FA Cup,2016-12-13,Milton Keynes Dons,Charlton Athletic
2016,FA Cup,2016-12-03,Plymouth Argyle,Newport County
2016,FA Cup,2016-12-21,Newport County,Plymouth Argyle
2016,FA Cup,2016-12-03,Carlisle United,Rochdale
2016,FA Cup,2016-12-04,Curzon Ashton,AFC Wimbledon
2016,FA Cup,2016-12-04,Millwall,Braintree Town
2016,FA Cup,2016-12-04,Bolton Wanderers,Sheffield United
2016,FA Cup,2016-12-04,Notts County,Peterborough United
2016,FA Cup,2016-12-20,Peterborough United,Notts County
2016,FA Cup,2016-12-04,Cambridge United,Coventry
2016,FA Cup,2016-12-04,Bristol Rovers,Barrow
2016,FA Cup,2016-12-04,Woking,Accrington Stanley
2016,FA Cup,2016-12-04,Eastleigh,FC Halifax Town
2016,FA Cup,2016-12-13,FC Halifax Town,Eastleigh
2016,FA Cup,2016-12-04,Port Vale,Hartlepool United
2016,FA Cup,2016-12-05,Lincoln City,Oldham Athletic
2016,FA Cup,2016-12-13,Stourbridge,Northampton Town
2016,FA Cup,2017-01-06,West Ham,Manchester City
2016,FA Cup,2017-01-07,Manchester United,Reading
2016,FA Cup,2017-01-07,Ipswich,Lincoln City
2016,FA Cup,2017-01-17,Lincoln City,Ipswich
2016,FA Cup,2017-01-07,Barrow,Rochdale
2016,FA Cup,2017-01-07,Hull,Swansea
2016,FA Cup,2017-01-07,Sunderland,Burnley
2016,FA Cup,2017-01-17,Burnley,Sunderland
2016,FA Cup,2017-01-07,Queens Park Rangers,Blackburn Rovers
2016,FA Cup,2017-01-07,Millwall,Bournemouth
2016,FA Cup,2017-01-07,Brighton,Milton Keynes Dons
2016,FA Cup,2017-01-07,Blackpool,Barnsley
2016,FA Cup,2017-01-17,Barnsley,Blackpool
2016,FA Cup,2017-01-07,Wigan Athletic,Nottingham Forest
2016,FA Cup,2017-01-07,Birmingham City,Newcastle United
2016,FA Cup,2017-01-18,Newcastle United,Birmingham City
2016,FA Cup,2017-01-07,West Bromwich Albion,Derby County
2016,FA Cup,2017-01-07,Everton,Leicester
2016,FA Cup,2017-01-07,Wycombe Wanderers,Stourbridge
2016,FA Cup,2017-01-07,Watford,Burton Albion
2016,FA Cup,2017-01-07,Stoke,Wolverhampton Wanderers
2016,FA Cup,2017-01-07,Bristol City,Fleetwood Town
2016,FA Cup,2017-01-17,Fleetwood Town,Bristol City
2016,FA Cup,2017-01-07,Huddersfield,Port Vale
2016,FA Cup,2017-01-07,Brentford,Eastleigh
2016,FA Cup,2017-01-07,Bolton Wanderers,Crystal Palace
2016,FA Cup,2017-01-17,Crystal Palace,Bolton Wanderers
2016,FA Cup,2017-01-07,Norwich,Southampton
2016,FA Cup,2017-01-18,Southampton,Norwich
2016,FA Cup,2017-01-07,Sutton United,AFC Wimbledon
2016,FA Cup,2017-01-17,AFC Wimbledon,Sutton United
2016,FA Cup,2017-01-07,Accrington Stanley,Luton
2016,FA Cup,2017-01-07,Rotherham United,Oxford United
2016,FA Cup,2017-01-07,Preston North End,Arsenal
2016,FA Cup,2017-01-08,Cardiff,Fulham
2016,FA Cup,2017-01-08,Liverpool,Plymouth Argyle
2016,FA Cup,2017-01-18,Plymouth Argyle,Liverpool
2016,FA Cup,2017-01-08,Chelsea,Peterborough United
2016,FA Cup,2017-01-08,Middlesbrough,Sheffield Wednesday
2016,FA Cup,2017-01-08,Tottenham,Aston Villa
2016,FA Cup,2017-01-09,Cambridge United,Leeds
2016,FA Cup,2017-01-27,Derby County,Leicester
2016,FA Cup,2017-02-08,Leicester,Derby County
2016,FA Cup,2017-01-28,Liverpool,Wolverhampton Wanderers
2016,FA Cup,2017-01-28,Tottenham,Wycombe Wanderers
2016,FA Cup,2017-01-28,Oxford United,Newcastle United
2016,FA Cup,2017-01-28,Lincoln City,Brighton
2016,FA Cup,2017-01-28,Chelsea,Brentford
2016,FA Cup,2017-01-28,Rochdale,Huddersfield
2016,FA Cup,2017-01-28,Burnley,Bristol City
2016,FA Cup,2017-01-28,Blackburn Rovers,Blackpool
2016,FA Cup,2017-01-28,Middlesbrough,Accrington Stanley
2016,FA Cup,2017-01-28,Crystal Palace,Manchester City
2016,FA Cup,2017-01-28,Southampton,Arsenal
2016,FA Cup,2017-01-29,Millwall,Watford
2016,FA Cup,2017-01-29,Fulham,Hull
2016,FA Cup,2017-01-29,Sutton United,Leeds
2016,FA Cup,2017-01-29,Manchester United,Wigan Athletic
2016,FA Cup,2017-02-18,Burnley,Lincoln City
2016,FA Cup,2017-02-18,Middlesbrough,Oxford United
2016,FA Cup,2017-02-18,Huddersfield,Manchester City
2016,FA Cup,2017-03-01,Manchester City,Huddersfield
2016,FA Cup,2017-02-18,Millwall,Leicester
2016,FA Cup,2017-02-18,Wolverhampton Wanderers,Chelsea
2016,FA Cup,2017-02-19,Fulham,Tottenham
2016,FA Cup,2017-02-19,Blackburn Rovers,Manchester United
2016,FA Cup,2017-02-20,Sutton United,Arsenal
2016,FA Cup,2017-03-11,Middlesbrough,Manchester City
2016,FA Cup,2017-03-11,Arsenal,Lincoln City
2016,FA Cup,2017-03-12,Tottenham,Millwall
2016,FA Cup,2017-03-13,Chelsea,Manchester United
2016,FA Cup,2017-04-22,Chelsea,Tottenham
2016,FA Cup,2017-04-23,Arsenal,Manchester City
2016,EFL Cup,2016-08-09,Accrington Stanley,Bradford City
2016,EFL Cup,2016-08-09,Barnsley,Northampton Town
2016,EFL Cup,2016-08-09,Blackpool,Bolton Wanderers
2016,EFL Cup,2016-08-09,Cambridge United,Sheffield Wednesday
2016,EFL Cup,2016-08-09,Carlisle United,Port Vale
2016,EFL Cup,2016-08-09,Derby County,Grimsby Town
2016,EFL Cup,2016-08-09,Doncaster Rovers,Nottingham Forest
2016,EFL Cup,2016-08-09,Mansfield Town,Blackburn Rovers
2016,EFL Cup,2016-08-09,Oldham Athletic,Wigan Athletic
2016,EFL Cup,2016-08-09,Preston North End,Hartlepool United
2016,EFL Cup,2016-08-09,Rochdale,Chesterfield
2016,EFL Cup,2016-08-09,Rotherham United,Morecambe
2016,EFL Cup,2016-08-09,Scunthorpe United,Notts County
2016,EFL Cup,2016-08-09,Sheffield United,Crewe Alexandra
2016,EFL Cup,2016-08-09,Shrewsbury Town,Huddersfield
2016,EFL Cup,2016-08-10,Burton Albion,Bury
2016,EFL Cup,2016-08-10,Fleetwood Town,Leeds
2016,EFL Cup,2016-08-09,Birmingham City,Oxford United
2016,EFL Cup,2016-08-09,Brighton,Colchester United
2016,EFL Cup,2016-08-09,Cheltenham Town,Charlton Athletic
2016,EFL Cup,2016-08-09,Coventry,Portsmouth
2016,EFL Cup,2016-08-09,Exeter City,Brentford
2016,EFL Cup,2016-08-09,Ipswich,Stevenage
2016,EFL Cup,2016-08-09,Leyton Orient,Fulham
2016,EFL Cup,2016-08-09,Newport County,Milton Keynes Dons
2016,EFL Cup,2016-08-09,Peterborough United,AFC Wimbledon
2016,EFL Cup,2016-08-09,Southend United,Gillingham
2016,EFL Cup,2016-08-09,Walsall,Yeovil Town
2016,EFL Cup,2016-08-09,Wolverhampton Wanderers,Crawley Town
2016,EFL Cup,2016-08-09,Wycombe Wanderers,Bristol City
2016,EFL Cup,2016-08-09,Barnet,Millwall
2016,EFL Cup,2016-08-09,Reading,Plymouth Argyle
2016,EFL Cup,2016-08-10,Luton,Aston Villa
2016,EFL Cup,2016-08-10,Queens Park Rangers,Swindon Town
2016,EFL Cup,2016-08-11,Bristol Rovers,Cardiff
2016,EFL Cup,2016-08-23,Crystal Palace,Blackpool
2016,EFL Cup,2016-08-23,Blackburn Rovers,Crewe Alexandra
2016,EFL Cup,2016-08-23,Burton Albion,Liverpool
2016,EFL Cup,2016-08-23,Chelsea,Bristol Rovers
2016,EFL Cup,2016-08-23,Derby County,Carlisle United
2016,EFL Cup,2016-08-23,Everton,Yeovil Town
2016,EFL Cup,2016-08-23,Exeter City,Hull
2016,EFL Cup,2016-08-23,Luton,Leeds
2016,EFL Cup,2016-08-23,Millwall,Nottingham Forest
2016,EFL Cup,2016-08-23,Newcastle United,Cheltenham Town
2016,EFL Cup,2016-08-23,Northampton Town,West Bromwich Albion
2016,EFL Cup,2016-08-23,Norwich,Coventry
2016,EFL Cup,2016-08-23,Oxford United,Brighton
2016,EFL Cup,2016-08-23,Peterborough United,Swansea
2016,EFL Cup,2016-08-23,Preston North End,Oldham Athletic
2016,EFL Cup,2016-08-23,Queens Park Rangers,Rochdale
2016,EFL Cup,2016-08-23,Scunthorpe United,Bristol City
2016,EFL Cup,2016-08-23,Stevenage,Stoke
2016,EFL Cup,2016-08-23,Watford,Gillingham
2016,EFL Cup,2016-08-23,Wolverhampton Wanderers,Cambridge United
2016,EFL Cup,2016-08-23,Reading,Milton Keynes Dons
2016,EFL Cup,2016-08-24,Accrington Stanley,Burnley
2016,EFL Cup,2016-08-24,Fulham,Middlesbrough
2016,EFL Cup,2016-08-24,Morecambe,Bournemouth
2016,EFL Cup,2016-08-24,Sunderland,Shrewsbury Town
2016,EFL Cup,2016-09-20,Bournemouth,Preston North End
2016,EFL Cup,2016-09-20,Brighton,Reading
2016,EFL Cup,2016-09-20,Derby County,Liverpool
2016,EFL Cup,2016-09-20,Everton,Norwich
2016,EFL Cup,2016-09-20,Leeds,Blackburn Rovers
2016,EFL Cup,2016-09-20,Leicester,Chelsea
2016,EFL Cup,2016-09-20,Newcastle United,Wolverhampton Wanderers
2016,EFL Cup,2016-09-20,Nottingham Forest,Arsenal
2016,EFL Cup,2016-09-21,Fulham,Bristol City
2016,EFL Cup,2016-09-21,Northampton Town,Manchester United
2016,EFL Cup,2016-09-21,Queens Park Rangers,Sunderland
2016,EFL Cup,2016-09-21,Southampton,Crystal Palace
2016,EFL Cup,2016-09-21,Swansea,Manchester City
2016,EFL Cup,2016-09-21,West Ham,Accrington Stanley
2016,EFL Cup,2016-09-21,Stoke,Hull
2016,EFL Cup,2016-09-21,Tottenham,Gillingham
2016,EFL Cup,2016-10-25,Arsenal,Reading
2016,EFL Cup,2016-10-25,Bristol City,Hull
2016,EFL Cup,2016-10-25,Leeds,Norwich
2016,EFL Cup,2016-10-25,Liverpool,Tottenham
2016,EFL Cup,2016-10-25,Newcastle United,Preston North End
2016,EFL Cup,2016-10-26,Southampton,Sunderland
2016,EFL Cup,2016-10-26,West Ham,Chelsea
2016,EFL Cup,2016-10-26,Manchester United,Manchester City
2016,EFL Cup,2016-11-29,Hull,Newcastle United
2016,EFL Cup,2016-11-29,Liverpool,Leeds
2016,EFL Cup,2016-11-30,Arsenal,Southampton
2016,EFL Cup,2016-11-30,Manchester United,West Ham
2016,EFL Cup,2017-01-10,Manchester United,Hull
2016,EFL Cup,2017-01-11,Southampton,Liverpool
2016,EFL Cup,2017-01-25,Liverpool,Southampton
2016,EFL Cup,2017-01-26,Hull,Manchester United
2017,FA Cup,2017-11-03,Port Vale,Oxford United
2017,FA Cup,2017-11-03,Notts County,Bristol Rovers
2017,FA Cup,2017-11-03,Hyde United,Milton Keynes Dons
2017,FA Cup,2017-11-04,Shaw Lane,Mansfield Town
2017,FA Cup,2017-11-04,Stevenage,Nantwich Town
2017,FA Cup,2017-11-04,Bradford City,Chesterfield
2017,FA Cup,2017-11-04,Morecambe,Hartlepool United
2017,FA Cup,2017-11-04,Yeovil Town,Southend United
2017,FA Cup,2017-11-04,Peterborough United,Tranmere Rovers
2017,FA Cup,2017-11-15,Tranmere Rovers,Peterborough United
2017,FA Cup,2017-11-04,Forest Green Rovers,Macclesfield Town
2017,FA Cup,2017-11-04,AFC Fylde,Kidderminster Harriers
2017,FA Cup,2017-11-04,Luton,Portsmouth
2017,FA Cup,2017-11-04,Shrewsbury Town,Aldershot Town
2017,FA Cup,2017-11-04,Hereford,AFC Telford United
2017,FA Cup,2017-11-04,Blackburn Rovers,Barnet
2017,FA Cup,2017-11-04,Ebbsfleet United,Doncaster Rovers
2017,FA Cup,2017-11-04,Boreham Wood,Blackpool
2017,FA Cup,2017-11-04,Colchester United,Oxford City
2017,FA Cup,2017-11-04,Plymouth Argyle,Grimsby Town
2017,FA Cup,2017-11-04,AFC Wimbledon,Lincoln City
2017,FA Cup,2017-11-04,Rochdale,Bromley
2017,FA Cup,2017-11-04,Carlisle United,Oldham Athletic
2017,FA Cup,2017-11-04,Cheltenham Town,Maidstone United
2017,FA Cup,2017-11-04,Crewe Alexandra,Rotherham United
2017,FA Cup,2017-11-04,Gillingham,Leyton Orient
2017,FA Cup,2017-11-04,Gainsborough Trinity,Slough Town
2017,FA Cup,2017-11-04,Northampton Town,Scunthorpe United
2017,FA Cup,2017-11-14,Scunthorpe United,Northampton Town
2017,FA Cup,2017-11-04,Wigan Athletic,Crawley Town
2017,FA Cup,2017-11-04,Gateshead,Chelmsford City
2017,FA Cup,2017-11-04,Newport County,Walsall
2017,FA Cup,2017-11-05,Cambridge United,Sutton United
2017,FA Cup,2017-11-05,Guiseley,Accrington Stanley
2017,FA Cup,2017-11-14,Accrington Stanley,Guiseley
2017,FA Cup,2017-11-05,Leatherhead,Billericay Town
2017,FA Cup,2017-11-16,Billericay Town,Leatherhead
2017,FA Cup,2017-11-05,Coventry,Maidenhead United
2017,FA Cup,2017-11-05,Dartford,Swindon Town
2017,FA Cup,2017-11-05,Woking,Bury
2017,FA Cup,2017-11-14,Bury,Woking
2017,FA Cup,2017-11-05,Solihull Moors,Wycombe Wanderers
2017,FA Cup,2017-11-05,Charlton Athletic,Truro City
2017,FA Cup,2017-11-05,Exeter City,Heybridge Swifts
2017,FA Cup,2017-11-06,Chorley,Fleetwood Town
2017,FA Cup,2017-12-01,AFC Fylde,Wigan Athletic
2017,FA Cup,2017-12-12,Wigan Athletic,AFC Fylde
2017,FA Cup,2017-12-02,Notts County,Oxford City
2017,FA Cup,2017-12-02,Milton Keynes Dons,Maidstone United
2017,FA Cup,2017-12-02,Port Vale,Yeovil Town
2017,FA Cup,2017-12-12,Yeovil Town,Port Vale
2017,FA Cup,2017-12-02,Shrewsbury Town,Morecambe
2017,FA Cup,2017-12-02,Stevenage,Swindon Town
2017,FA Cup,2017-12-02,Bradford City,Plymouth Argyle
2017,FA Cup,2017-12-02,Gillingham,Carlisle United
2017,FA Cup,2017-12-19,Carlisle United,Gillingham
2017,FA Cup,2017-12-02,Forest Green Rovers,Exeter City
2017,FA Cup,2017-12-12,Exeter City,Forest Green Rovers
2017,FA Cup,2017-12-02,Fleetwood Town,Hereford
2017,FA Cup,2017-12-14,Hereford,Fleetwood Town
2017,FA Cup,2017-12-03,Woking,Peterborough United
2017,FA Cup,2017-12-12,Peterborough United,Woking
2017,FA Cup,2017-12-03,Newport County,Cambridge United
2017,FA Cup,2017-12-03,Wycombe Wanderers,Leatherhead
2017,FA Cup,2017-12-03,Doncaster Rovers,Scunthorpe United
2017,FA Cup,2017-12-03,AFC Wimbledon,Charlton Athletic
2017,FA Cup,2017-12-03,Mansfield Town,Guiseley
2017,FA Cup,2017-12-03,Gateshead,Luton
2017,FA Cup,2017-12-03,Blackburn Rovers,Crewe Alexandra
2017,FA Cup,2017-12-13,Crewe Alexandra,Blackburn Rovers
2017,FA Cup,2017-12-03,Coventry,Boreham Wood
2017,FA Cup,2017-12-04,Slough Town,Rochdale
2017,FA Cup,2018-01-05,Liverpool,Everton
2017,FA Cup,2018-01-05,Manchester United,Derby County
2017,FA Cup,2018-01-06,Fleetwood Town,Leicester
2017,FA Cup,2018-01-16,Leicester,Fleetwood Town
2017,FA Cup,2018-01-06,Middlesbrough,Sunderland
2017,FA Cup,2018-01-06,Ipswich,Sheffield United
2017,FA Cup,2018-01-06,Watford,Bristol City
2017,FA Cup,2018-01-06,Birmingham City,Burton Albion
2017,FA Cup,2018-01-06,Aston Villa,Peterborough United
2017,FA Cup,2018-01-06,Bournemouth,Wigan Athletic
2017,FA Cup,2018-01-17,Wigan Athletic,Bournemouth
2017,FA Cup,2018-01-06,Coventry,Stoke
2017,FA Cup,2018-01-06,Bolton Wanderers,Huddersfield
2017,FA Cup,2018-01-06,Yeovil Town,Bradford City
2017,FA Cup,2018-01-06,Brentford,Notts County
2017,FA Cup,2018-01-06,Queens Park Rangers,Milton Keynes Dons
2017,FA Cup,2018-01-06,Exeter City,West Bromwich Albion
2017,FA Cup,2018-01-06,Doncaster Rovers,Rochdale
2017,FA Cup,2018-01-06,Blackburn Rovers,Hull
2017,FA Cup,2018-01-06,Cardiff,Mansfield Town
2017,FA Cup,2018-01-16,Mansfield Town,Cardiff
2017,FA Cup,2018-01-06,Manchester City,Burnley
2017,FA Cup,2018-01-06,Wolverhampton Wanderers,Swansea
2017,FA Cup,2018-01-17,Swansea,Wolverhampton Wanderers
2017,FA Cup,2018-01-06,Stevenage,Reading
2017,FA Cup,2018-01-16,Reading,Stevenage
2017,FA Cup,2018-01-06,Newcastle United,Luton
2017,FA Cup,2018-01-06,Millwall,Barnsley
2017,FA Cup,2018-01-06,Fulham,Southampton
2017,FA Cup,2018-01-06,Wycombe Wanderers,Preston North End
2017,FA Cup,2018-01-06,Carlisle United,Sheffield Wednesday
2017,FA Cup,2018-01-16,Sheffield Wednesday,Carlisle United
2017,FA Cup,2018-01-06,Norwich,Chelsea
2017,FA Cup,2018-01-17,Chelsea,Norwich
2017,FA Cup,2018-01-07,Newport County,Leeds
2017,FA Cup,2018-01-07,Shrewsbury Town,West Ham
2017,FA Cup,2018-01-16,West Ham,Shrewsbury Town
2017,FA Cup,2018-01-07,Tottenham,AFC Wimbledon
2017,FA Cup,2018-01-07,Nottingham Forest,Arsenal
2017,FA Cup,2018-01-08,Brighton,Crystal Palace
2017,FA Cup,2018-01-26,Sheffield Wednesday,Reading
2017,FA Cup,2018-01-26,Yeovil Town,Manchester United
2017,FA Cup,2018-01-27,Peterborough United,Leicester
2017,FA Cup,2018-01-27,Huddersfield,Birmingham City
2017,FA Cup,2018-02-06,Birmingham City,Huddersfield
2017,FA Cup,2018-01-27,Notts County,Swansea
2017,FA Cup,2018-02-06,Swansea,Notts County
2017,FA Cup,2018-01-27,Milton Keynes Dons,Coventry
2017,FA Cup,2018-01-27,Millwall,Rochdale
2017,FA Cup,2018-02-06,Rochdale,Millwall
2017,FA Cup,2018-01-27,Southampton,Watford
2017,FA Cup,2018-01-27,Middlesbrough,Brighton
2017,FA Cup,2018-01-27,Wigan Athletic,West Ham
2017,FA Cup,2018-01-27,Hull,Nottingham Forest
2017,FA Cup,2018-01-27,Sheffield United,Preston North End
2017,FA Cup,2018-01-27,Newport County,Tottenham
2017,FA Cup,2018-02-07,Tottenham,Newport County
2017,FA Cup,2018-01-27,Liverpool,West Bromwich Albion
2017,FA Cup,2018-01-28,Chelsea,Newcastle United
2017,FA Cup,2018-01-28,Cardiff,Manchester City
2017,FA Cup,2018-02-16,Leicester,Sheffield United
2017,FA Cup,2018-02-16,Chelsea,Hull
2017,FA Cup,2018-02-17,Sheffield Wednesday,Swansea
2017,FA Cup,2018-02-27,Swansea,Sheffield Wednesday
2017,FA Cup,2018-02-17,West Bromwich Albion,Southampton
2017,FA Cup,2018-02-17,Brighton,Coventry
2017,FA Cup,2018-02-17,Huddersfield,Manchester United
2017,FA Cup,2018-02-18,Rochdale,Tottenham
2017,FA Cup,2018-02-28,Tottenham,Rochdale
2017,FA Cup,2018-02-19,Wigan Athletic,Manchester City
2017,FA Cup,2018-03-17,Swansea,Tottenham
2017,FA Cup,2018-03-17,Manchester United,Brighton
2017,FA Cup,2018-03-18,Wigan Athletic,Southampton
2017,FA Cup,2018-03-18,Leicester,Chelsea
2017,FA Cup,2018-04-21,Manchester United,Tottenham
2017,FA Cup,2018-04-22,Chelsea,Southampton
2017,EFL Cup,2017-08-08,Accrington Stanley,Preston North End
2017,EFL Cup,2017-08-08,Barnsley,Morecambe
2017,EFL Cup,2017-08-08,Bradford City,Doncaster Rovers
2017,EFL Cup,2017-08-08,Coventry,Blackburn Rovers
2017,EFL Cup,2017-08-08,Fleetwood Town,Carlisle United
2017,EFL Cup,2017-08-08,Mansfield Town,Rochdale
2017,EFL Cup,2017-08-08,Nottingham Forest,Shrewsbury Town
2017,EFL Cup,2017-08-08,Rotherham United,Lincoln City
2017,EFL Cup,2017-08-08,Scunthorpe United,Notts County
2017,EFL Cup,2017-08-08,Sheffield Wednesday,Chesterfield
2017,EFL Cup,2017-08-08,Wigan Athletic,Blackpool
2017,EFL Cup,2017-08-09,Crewe Alexandra,Bolton Wanderers
2017,EFL Cup,2017-08-09,Leeds,Port Vale
2017,EFL Cup,2017-08-09,Oldham Athletic,Burton Albion
2017,EFL Cup,2017-08-09,Sheffield United,Walsall
2017,EFL Cup,2017-08-10,Bury,Sunderland
2017,EFL Cup,2017-08-22,Grimsby Town,Derby County
2017,EFL Cup,2017-08-08,AFC Wimbledon,Brentford
2017,EFL Cup,2017-08-08,Birmingham City,Crawley Town
2017,EFL Cup,2017-08-08,Bristol City,Plymouth Argyle
2017,EFL Cup,2017-08-08,Bristol Rovers,Cambridge United
2017,EFL Cup,2017-08-08,Cardiff,Portsmouth
2017,EFL Cup,2017-08-08,Exeter City,Charlton Athletic
2017,EFL Cup,2017-08-08,Forest Green Rovers,Milton Keynes Dons
2017,EFL Cup,2017-08-08,Luton,Ipswich
2017,EFL Cup,2017-08-08,Millwall,Stevenage
2017,EFL Cup,2017-08-08,Norwich,Swindon Town
2017,EFL Cup,2017-08-08,Oxford United,Cheltenham Town
2017,EFL Cup,2017-08-08,Peterborough United,Barnet
2017,EFL Cup,2017-08-08,Queens Park Rangers,Northampton Town
2017,EFL Cup,2017-08-08,Southend United,Newport County
2017,EFL Cup,2017-08-08,Wolverhampton Wanderers,Yeovil Town
2017,EFL Cup,2017-08-08,Wycombe Wanderers,Fulham
2017,EFL Cup,2017-08-08,Reading,Gillingham
2017,EFL Cup,2017-08-09,Colchester United,Aston Villa
2017,EFL Cup,2017-08-22,Accrington Stanley,West Bromwich Albion
2017,EFL Cup,2017-08-22,Aston Villa,Wigan Athletic
2017,EFL Cup,2017-08-22,Bolton Wanderers,Sheffield Wednesday
2017,EFL Cup,2017-08-22,Carlisle United,Sunderland
2017,EFL Cup,2017-08-22,Doncaster Rovers,Hull
2017,EFL Cup,2017-08-22,Leeds,Newport County
2017,EFL Cup,2017-08-22,Middlesbrough,Scunthorpe United
2017,EFL Cup,2017-08-22,Sheffield United,Leicester
2017,EFL Cup,2017-08-23,Blackburn Rovers,Burnley
2017,EFL Cup,2017-08-23,Huddersfield,Rotherham United
2017,EFL Cup,2017-08-23,Newcastle United,Nottingham Forest
2017,EFL Cup,2017-08-23,Stoke,Rochdale
2017,EFL Cup,2017-09-12,Barnsley,Derby County
2017,EFL Cup,2017-08-22,Birmingham,Bournemouth
2017,EFL Cup,2017-08-22,Brighton,Barnet
2017,EFL Cup,2017-08-22,Cardiff,Burton Albion
2017,EFL Cup,2017-08-22,Crystal Palace,Ipswich
2017,EFL Cup,2017-08-22,Fulham,Bristol Rovers
2017,EFL Cup,2017-08-22,Milton Keynes Dons,Swansea
2017,EFL Cup,2017-08-22,Norwich,Charlton Athletic
2017,EFL Cup,2017-08-22,Queens Park Rangers,Brentford
2017,EFL Cup,2017-08-22,Reading,Millwall
2017,EFL Cup,2017-08-22,Watford,Bristol City
2017,EFL Cup,2017-08-23,Cheltenham Town,West Ham
2017,EFL Cup,2017-08-23,Southampton,Wolverhampton Wanderers
2017,EFL Cup,2017-09-19,Aston Villa,Middlesbrough
2017,EFL Cup,2017-09-19,Bournemouth,Brighton
2017,EFL Cup,2017-09-19,Brentford,Norwich
2017,EFL Cup,2017-09-19,Bristol City,Stoke
2017,EFL Cup,2017-09-19,Burnley,Leeds
2017,EFL Cup,2017-09-19,Crystal Palace,Huddersfield
2017,EFL Cup,2017-09-19,Leicester,Liverpool
2017,EFL Cup,2017-09-19,Reading,Swansea
2017,EFL Cup,2017-09-19,Tottenham,Barnsley
2017,EFL Cup,2017-09-19,West Ham,Bolton Wanderers
2017,EFL Cup,2017-09-19,Wolverhampton Wanderers,Bristol Rovers
2017,EFL Cup,2017-09-20,Arsenal,Doncaster Rovers
2017,EFL Cup,2017-09-20,Chelsea,Nottingham Forest
2017,EFL Cup,2017-09-20,Everton,Sunderland
2017,EFL Cup,2017-09-20,Manchester United,Burton Albion
2017,EFL Cup,2017-09-20,West Bromwich Albion,Manchester City
2017,EFL Cup,2017-10-24,Arsenal,Norwich
2017,EFL Cup,2017-10-24,Bournemouth,Middlesbrough
2017,EFL Cup,2017-10-24,Bristol City,Crystal Palace
2017,EFL Cup,2017-10-24,Leicester,Leeds
2017,EFL Cup,2017-10-24,Manchester City,Wolverhampton Wanderers
2017,EFL Cup,2017-10-24,Swansea,Manchester United
2017,EFL Cup,2017-10-25,Chelsea,Everton
2017,EFL Cup,2017-10-25,Tottenham,West Ham
2017,EFL Cup,2017-12-19,Arsenal,West Ham
2017,EFL Cup,2017-12-19,Leicester,Manchester City
2017,EFL Cup,2017-12-20,Bristol City,Manchester United
2017,EFL Cup,2017-12-20,Chelsea,Bournemouth
2017,EFL Cup,2018-01-09,Manchester City,Bristol City
2017,EFL Cup,2018-01-10,Chelsea,Arsenal
2017,EFL Cup,2018-01-23,Bristol City,Manchester City
2017,EFL Cup,2018-01-24,Arsenal,Chelsea
2018,FA Cup,2018-11-09,Haringey Borough,AFC Wimbledon
2018,FA Cup,2018-11-10,Maidenhead United,Portsmouth
2018,FA Cup,2018-11-10,Maidstone United,Macclesfield Town
2018,FA Cup,2018-11-10,Ebbsfleet United,Cheltenham Town
2018,FA Cup,2018-11-20,Cheltenham Town,Ebbsfleet United
2018,FA Cup,2018-11-10,Swindon Town,York City
2018,FA Cup,2018-11-10,Torquay United,Woking
2018,FA Cup,2018-11-10,Scunthorpe United,Burton Albion
2018,FA Cup,2018-11-10,Aldershot Town,Bradford City
2018,FA Cup,2018-11-20,Bradford City,Aldershot Town
2018,FA Cup,2018-11-10,Grimsby Town,Milton Keynes Dons
2018,FA Cup,2018-11-10,Bromley,Peterborough United
2018,FA Cup,2018-11-10,Southport,Boreham Wood
2018,FA Cup,2018-11-10,Plymouth Argyle,Stevenage
2018,FA Cup,2018-11-10,Chesterfield,Billericay Town
2018,FA Cup,2018-11-20,Billericay Town,Chesterfield
2018,FA Cup,2018-11-10,Lincoln City,Northampton Town
2018,FA Cup,2018-11-10,Yeovil Town,Stockport County
2018,FA Cup,2018-11-10,Bury,Dover Athletic
2018,FA Cup,2018-11-10,Gillingham,Hartlepool United
2018,FA Cup,2018-11-21,Hartlepool United,Gillingham
2018,FA Cup,2018-11-10,Oxford United,Forest Green Rovers
2018,FA Cup,2018-11-20,Forest Green Rovers,Oxford United
2018,FA Cup,2018-11-10,Tranmere Rovers,Oxford City
2018,FA Cup,2018-11-20,Oxford City,Tranmere Rovers
2018,FA Cup,2018-11-10,Accrington Stanley,Colchester United
2018,FA Cup,2018-11-10,Barnsley,Notts County
2018,FA Cup,2018-11-10,Metropolitan Police,Newport County
2018,FA Cup,2018-11-10,Walsall,Coventry
2018,FA Cup,2018-11-10,Rochdale,Gateshead
2018,FA Cup,2018-11-10,Sutton United,Slough Town
2018,FA Cup,2018-11-20,Slough Town,Sutton United
2018,FA Cup,2018-11-10,Exeter City,Blackpool
2018,FA Cup,2018-11-10,Luton,Wycombe Wanderers
2018,FA Cup,2018-11-10,Morecambe,FC Halifax Town
2018,FA Cup,2018-11-20,FC Halifax Town,Morecambe
2018,FA Cup,2018-11-10,Crewe Alexandra,Carlisle United
2018,FA Cup,2018-11-10,Southend United,Crawley Town
2018,FA Cup,2018-11-20,Crawley Town,Southend United
2018,FA Cup,2018-11-11,Mansfield Town,Charlton Athletic
2018,FA Cup,2018-11-20,Charlton Athletic,Mansfield Town
2018,FA Cup,2018-11-11,Chorley,Doncaster Rovers
2018,FA Cup,2018-11-20,Doncaster Rovers,Chorley
2018,FA Cup,2018-11-11,Alfreton Town,Fleetwood Town
2018,FA Cup,2018-11-11,Barnet,Bristol Rovers
2018,FA Cup,2018-11-21,Bristol Rovers,Barnet
2018,FA Cup,2018-11-11,Shrewsbury Town,Salford City
2018,FA Cup,2018-11-21,Salford City,Shrewsbury Town
2018,FA Cup,2018-11-11,Hitchin Town,Solihull Moors
2018,FA Cup,2018-11-11,Guiseley,Cambridge United
2018,FA Cup,2018-11-11,Weston-super-Mare,Wrexham
2018,FA Cup,2018-11-11,Port Vale,Sunderland
2018,FA Cup,2018-11-12,Hampton & Richmond Borough,Oldham Athletic
2018,FA Cup,2018-11-30,Solihull Moors,Blackpool
2018,FA Cup,2018-12-18,Blackpool,Solihull Moors
2018,FA Cup,2018-12-01,FC Halifax Town,AFC Wimbledon
2018,FA Cup,2018-12-01,Southend United,Barnsley
2018,FA Cup,2018-12-01,Peterborough United,Bradford City
2018,FA Cup,2018-12-11,Bradford City,Peterborough United
2018,FA Cup,2018-12-01,Maidstone United,Oldham Athletic
2018,FA Cup,2018-12-01,Lincoln City,Carlisle United
2018,FA Cup,2018-12-01,Plymouth Argyle,Oxford United
2018,FA Cup,2018-12-01,Walsall,Sunderland
2018,FA Cup,2018-12-11,Sunderland,Walsall
2018,FA Cup,2018-12-01,Accrington Stanley,Cheltenham Town
2018,FA Cup,2018-12-01,Charlton Athletic,Doncaster Rovers
2018,FA Cup,2018-12-01,Wrexham,Newport County
2018,FA Cup,2018-12-11,Newport County,Wrexham
2018,FA Cup,2018-12-02,Bury,Luton
2018,FA Cup,2018-12-02,Tranmere Rovers,Southport
2018,FA Cup,2018-12-17,Southport,Tranmere Rovers
2018,FA Cup,2018-12-02,Shrewsbury Town,Scunthorpe United
2018,FA Cup,2018-12-02,Chesterfield,Grimsby Town
2018,FA Cup,2018-12-02,Swindon Town,Woking
2018,FA Cup,2018-12-02,Barnet,Stockport County
2018,FA Cup,2018-12-02,Rochdale,Portsmouth
2018,FA Cup,2018-12-02,Slough Town,Gillingham
2018,FA Cup,2018-12-03,Guiseley,Fleetwood Town
2018,FA Cup,2019-01-04,Tranmere Rovers,Tottenham
2018,FA Cup,2019-01-05,Sheffield Wednesday,Luton
2018,FA Cup,2019-01-15,Luton,Sheffield Wednesday
2018,FA Cup,2019-01-05,Manchester United,Reading
2018,FA Cup,2019-01-05,Shrewsbury Town,Stoke
2018,FA Cup,2019-01-15,Stoke,Shrewsbury Town
2018,FA Cup,2019-01-05,Bournemouth,Brighton
2018,FA Cup,2019-01-05,West Ham,Birmingham City
2018,FA Cup,2019-01-05,Burnley,Barnsley
2018,FA Cup,2019-01-05,West Bromwich Albion,Wigan Athletic
2018,FA Cup,2019-01-05,Bolton Wanderers,Walsall
2018,FA Cup,2019-01-05,Gillingham,Cardiff
2018,FA Cup,2019-01-05,Brentford,Oxford United
2018,FA Cup,2019-01-05,Everton,Lincoln City
2018,FA Cup,2019-01-05,Chelsea,Nottingham Forest
2018,FA Cup,2019-01-05,Derby County,Southampton
2018,FA Cup,2019-01-16,Southampton,Derby County
2018,FA Cup,2019-01-05,Accrington Stanley,Ipswich
2018,FA Cup,2019-01-05,Fleetwood Town,AFC Wimbledon
2018,FA Cup,2019-01-05,Middlesbrough,Peterborough United
2018,FA Cup,2019-01-05,Aston Villa,Swansea
2018,FA Cup,2019-01-05,Newcastle United,Blackburn Rovers
2018,FA Cup,2019-01-15,Blackburn Rovers,Newcastle United
2018,FA Cup,2019-01-05,Crystal Palace,Grimsby Town
2018,FA Cup,2019-01-05,Bristol City,Huddersfield
2018,FA Cup,2019-01-05,Blackpool,Arsenal
2018,FA Cup,2019-01-05,Norwich,Portsmouth
2018,FA Cup,2019-01-06,Millwall,Hull
2018,FA Cup,2019-01-06,Preston North End,Doncaster Rovers
2018,FA Cup,2019-01-06,Fulham,Oldham Athletic
2018,FA Cup,2019-01-06,Manchester City,Rotherham United
2018,FA Cup,2019-01-06,Woking,Watford
2018,FA Cup,2019-01-06,Queens Park Rangers,Leeds
2018,FA Cup,2019-01-06,Sheffield United,Barnet
2018,FA Cup,2019-01-06,Newport County,Leicester
2018,FA Cup,2019-01-07,Wolverhampton Wanderers,Liverpool
2018,FA Cup,2019-01-25,Bristol City,Bolton Wanderers
2018,FA Cup,2019-01-25,Arsenal,Manchester United
2018,FA Cup,2019-01-26,Accrington Stanley,Derby County
2018,FA Cup,2019-01-26,Manchester City,Burnley
2018,FA Cup,2019-01-26,Newcastle United,Watford
2018,FA Cup,2019-01-26,Brighton,West Bromwich Albion
2018,FA Cup,2019-02-06,West Bromwich Albion,Brighton
2018,FA Cup,2019-01-26,Swansea,Gillingham
2018,FA Cup,2019-01-26,Middlesbrough,Newport County
2018,FA Cup,2019-02-05,Newport County,Middlesbrough
2018,FA Cup,2019-01-26,Shrewsbury Town,Wolverhampton Wanderers
2018,FA Cup,2019-02-05,Wolverhampton Wanderers,Shrewsbury Town
2018,FA Cup,2019-01-26,Portsmouth,Queens Park Rangers
2018,FA Cup,2019-02-05,Queens Park Rangers,Portsmouth
2018,FA Cup,2019-01-26,Doncaster Rovers,Oldham Athletic
2018,FA Cup,2019-01-26,Millwall,Everton
2018,FA Cup,2019-01-26,AFC Wimbledon,West Ham
2018,FA Cup,2019-01-27,Crystal Palace,Tottenham
2018,FA Cup,2019-01-27,Chelsea,Sheffield Wednesday
2018,FA Cup,2019-01-28,Barnet,Brentford
2018,FA Cup,2019-02-05,Brentford,Barnet
2018,FA Cup,2019-02-15,Queens Park Rangers,Watford
2018,FA Cup,2019-02-16,Brighton,Derby County
2018,FA Cup,2019-02-16,AFC Wimbledon,Millwall
2018,FA Cup,2019-02-16,Newport County,Manchester City
2018,FA Cup,2019-02-17,Bristol City,Wolverhampton Wanderers
2018,FA Cup,2019-02-17,Doncaster Rovers,Crystal Palace
2018,FA Cup,2019-02-17,Swansea,Brentford
2018,FA Cup,2019-02-18,Chelsea,Manchester United
2018,FA Cup,2019-03-16,Watford,Crystal Palace
2018,FA Cup,2019-03-16,Swansea,Manchester City
2018,FA Cup,2019-03-16,Wolverhampton Wanderers,Manchester United
2018,FA Cup,2019-03-17,Millwall,Brighton
2018,FA Cup,2019-04-06,Manchester City,Brighton
2018,FA Cup,2019-04-07,Watford,Wolverhampton Wanderers
2018,EFL Cup,2018-08-14,Blackpool,Barnsley
2018,EFL Cup,2018-08-14,Carlisle United,Blackburn Rovers
2018,EFL Cup,2018-08-14,Crewe Alexandra,Fleetwood Town
2018,EFL Cup,2018-08-14,Grimsby Town,Rochdale
2018,EFL Cup,2018-08-14,Leeds,Bolton Wanderers
2018,EFL Cup,2018-08-14,Macclesfield Town,Bradford City
2018,EFL Cup,2018-08-14,Mansfield Town,Accrington Stanley
2018,EFL Cup,2018-08-14,Middlesbrough,Notts County
2018,EFL Cup,2018-08-14,Nottingham Forest,Bury
2018,EFL Cup,2018-08-14,Oldham Athletic,Derby County
2018,EFL Cup,2018-08-14,Port Vale,Lincoln City
2018,EFL Cup,2018-08-14,Preston North End,Morecambe
2018,EFL Cup,2018-08-14,Rotherham United,Wigan Athletic
2018,EFL Cup,2018-08-14,Scunthorpe United,Doncaster Rovers
2018,EFL Cup,2018-08-14,Sheffield United,Hull
2018,EFL Cup,2018-08-14,Shrewsbury Town,Burton Albion
2018,EFL Cup,2018-08-14,Tranmere Rovers,Walsall
2018,EFL Cup,2018-08-16,Sunderland,Sheffield Wednesday
2018,EFL Cup,2018-08-14,Bristol City,Plymouth Argyle
2018,EFL Cup,2018-08-14,Bristol Rovers,Crawley Town
2018,EFL Cup,2018-08-14,Cambridge United,Newport County
2018,EFL Cup,2018-08-14,Cheltenham Town,Colchester United
2018,EFL Cup,2018-08-14,Exeter City,Ipswich
2018,EFL Cup,2018-08-14,Millwall,Gillingham
2018,EFL Cup,2018-08-14,Milton Keynes Dons,Charlton Athletic
2018,EFL Cup,2018-08-14,Norwich,Stevenage
2018,EFL Cup,2018-08-14,Oxford United,Coventry
2018,EFL Cup,2018-08-14,Portsmouth,AFC Wimbledon
2018,EFL Cup,2018-08-14,Queens Park Rangers,Peterborough United
2018,EFL Cup,2018-08-14,Reading,Birmingham City
2018,EFL Cup,2018-08-14,Southend United,Brentford
2018,EFL Cup,2018-08-14,Swindon Town,Forest Green Rovers
2018,EFL Cup,2018-08-14,West Bromwich Albion,Luton
2018,EFL Cup,2018-08-14,Wycombe Wanderers,Northampton Town
2018,EFL Cup,2018-08-14,Yeovil Town,Aston Villa
2018,EFL Cup,2018-08-28,Leicester,Fleetwood Town
2018,EFL Cup,2018-08-28,Leeds,Preston North End
2018,EFL Cup,2018-08-28,Sheffield Wednesday,Wolverhampton Wanderers
2018,EFL Cup,2018-08-28,Doncaster Rovers,Blackpool
2018,EFL Cup,2018-08-28,Burton Albion,Aston Villa
2018,EFL Cup,2018-08-28,Hull,Derby County
2018,EFL Cup,2018-08-28,Middlesbrough,Rochdale
2018,EFL Cup,2018-08-28,Blackburn Rovers,Lincoln City
2018,EFL Cup,2018-08-28,West Bromwich Albion,Mansfield Town
2018,EFL Cup,2018-08-28,Walsall,Macclesfield Town
2018,EFL Cup,2018-08-28,Stoke,Huddersfield
2018,EFL Cup,2018-08-29,Everton,Rotherham United
2018,EFL Cup,2018-08-29,Nottingham Forest,Newcastle United
2018,EFL Cup,2018-08-28,Brighton,Southampton
2018,EFL Cup,2018-08-28,Queens Park Rangers,Bristol Rovers
2018,EFL Cup,2018-08-28,AFC Wimbledon,West Ham
2018,EFL Cup,2018-08-28,Fulham,Exeter City
2018,EFL Cup,2018-08-28,Wycombe Wanderers,Forest Green Rovers
2018,EFL Cup,2018-08-28,Cardiff,Norwich
2018,EFL Cup,2018-08-28,Brentford,Cheltenham Town
2018,EFL Cup,2018-08-28,Swansea,Crystal Palace
2018,EFL Cup,2018-08-28,Newport County,Oxford United
2018,EFL Cup,2018-08-28,Bournemouth,Milton Keynes Dons
2018,EFL Cup,2018-08-29,Reading,Watford
2018,EFL Cup,2018-08-29,Millwall,Plymouth Argyle
2018,EFL Cup,2018-09-25,West Bromwich Albion,Crystal Palace
2018,EFL Cup,2018-09-25,Burton Albion,Burnley
2018,EFL Cup,2018-09-25,Wycombe Wanderers,Norwich
2018,EFL Cup,2018-09-25,Oxford United,Manchester City
2018,EFL Cup,2018-09-25,Millwall,Fulham
2018,EFL Cup,2018-09-25,Bournemouth,Blackburn Rovers
2018,EFL Cup,2018-09-25,Preston North End,Middlesbrough
2018,EFL Cup,2018-09-25,Wolverhampton Wanderers,Leicester
2018,EFL Cup,2018-09-25,Blackpool,Queens Park Rangers
2018,EFL Cup,2018-09-25,Manchester United,Derby County
2018,EFL Cup,2018-09-26,Nottingham Forest,Stoke
2018,EFL Cup,2018-09-26,Arsenal,Brentford
2018,EFL Cup,2018-09-26,Liverpool,Chelsea
2018,EFL Cup,2018-09-26,Tottenham,Watford
2018,EFL Cup,2018-09-26,West Ham,Macclesfield Town
2018,EFL Cup,2018-10-02,Everton,Southampton
2018,EFL Cup,2018-10-30,Bournemouth,Norwich
2018,EFL Cup,2018-10-30,Burton Albion,Nottingham Forest
2018,EFL Cup,2018-10-31,Arsenal,Blackpool
2018,EFL Cup,2018-10-31,Chelsea,Derby County
2018,EFL Cup,2018-10-31,West Ham,Tottenham
2018,EFL Cup,2018-10-31,Middlesbrough,Crystal Palace
2018,EFL Cup,2018-11-01,Manchester City,Fulham
2018,EFL Cup,2018-11-27,Leicester,Southampton
2018,EFL Cup,2018-12-18,Leicester,Manchester City
2018,EFL Cup,2018-12-18,Middlesbrough,Burton Albion
2018,EFL Cup,2018-12-19,Arsenal,Tottenham
2018,EFL Cup,2018-12-19,Chelsea,Bournemouth
2018,EFL Cup,2019-01-08,Tottenham,Chelsea
2018,EFL Cup,2019-01-09,Manchester City,Burton Albion
2018,EFL Cup,2019-01-23,Burton Albion,Manchester City
2018,EFL Cup,2019-01-24,Chelsea,Tottenham
2019,FA Cup,2019-11-08,Dulwich Hamlet,Carlisle United
2019,FA Cup,2019-11-09,Sunderland,Gillingham
2019,FA Cup,2019-11-19,Gillingham,Sunderland
2019,FA Cup,2019-11-09,Ipswich,Lincoln City
2019,FA Cup,2019-11-20,Lincoln City,Ipswich
2019,FA Cup,2019-11-09,Oxford City,Solihull Moors
2019,FA Cup,2019-11-09,Crawley Town,Scunthorpe United
2019,FA Cup,2019-11-09,Colchester United,Coventry
2019,FA Cup,2019-11-09,Bolton Wanderers,Plymouth Argyle
2019,FA Cup,2019-11-09,Maidstone United,Torquay United
2019,FA Cup,2019-11-09,Cambridge United,Exeter City
2019,FA Cup,2019-11-19,Exeter City,Cambridge United
2019,FA Cup,2019-11-09,Stourbridge,Eastleigh
2019,FA Cup,2019-11-19,Eastleigh,Stourbridge
2019,FA Cup,2019-11-09,Salford City,Burton Albion
2019,FA Cup,2019-11-19,Burton Albion,Salford City
2019,FA Cup,2019-11-09,Forest Green Rovers,Billericay Town
2019,FA Cup,2019-11-09,Ebbsfleet United,Notts County
2019,FA Cup,2019-11-09,Walsall,Darlington
2019,FA Cup,2019-11-20,Darlington,Walsall
2019,FA Cup,2019-11-09,Nantwich Town,AFC Fylde
2019,FA Cup,2019-11-09,AFC Wimbledon,Doncaster Rovers
2019,FA Cup,2019-11-19,Doncaster Rovers,AFC Wimbledon
2019,FA Cup,2019-11-09,Shrewsbury Town,Bradford City
2019,FA Cup,2019-11-19,Bradford City,Shrewsbury Town
2019,FA Cup,2019-11-09,Grimsby Town,Newport County
2019,FA Cup,2019-11-20,Newport County,Grimsby Town
2019,FA Cup,2019-11-09,Mansfield Town,Chorley
2019,FA Cup,2019-11-09,Tranmere Rovers,Wycombe Wanderers
2019,FA Cup,2019-11-20,Wycombe Wanderers,Tranmere Rovers
2019,FA Cup,2019-11-09,Carshalton Athletic,Boston United
2019,FA Cup,2019-11-09,Cheltenham Town,Swindon Town
2019,FA Cup,2019-11-19,Swindon Town,Cheltenham Town
2019,FA Cup,2019-11-09,Accrington Stanley,Crewe Alexandra
2019,FA Cup,2019-11-09,Maidenhead United,Rotherham United
2019,FA Cup,2019-11-09,Blackpool,Morecambe
2019,FA Cup,2019-11-09,Milton Keynes Dons,Port Vale
2019,FA Cup,2019-11-09,Stevenage,Peterborough United
2019,FA Cup,2019-11-19,Peterborough United,Stevenage
2019,FA Cup,2019-11-10,Dover Athletic,Southend United
2019,FA Cup,2019-11-10,Barnet,Fleetwood Town
2019,FA Cup,2019-11-10,Bristol Rovers,Bromley
2019,FA Cup,2019-11-19,Bromley,Bristol Rovers
2019,FA Cup,2019-11-10,Leyton Orient,Maldon & Tiptree
2019,FA Cup,2019-11-10,Chippenham Town,Northampton Town
2019,FA Cup,2019-11-10,Macclesfield Town,Kingstonian
2019,FA Cup,2019-11-10,York City,Altrincham
2019,FA Cup,2019-11-10,Wrexham,Rochdale
2019,FA Cup,2019-11-19,Rochdale,Wrexham
2019,FA Cup,2019-11-10,Gateshead,Oldham Athletic
2019,FA Cup,2019-11-10,Hayes & Yeading United,Oxford United
2019,FA Cup,2019-11-11,Harrogate Town,Portsmouth
2019,FA Cup,2019-11-12,Yeovil Town,Hartlepool United
2019,FA Cup,2019-11-29,Maldon & Tiptree,Newport County
2019,FA Cup,2019-11-30,Portsmouth,Altrincham
2019,FA Cup,2019-11-30,Shrewsbury Town,Mansfield Town
2019,FA Cup,2019-11-30,Kingstonian,AFC Fylde
2019,FA Cup,2019-11-30,Walsall,Oxford United
2019,FA Cup,2019-11-30,Forest Green Rovers,Carlisle United
2019,FA Cup,2019-12-10,Carlisle United,Forest Green Rovers
2019,FA Cup,2019-11-30,Oldham Athletic,Burton Albion
2019,FA Cup,2019-11-30,Cheltenham Town,Port Vale
2019,FA Cup,2019-11-30,Eastleigh,Crewe Alexandra
2019,FA Cup,2019-12-10,Crewe Alexandra,Eastleigh
2019,FA Cup,2019-12-01,Blackpool,Maidstone United
2019,FA Cup,2019-12-01,Coventry,Ipswich
2019,FA Cup,2019-12-10,Ipswich,Coventry
2019,FA Cup,2019-12-01,Exeter City,Hartlepool United
2019,FA Cup,2019-12-10,Hartlepool United,Exeter City
2019,FA Cup,2019-12-01,Gillingham,Doncaster Rovers
2019,FA Cup,2019-12-01,Rochdale,Boston United
2019,FA Cup,2019-12-16,Boston United,Rochdale
2019,FA Cup,2019-12-01,Peterborough United,Dover Athletic
2019,FA Cup,2019-12-01,Crawley Town,Fleetwood Town
2019,FA Cup,2019-12-01,Northampton Town,Notts County
2019,FA Cup,2019-12-01,Bristol Rovers,Plymouth Argyle
2019,FA Cup,2019-12-17,Plymouth Argyle,Bristol Rovers
2019,FA Cup,2019-12-01,Tranmere Rovers,Chichester City
2019,FA Cup,2019-12-02,Solihull Moors,Rotherham United
2019,FA Cup,2020-01-04,Rochdale,Newcastle United
2019,FA Cup,2020-01-14,Newcastle United,Rochdale
2019,FA Cup,2020-01-04,Bristol City,Shrewsbury Town
2019,FA Cup,2020-01-14,Shrewsbury Town,Bristol City
2019,FA Cup,2020-01-04,Millwall,Newport County
2019,FA Cup,2020-01-04,Rotherham United,Hull
2019,FA Cup,2020-01-04,Burnley,Peterborough United
2019,FA Cup,2020-01-04,Birmingham City,Blackburn Rovers
2019,FA Cup,2020-01-04,Fulham,Aston Villa
2019,FA Cup,2020-01-04,Cardiff,Carlisle United
2019,FA Cup,2020-01-15,Carlisle United,Cardiff
2019,FA Cup,2020-01-04,Oxford United,Hartlepool United
2019,FA Cup,2020-01-04,Southampton,Huddersfield
2019,FA Cup,2020-01-04,Brighton,Sheffield Wednesday
2019,FA Cup,2020-01-04,Reading,Blackpool
2019,FA Cup,2020-01-14,Blackpool,Reading
2019,FA Cup,2020-01-04,Watford,Tranmere Rovers
2019,FA Cup,2020-01-23,Tranmere Rovers,Watford
2019,FA Cup,2020-01-04,Preston North End,Norwich
2019,FA Cup,2020-01-04,Brentford,Stoke
2019,FA Cup,2020-01-04,Leicester,Wigan Athletic
2019,FA Cup,2020-01-04,Wolverhampton Wanderers,Manchester United
2019,FA Cup,2020-01-15,Manchester United,Wolverhampton Wanderers
2019,FA Cup,2020-01-04,Bournemouth,Luton
2019,FA Cup,2020-01-04,Manchester City,Port Vale
2019,FA Cup,2020-01-04,Fleetwood Town,Portsmouth
2019,FA Cup,2020-01-05,Queens Park Rangers,Swansea
2019,FA Cup,2020-01-05,Chelsea,Nottingham Forest
2019,FA Cup,2020-01-05,Charlton Athletic,West Bromwich Albion
2019,FA Cup,2020-01-05,Sheffield United,AFC Fylde
2019,FA Cup,2020-01-05,Bristol Rovers,Coventry
2019,FA Cup,2020-01-14,Coventry,Bristol Rovers
2019,FA Cup,2020-01-05,Crewe Alexandra,Barnsley
2019,FA Cup,2020-01-05,Middlesbrough,Tottenham
2019,FA Cup,2020-01-14,Tottenham,Middlesbrough
2019,FA Cup,2020-01-05,Crystal Palace,Derby County
2019,FA Cup,2020-01-05,Burton Albion,Northampton Town
2019,FA Cup,2020-01-05,Liverpool,Everton
2019,FA Cup,2020-01-05,Gillingham,West Ham
2019,FA Cup,2020-01-06,Arsenal,Leeds
2019,FA Cup,2020-01-24,Northampton Town,Derby County
2019,FA Cup,2020-02-04,Derby County,Northampton Town
2019,FA Cup,2020-01-24,Queens Park Rangers,Sheffield Wednesday
2019,FA Cup,2020-01-25,Brentford,Leicester
2019,FA Cup,2020-01-25,Southampton,Tottenham
2019,FA Cup,2020-02-05,Tottenham,Southampton
2019,FA Cup,2020-01-25,Millwall,Sheffield United
2019,FA Cup,2020-01-25,Reading,Cardiff
2019,FA Cup,2020-02-04,Cardiff,Reading
2019,FA Cup,2020-01-25,West Ham,West Bromwich Albion
2019,FA Cup,2020-01-25,Burnley,Norwich
2019,FA Cup,2020-01-25,Coventry,Birmingham City
2019,FA Cup,2020-02-04,Birmingham City,Coventry
2019,FA Cup,2020-01-25,Newcastle United,Oxford United
2019,FA Cup,2020-02-04,Oxford United,Newcastle United
2019,FA Cup,2020-01-25,Portsmouth,Barnsley
2019,FA Cup,2020-01-25,Hull,Chelsea
2019,FA Cup,2020-01-26,Manchester City,Fulham
2019,FA Cup,2020-01-26,Tranmere Rovers,Manchester United
2019,FA Cup,2020-01-26,Shrewsbury Town,Liverpool
2019,FA Cup,2020-02-04,Liverpool,Shrewsbury Town
2019,FA Cup,2020-01-27,Bournemouth,Arsenal
2019,FA Cup,2020-03-02,Portsmouth,Arsenal
2019,FA Cup,2020-03-03,Chelsea,Liverpool
2019,FA Cup,2020-03-03,Reading,Sheffield United
2019,FA Cup,2020-03-03,West Bromwich Albion,Newcastle United
2019,FA Cup,2020-03-04,Sheffield Wednesday,Manchester City
2019,FA Cup,2020-03-04,Leicester,Birmingham City
2019,FA Cup,2020-03-04,Tottenham,Norwich
2019,FA Cup,2020-03-05,Derby County,Manchester United
2019,FA Cup,2020-06-27,Norwich,Manchester United
2019,FA Cup,2020-06-28,Sheffield United,Arsenal
2019,FA Cup,2020-06-28,Leicester,Chelsea
2019,FA Cup,2020-06-28,Newcastle United,Manchester City
2019,FA Cup,2020-07-18,Arsenal,Manchester City
2019,FA Cup,2020-07-19,Manchester United,Chelsea
2019,EFL Cup,2019-08-13,Accrington Stanley,Sunderland
2019,EFL Cup,2019-08-13,Barnsley,Carlisle United
2019,EFL Cup,2019-08-13,Blackburn Rovers,Oldham Athletic
2019,EFL Cup,2019-08-13,Blackpool,Macclesfield Town
2019,EFL Cup,2019-08-13,Bradford City,Preston North End
2019,EFL Cup,2019-08-13,Grimsby Town,Doncaster Rovers
2019,EFL Cup,2019-08-13,Huddersfield,Lincoln City
2019,EFL Cup,2019-08-13,Mansfield Town,Morecambe
2019,EFL Cup,2019-08-13,Middlesbrough,Crewe Alexandra
2019,EFL Cup,2019-08-13,Nottingham Forest,Fleetwood Town
2019,EFL Cup,2019-08-13,Port Vale,Burton Albion
2019,EFL Cup,2019-08-13,Rochdale,Bolton Wanderers
2019,EFL Cup,2019-08-13,Salford City,Leeds
2019,EFL Cup,2019-08-13,Scunthorpe United,Derby County
2019,EFL Cup,2019-08-13,Shrewsbury Town,Rotherham United
2019,EFL Cup,2019-08-13,Tranmere Rovers,Hull
2019,EFL Cup,2019-08-13,Wigan Athletic,Stoke
2019,EFL Cup,2019-08-13,Sheffield Wednesday,Bury
2019,EFL Cup,2019-08-06,Portsmouth,Birmingham City
2019,EFL Cup,2019-08-13,AFC Wimbledon,Milton Keynes Dons
2019,EFL Cup,2019-08-13,Brentford,Cambridge United
2019,EFL Cup,2019-08-13,Bristol Rovers,Cheltenham Town
2019,EFL Cup,2019-08-13,Charlton Athletic,Forest Green Rovers
2019,EFL Cup,2019-08-13,Colchester United,Swindon Town
2019,EFL Cup,2019-08-13,Coventry,Exeter City
2019,EFL Cup,2019-08-13,Gillingham,Newport County
2019,EFL Cup,2019-08-13,Luton,Ipswich
2019,EFL Cup,2019-08-13,Oxford United,Peterborough United
2019,EFL Cup,2019-08-13,Plymouth Argyle,Leyton Orient
2019,EFL Cup,2019-08-13,Queens Park Rangers,Bristol City
2019,EFL Cup,2019-08-13,Stevenage,Southend United
2019,EFL Cup,2019-08-13,Swansea,Northampton Town
2019,EFL Cup,2019-08-13,Walsall,Crawley Town
2019,EFL Cup,2019-08-13,West Bromwich Albion,Millwall
2019,EFL Cup,2019-08-13,Wycombe Wanderers,Reading
2019,EFL Cup,2019-08-27,Burton Albion,Morecambe
2019,EFL Cup,2019-08-27,Crewe Alexandra,Aston Villa
2019,EFL Cup,2019-08-27,Leeds,Stoke
2019,EFL Cup,2019-08-27,Nottingham Forest,Derby County
2019,EFL Cup,2019-08-27,Preston North End,Hull
2019,EFL Cup,2019-08-27,Rochdale,Carlisle United
2019,EFL Cup,2019-08-27,Sheffield United,Blackburn Rovers
2019,EFL Cup,2019-08-28,Burnley,Sunderland
2019,EFL Cup,2019-08-28,Lincoln City,Everton
2019,EFL Cup,2019-08-28,Newcastle United,Leicester
2019,EFL Cup,2019-08-28,Rotherham United,Sheffield Wednesday
2019,EFL Cup,2019-09-10,Grimsby Town,Macclesfield Town
2019,EFL Cup,2019-08-27,Bristol Rovers,Brighton
2019,EFL Cup,2019-08-27,Cardiff,Luton
2019,EFL Cup,2019-08-27,Crawley Town,Norwich
2019,EFL Cup,2019-08-27,Crystal Palace,Colchester United
2019,EFL Cup,2019-08-27,Fulham,Southampton
2019,EFL Cup,2019-08-27,Newport County,West Ham
2019,EFL Cup,2019-08-27,Oxford United,Millwall
2019,EFL Cup,2019-08-27,Plymouth Argyle,Reading
2019,EFL Cup,2019-08-27,Southend United,Milton Keynes Dons
2019,EFL Cup,2019-08-27,Watford,Coventry
2019,EFL Cup,2019-08-28,Bournemouth,Forest Green Rovers
2019,EFL Cup,2019-08-28,Queens Park Rangers,Portsmouth
2019,EFL Cup,2019-08-28,Swansea,Cambridge United
2019,EFL Cup,2019-09-24,Arsenal,Nottingham Forest
2019,EFL Cup,2019-09-24,Colchester United,Tottenham
2019,EFL Cup,2019-09-24,Crawley Town,Stoke
2019,EFL Cup,2019-09-24,Luton,Leicester
2019,EFL Cup,2019-09-24,Portsmouth,Southampton
2019,EFL Cup,2019-09-24,Preston North End,Manchester City
2019,EFL Cup,2019-09-24,Sheffield Wednesday,Everton
2019,EFL Cup,2019-09-24,Watford,Swansea
2019,EFL Cup,2019-09-25,Brighton,Aston Villa
2019,EFL Cup,2019-09-25,Burton Albion,Bournemouth
2019,EFL Cup,2019-09-25,Chelsea,Grimsby Town
2019,EFL Cup,2019-09-25,Milton Keynes Dons,Liverpool
2019,EFL Cup,2019-09-25,Oxford United,West Ham
2019,EFL Cup,2019-09-25,Sheffield United,Sunderland
2019,EFL Cup,2019-09-25,Wolverhampton Wanderers,Reading
2019,EFL Cup,2019-09-25,Manchester United,Rochdale
2019,EFL Cup,2019-10-29,Burton Albion,Leicester
2019,EFL Cup,2019-10-29,Crawley Town,Colchester United
2019,EFL Cup,2019-10-29,Everton,Watford
2019,EFL Cup,2019-10-29,Manchester City,Southampton
2019,EFL Cup,2019-10-29,Oxford United,Sunderland
2019,EFL Cup,2019-10-30,Liverpool,Arsenal
2019,EFL Cup,2019-10-30,Aston Villa,Wolverhampton Wanderers
2019,EFL Cup,2019-10-30,Chelsea,Manchester United
2019,EFL Cup,2019-12-17,Aston Villa,Liverpool
2019,EFL Cup,2019-12-18,Everton,Leicester
2019,EFL Cup,2019-12-18,Oxford United,Manchester City
2019,EFL Cup,2019-12-18,Manchester United,Colchester United
2020,FA Cup,2020-11-06,Harrogate Town,Skelmersdale United
2020,FA Cup,2020-11-07,Tonbridge Angels,Bradford City
2020,FA Cup,2020-11-07,Exeter City,AFC Fylde
2020,FA Cup,2020-11-07,Leyton Orient,Newport County
2020,FA Cup,2020-11-07,Sunderland,Mansfield Town
2020,FA Cup,2020-11-07,Bolton Wanderers,Crewe Alexandra
2020,FA Cup,2020-11-07,Oxford United,Peterborough United
2020,FA Cup,2020-11-07,Walsall,Bristol Rovers
2020,FA Cup,2020-11-07,Rochdale,Stockport County
2020,FA Cup,2020-11-07,Swindon Town,Darlington
2020,FA Cup,2020-11-07,Tranmere Rovers,Accrington Stanley
2020,FA Cup,2020-11-07,Bromley,Yeovil Town
2020,FA Cup,2020-11-07,Cheltenham Town,South Shields
2020,FA Cup,2020-11-07,Stevenage,Concord Rangers
2020,FA Cup,2020-11-07,Gillingham,Woking
2020,FA Cup,2020-11-07,Charlton Athletic,Plymouth Argyle
2020,FA Cup,2020-11-07,Salford City,Hartlepool United
2020,FA Cup,2020-11-07,Hull,Fleetwood Town
2020,FA Cup,2020-11-07,Colchester United,Marine
2020,FA Cup,2020-11-07,Dagenham & Redbridge,Grimsby Town
2020,FA Cup,2020-11-07,Cambridge United,Shrewsbury Town
2020,FA Cup,2020-11-07,Brackley Town,Bishop's Stortford
2020,FA Cup,2020-11-07,Boreham Wood,Southend United
2020,FA Cup,2020-11-07,Ipswich,Portsmouth
2020,FA Cup,2020-11-07,Port Vale,King's Lynn Town
2020,FA Cup,2020-11-07,Lincoln City,Forest Green Rovers
2020,FA Cup,2020-11-07,Banbury United,Canvey Island
2020,FA Cup,2020-11-07,FC United of Manchester,Doncaster Rovers
2020,FA Cup,2020-11-08,Scunthorpe United,Solihull Moors
2020,FA Cup,2020-11-08,Havant & Waterlooville,Cray Valley Paper Mills
2020,FA Cup,2020-11-08,Barnet,Burton Albion
2020,FA Cup,2020-11-08,Wigan Athletic,Chorley
2020,FA Cup,2020-11-08,Maldon & Tiptree,Morecambe
2020,FA Cup,2020-11-08,Torquay United,Crawley Town
2020,FA Cup,2020-11-08,Hayes & Yeading United,Carlisle United
2020,FA Cup,2020-11-08,Eastleigh,Milton Keynes Dons
2020,FA Cup,2020-11-08,Hampton & Richmond Borough,Oldham Athletic
2020,FA Cup,2020-11-08,Eastbourne Borough,Blackpool
2020,FA Cup,2020-11-09,Oxford City,Northampton Town
2020,FA Cup,2020-11-26,Barrow,AFC Wimbledon
2020,FA Cup,2020-11-27,Tranmere Rovers,Brackley Town
2020,FA Cup,2020-11-28,Morecambe,Solihull Moors
2020,FA Cup,2020-11-28,Gillingham,Exeter City
2020,FA Cup,2020-11-28,Newport County,Salford City
2020,FA Cup,2020-11-28,Harrogate Town,Blackpool
2020,FA Cup,2020-11-28,Plymouth Argyle,Lincoln City
2020,FA Cup,2020-11-28,Portsmouth,King's Lynn Town
2020,FA Cup,2020-11-28,Cheltenham Town,Crewe Alexandra
2020,FA Cup,2020-11-28,Bradford City,Oldham Athletic
2020,FA Cup,2020-11-28,Peterborough United,Chorley
2020,FA Cup,2020-11-29,Stevenage,Hull
2020,FA Cup,2020-11-29,AFC Wimbledon,Crawley Town
2020,FA Cup,2020-11-29,Stockport County,Yeovil Town
2020,FA Cup,2020-11-29,Shrewsbury Town,Oxford City
2020,FA Cup,2020-11-29,Mansfield Town,Dagenham & Redbridge
2020,FA Cup,2020-11-29,Carlisle United,Doncaster Rovers
2020,FA Cup,2020-11-29,Barnet,Milton Keynes Dons
2020,FA Cup,2020-11-29,Bristol Rovers,Darlington
2020,FA Cup,2020-11-29,Marine,Havant & Waterlooville
2020,FA Cup,2020-11-30,Canvey Island,Boreham Wood
2020,FA Cup,2021-01-08,Wolverhampton Wanderers,Crystal Palace
2020,FA Cup,2021-01-08,Aston Villa,Liverpool
2020,FA Cup,2021-01-09,Boreham Wood,Millwall
2020,FA Cup,2021-01-09,Everton,Rotherham United
2020,FA Cup,2021-01-09,Luton,Reading
2020,FA Cup,2021-01-09,Norwich,Coventry
2020,FA Cup,2021-01-09,Nottingham Forest,Cardiff
2020,FA Cup,2021-01-09,Chorley,Derby County
2020,FA Cup,2021-01-09,Blackburn Rovers,Doncaster Rovers
2020,FA Cup,2021-01-09,Blackpool,West Bromwich Albion
2020,FA Cup,2021-01-09,Bournemouth,Oldham Athletic
2020,FA Cup,2021-01-09,Bristol Rovers,Sheffield United
2020,FA Cup,2021-01-09,Burnley,Milton Keynes Dons
2020,FA Cup,2021-01-09,Exeter City,Sheffield Wednesday
2020,FA Cup,2021-01-09,Queens Park Rangers,Fulham
2020,FA Cup,2021-01-09,Stevenage,Swansea
2020,FA Cup,2021-01-09,Stoke,Leicester
2020,FA Cup,2021-01-09,Wycombe Wanderers,Preston North End
2020,FA Cup,2021-01-09,Arsenal,Newcastle United
2020,FA Cup,2021-01-09,Brentford,Middlesbrough
2020,FA Cup,2021-01-09,Huddersfield,Plymouth Argyle
2020,FA Cup,2021-01-09,Manchester United,Watford
2020,FA Cup,2021-01-10,Barnsley,Tranmere Rovers
2020,FA Cup,2021-01-10,Bristol City,Portsmouth
2020,FA Cup,2021-01-10,Chelsea,Morecambe
2020,FA Cup,2021-01-10,Cheltenham Town,Mansfield Town
2020,FA Cup,2021-01-10,Crawley Town,Leeds
2020,FA Cup,2021-01-10,Manchester City,Birmingham City
2020,FA Cup,2021-01-10,Marine,Tottenham
2020,FA Cup,2021-01-10,Newport County,Brighton
2020,FA Cup,2021-01-11,Stockport County,West Ham
2020,FA Cup,2021-01-19,Southampton,Shrewsbury Town
2020,FA Cup,2021-01-22,Chorley,Wolverhampton Wanderers
2020,FA Cup,2021-01-23,Southampton,Arsenal
2020,FA Cup,2021-01-23,Barnsley,Norwich
2020,FA Cup,2021-01-23,Brighton,Blackpool
2020,FA Cup,2021-01-23,Millwall,Bristol City
2020,FA Cup,2021-01-23,Sheffield United,Plymouth Argyle
2020,FA Cup,2021-01-23,Swansea,Nottingham Forest
2020,FA Cup,2021-01-23,West Ham,Doncaster Rovers
2020,FA Cup,2021-01-23,Cheltenham Town,Manchester City
2020,FA Cup,2021-01-24,Chelsea,Luton
2020,FA Cup,2021-01-24,Brentford,Leicester
2020,FA Cup,2021-01-24,Fulham,Burnley
2020,FA Cup,2021-01-24,Manchester United,Liverpool
2020,FA Cup,2021-01-24,Everton,Sheffield Wednesday
2020,FA Cup,2021-01-25,Wycombe Wanderers,Tottenham
2020,FA Cup,2021-01-26,Bournemouth,Crawley Town
2020,FA Cup,2021-02-09,Burnley,Bournemouth
2020,FA Cup,2021-02-09,Manchester United,West Ham
2020,FA Cup,2021-02-10,Swansea,Manchester City
2020,FA Cup,2021-02-10,Leicester,Brighton
2020,FA Cup,2021-02-10,Sheffield United,Bristol City
2020,FA Cup,2021-02-10,Everton,Tottenham
2020,FA Cup,2021-02-11,Wolverhampton Wanderers,Southampton
2020,FA Cup,2021-02-11,Barnsley,Chelsea
2020,FA Cup,2021-03-20,Bournemouth,Southampton
2020,FA Cup,2021-03-20,Everton,Manchester City
2020,FA Cup,2021-03-21,Chelsea,Sheffield United
2020,FA Cup,2021-03-21,Leicester,Manchester United
2020,FA Cup,2021-04-17,Chelsea,Manchester City
2020,FA Cup,2021-04-18,Leicester,Southampton
2020,EFL Cup,2020-08-29,Preston North End,Mansfield Town
2020,EFL Cup,2020-08-29,Blackburn Rovers,Doncaster Rovers
2020,EFL Cup,2020-08-29,Stoke,Blackpool
2020,EFL Cup,2020-09-04,Middlesbrough,Shrewsbury Town
2020,EFL Cup,2020-09-04,Burton Albion,Accrington Stanley
2020,EFL Cup,2020-09-05,Derby County,Barrow
2020,EFL Cup,2020-09-05,Walsall,Sheffield Wednesday
2020,EFL Cup,2020-09-05,Tranmere Rovers,Harrogate Town
2020,EFL Cup,2020-09-05,Crewe Alexandra,Lincoln City
2020,EFL Cup,2020-09-05,Huddersfield,Rochdale
2020,EFL Cup,2020-09-05,Bolton Wanderers,Bradford City
2020,EFL Cup,2020-09-05,Fleetwood Town,Wigan Athletic
2020,EFL Cup,2020-09-05,Grimsby Town,Morecambe
2020,EFL Cup,2020-09-05,Scunthorpe United,Port Vale
2020,EFL Cup,2020-09-05,Sunderland,Hull
2020,EFL Cup,2020-09-05,Salford City,Rotherham United
2020,EFL Cup,2020-09-05,Barnsley,Nottingham Forest
2020,EFL Cup,2020-09-05,Oldham Athletic,Carlisle United
2020,EFL Cup,2020-08-29,Stevenage,Portsmouth
2020,EFL Cup,2020-09-05,Plymouth Argyle,Queens Park Rangers
2020,EFL Cup,2020-09-05,Crawley Town,Millwall
2020,EFL Cup,2020-09-05,Gillingham,Southend United
2020,EFL Cup,2020-09-05,Bristol City,Exeter City
2020,EFL Cup,2020-09-05,Swindon Town,Charlton Athletic
2020,EFL Cup,2020-09-05,Forest Green Rovers,Leyton Orient
2020,EFL Cup,2020-09-05,Milton Keynes Dons,Coventry
2020,EFL Cup,2020-09-05,Peterborough United,Cheltenham Town
2020,EFL Cup,2020-09-05,Northampton Town,Cardiff
2020,EFL Cup,2020-09-05,Luton,Norwich
2020,EFL Cup,2020-09-05,Birmingham City,Cambridge United
2020,EFL Cup,2020-09-05,Newport County,Swansea
2020,EFL Cup,2020-09-05,Oxford United,AFC Wimbledon
2020,EFL Cup,2020-09-05,Reading,Colchester United
2020,EFL Cup,2020-09-05,Ipswich,Bristol Rovers
2020,EFL Cup,2020-09-06,Brentford,Wycombe Wanderers
2020,EFL Cup,2020-09-15,Middlesbrough,Barnsley
2020,EFL Cup,2020-09-15,Derby County,Preston North End
2020,EFL Cup,2020-09-15,Bradford City,Lincoln City
2020,EFL Cup,2020-09-15,Fleetwood Town,Port Vale
2020,EFL Cup,2020-09-15,Newcastle United,Blackburn Rovers
2020,EFL Cup,2020-09-15,Burton Albion,Aston Villa
2020,EFL Cup,2020-09-15,Morecambe,Oldham Athletic
2020,EFL Cup,2020-09-15,Rochdale,Sheffield Wednesday
2020,EFL Cup,2020-09-16,West Bromwich Albion,Harrogate Town
2020,EFL Cup,2020-09-16,Leeds,Hull
2020,EFL Cup,2020-09-16,Everton,Salford City
2020,EFL Cup,2020-09-17,Burnley,Sheffield United
2020,EFL Cup,2020-09-17,Wolverhampton Wanderers,Stoke
2020,EFL Cup,2020-09-16,Southampton,Brentford
2020,EFL Cup,2020-09-15,Gillingham,Coventry
2020,EFL Cup,2020-09-15,Millwall,Cheltenham Town
2020,EFL Cup,2020-09-15,Reading,Luton
2020,EFL Cup,2020-09-15,Newport County,Cambridge United
2020,EFL Cup,2020-09-15,Oxford United,Watford
2020,EFL Cup,2020-09-15,West Ham,Charlton Athletic
2020,EFL Cup,2020-09-15,Bournemouth,Crystal Palace
2020,EFL Cup,2020-09-15,Leyton Orient,Plymouth Argyle
2020,EFL Cup,2020-09-16,Ipswich,Fulham
2020,EFL Cup,2020-09-16,Bristol City,Northampton Town
2020,EFL Cup,2020-09-17,Brighton,Portsmouth
2020,EFL Cup,2020-09-22,Newport County,Watford
2020,EFL Cup,2020-09-22,West Bromwich Albion,Brentford
2020,EFL Cup,2020-09-22,West Ham,Hull
2020,EFL Cup,2020-09-22,Luton,Manchester United
2020,EFL Cup,2020-09-23,Millwall,Burnley
2020,EFL Cup,2020-09-23,Preston North End,Brighton
2020,EFL Cup,2020-09-23,Stoke,Gillingham
2020,EFL Cup,2020-09-23,Fulham,Sheffield Wednesday
2020,EFL Cup,2020-09-23,Chelsea,Barnsley
2020,EFL Cup,2020-09-23,Fleetwood Town,Everton
2020,EFL Cup,2020-09-23,Leicester,Arsenal
2020,EFL Cup,2020-09-23,Morecambe,Newcastle United
2020,EFL Cup,2020-09-24,Bristol City,Aston Villa
2020,EFL Cup,2020-09-24,Lincoln City,Liverpool
2020,EFL Cup,2020-09-24,Manchester City,Bournemouth
2020,EFL Cup,2020-09-29,Tottenham,Chelsea
2020,EFL Cup,2020-09-30,Newport County,Newcastle United
2020,EFL Cup,2020-09-30,Burnley,Manchester City
2020,EFL Cup,2020-09-30,Brighton,Manchester United
2020,EFL Cup,2020-09-30,Everton,West Ham
2020,EFL Cup,2020-10-01,Brentford,Fulham
2020,EFL Cup,2020-10-01,Aston Villa,Stoke
2020,EFL Cup,2020-10-01,Liverpool,Arsenal
2020,EFL Cup,2020-12-22,Brentford,Newcastle United
2020,EFL Cup,2020-12-22,Arsenal,Manchester City
2020,EFL Cup,2020-12-23,Stoke,Tottenham
2020,EFL Cup,2020-12-23,Everton,Manchester United
2021,FA Cup,2021-11-05,AFC Sudbury,Colchester United
2021,FA Cup,2021-11-06,Scunthorpe United,Doncaster Rovers
2021,FA Cup,2021-11-06,Gillingham,Cheltenham Town
2021,FA Cup,2021-11-16,Cheltenham Town,Gillingham
2021,FA Cup,2021-11-06,Bradford City,Exeter City
2021,FA Cup,2021-11-16,Exeter City *,Bradford City
2021,FA Cup,2021-11-30,Exeter City,Bradford City
2021,FA Cup,2021-11-06,Sunderland,Mansfield Town
2021,FA Cup,2021-11-06,Hayes & Yeading United,Sutton United
2021,FA Cup,2021-11-06,Carlisle United,Horsham
2021,FA Cup,2021-11-06,Yate Town,Yeovil Town
2021,FA Cup,2021-11-06,Rotherham United,Bromley
2021,FA Cup,2021-11-06,Portsmouth,Harrow Borough
2021,FA Cup,2021-11-06,Morecambe,Newport County
2021,FA Cup,2021-11-06,Fleetwood Town,Burton Albion
2021,FA Cup,2021-11-06,Northampton Town,Cambridge United
2021,FA Cup,2021-11-16,Cambridge United,Northampton Town
2021,FA Cup,2021-11-06,FC Halifax Town,Maidenhead United
2021,FA Cup,2021-11-06,Chesterfield,Southend United
2021,FA Cup,2021-11-06,Kidderminster Harriers,Grimsby Town
2021,FA Cup,2021-11-06,Wigan Athletic,Solihull Moors
2021,FA Cup,2021-11-16,Solihull Moors,Wigan Athletic
2021,FA Cup,2021-11-06,Boreham Wood,Eastleigh
2021,FA Cup,2021-11-06,York City,Buxton
2021,FA Cup,2021-11-06,Ipswich,Oldham Athletic
2021,FA Cup,2021-11-16,Oldham Athletic,Ipswich
2021,FA Cup,2021-11-06,AFC Wimbledon,Guiseley
2021,FA Cup,2021-11-06,Harrogate Town,Wrexham
2021,FA Cup,2021-11-06,Hartlepool United,Wycombe Wanderers
2021,FA Cup,2021-11-16,Wycombe Wanderers,Hartlepool United
2021,FA Cup,2021-11-06,King's Lynn Town,Walsall
2021,FA Cup,2021-11-06,Crewe Alexandra,Swindon Town
2021,FA Cup,2021-11-06,Charlton Athletic,Havant & Waterlooville
2021,FA Cup,2021-11-06,Crawley Town,Tranmere Rovers
2021,FA Cup,2021-11-06,Leyton Orient,Ebbsfleet United
2021,FA Cup,2021-11-06,Milton Keynes Dons,Stevenage
2021,FA Cup,2021-11-16,Stevenage,Milton Keynes Dons
2021,FA Cup,2021-11-06,Lincoln City,Bowers & Pitsea
2021,FA Cup,2021-11-06,Port Vale,Accrington Stanley
2021,FA Cup,2021-11-06,Gateshead,Altrincham
2021,FA Cup,2021-11-16,Altrincham,Gateshead
2021,FA Cup,2021-11-06,Banbury United,Barrow
2021,FA Cup,2021-11-07,Sheffield Wednesday,Plymouth Argyle
2021,FA Cup,2021-11-16,Plymouth Argyle,Sheffield Wednesday
2021,FA Cup,2021-11-07,Oxford United,Bristol Rovers
2021,FA Cup,2021-11-16,Bristol Rovers,Oxford United
2021,FA Cup,2021-11-07,Stratford Town,Shrewsbury Town
2021,FA Cup,2021-11-07,Rochdale,Notts County
2021,FA Cup,2021-11-16,Notts County,Rochdale
2021,FA Cup,2021-11-07,Bolton Wanderers,Stockport County
2021,FA Cup,2021-11-17,Stockport County,Bolton Wanderers
2021,FA Cup,2021-11-07,St Albans City,Forest Green Rovers
2021,FA Cup,2021-11-08,Dagenham & Redbridge,Salford City
2021,FA Cup,2021-12-03,Gateshead,Charlton Athletic
2021,FA Cup,2021-12-03,Rotherham United,Stockport County
2021,FA Cup,2021-12-04,Buxton,Morecambe
2021,FA Cup,2021-12-04,Bristol Rovers,Sutton United
2021,FA Cup,2021-12-04,Burton Albion,Port Vale
2021,FA Cup,2021-12-04,Lincoln City,Hartlepool United
2021,FA Cup,2021-12-04,AFC Wimbledon,Cheltenham Town
2021,FA Cup,2021-12-04,Leyton Orient,Tranmere Rovers
2021,FA Cup,2021-12-04,Cambridge United,Exeter City
2021,FA Cup,2021-12-04,Doncaster Rovers,Mansfield Town
2021,FA Cup,2021-12-04,Walsall,Swindon Town
2021,FA Cup,2021-12-04,Carlisle United,Shrewsbury Town
2021,FA Cup,2021-12-04,Ipswich,Barrow
2021,FA Cup,2021-12-15,Barrow,Ipswich
2021,FA Cup,2021-12-04,Portsmouth,Harrogate Town
2021,FA Cup,2021-12-04,Yeovil Town,Stevenage
2021,FA Cup,2021-12-05,Rochdale,Plymouth Argyle
2021,FA Cup,2021-12-05,Colchester United,Wigan Athletic
2021,FA Cup,2021-12-05,Kidderminster Harriers,FC Halifax Town
2021,FA Cup,2021-12-05,Salford City,Chesterfield
2021,FA Cup,2021-12-06,Boreham Wood,St Albans City
2021,FA Cup,2022-01-07,Swindon Town,Manchester City
2021,FA Cup,2022-01-08,Mansfield Town,Middlesbrough
2021,FA Cup,2022-01-08,Bristol City,Fulham
2021,FA Cup,2022-01-08,Burnley,Huddersfield
2021,FA Cup,2022-01-08,Coventry,Derby County
2021,FA Cup,2022-01-08,Hartlepool United,Blackpool
2021,FA Cup,2022-01-08,Millwall,Crystal Palace
2021,FA Cup,2022-01-08,Barnsley,Barrow
2021,FA Cup,2022-01-08,Boreham Wood,AFC Wimbledon
2021,FA Cup,2022-01-08,Kidderminster Harriers,Reading
2021,FA Cup,2022-01-08,Leicester,Watford
2021,FA Cup,2022-01-08,Newcastle United,Cambridge United
2021,FA Cup,2022-01-08,Peterborough United,Bristol Rovers
2021,FA Cup,2022-01-08,Port Vale,Brentford
2021,FA Cup,2022-01-08,Queens Park Rangers,Rotherham United
2021,FA Cup,2022-01-08,West Bromwich Albion,Brighton
2021,FA Cup,2022-01-08,Wigan Athletic,Blackburn Rovers
2021,FA Cup,2022-01-08,Birmingham City,Plymouth Argyle
2021,FA Cup,2022-01-08,Chelsea,Chesterfield
2021,FA Cup,2022-01-08,Hull,Everton
2021,FA Cup,2022-01-08,Swansea,Southampton
2021,FA Cup,2022-01-08,Yeovil Town,Bournemouth
2021,FA Cup,2022-01-09,Luton,Harrogate Town
2021,FA Cup,2022-01-09,Cardiff,Preston North End
2021,FA Cup,2022-01-09,Charlton Athletic,Norwich
2021,FA Cup,2022-01-09,Liverpool,Shrewsbury Town
2021,FA Cup,2022-01-09,Stoke,Leyton Orient
2021,FA Cup,2022-01-09,Tottenham,Morecambe
2021,FA Cup,2022-01-09,West Ham,Leeds
2021,FA Cup,2022-01-09,Wolverhampton Wanderers,Sheffield United
2021,FA Cup,2022-01-09,Nottingham Forest,Arsenal
2021,FA Cup,2022-01-10,Manchester United,Aston Villa
2021,FA Cup,2022-02-04,Manchester United,Middlesbrough
2021,FA Cup,2022-02-05,Chelsea,Plymouth Argyle
2021,FA Cup,2022-02-05,Kidderminster Harriers,West Ham
2021,FA Cup,2022-02-05,Crystal Palace,Hartlepool United
2021,FA Cup,2022-02-05,Huddersfield,Barnsley
2021,FA Cup,2022-02-05,Peterborough United,Queens Park Rangers
2021,FA Cup,2022-02-05,Southampton,Coventry
2021,FA Cup,2022-02-05,Everton,Brentford
2021,FA Cup,2022-02-05,Stoke,Wigan Athletic
2021,FA Cup,2022-02-05,Manchester City,Fulham
2021,FA Cup,2022-02-05,Wolverhampton Wanderers,Norwich
2021,FA Cup,2022-02-05,Cambridge United,Luton
2021,FA Cup,2022-02-05,Tottenham,Brighton
2021,FA Cup,2022-02-06,Liverpool,Cardiff
2021,FA Cup,2022-02-06,Nottingham Forest,Leicester
2021,FA Cup,2022-02-06,Bournemouth,Boreham Wood
2021,FA Cup,2022-03-01,Peterborough United,Manchester City
2021,FA Cup,2022-03-01,Crystal Palace,Stoke
2021,FA Cup,2022-03-01,Middlesbrough,Tottenham
2021,FA Cup,2022-03-02,Luton,Chelsea
2021,FA Cup,2022-03-02,Southampton,West Ham
2021,FA Cup,2022-03-02,Liverpool,Norwich
2021,FA Cup,2022-03-03,Everton,Boreham Wood
2021,FA Cup,2022-03-07,Nottingham Forest,Huddersfield
2021,FA Cup,2022-03-19,Middlesbrough,Chelsea
2021,FA Cup,2022-03-20,Crystal Palace,Everton
2021,FA Cup,2022-03-20,Southampton,Manchester City
2021,FA Cup,2022-03-20,Nottingham Forest,Liverpool
2021,FA Cup,2022-04-16,Manchester City,Liverpool
2021,FA Cup,2022-04-17,Chelsea,Crystal Palace
2021,EFL Cup,2021-08-01,Sheffield Wednesday,Huddersfield
2021,EFL Cup,2021-08-10,Barrow,Scunthorpe United
2021,EFL Cup,2021-08-10,Blackburn Rovers,Morecambe
2021,EFL Cup,2021-08-10,Bolton Wanderers,Barnsley
2021,EFL Cup,2021-08-10,Derby County,Salford City
2021,EFL Cup,2021-08-10,Harrogate Town,Rochdale
2021,EFL Cup,2021-08-10,Hartlepool United,Crewe Alexandra
2021,EFL Cup,2021-08-10,Hull,Wigan Athletic
2021,EFL Cup,2021-08-10,Mansfield Town,Preston North End
2021,EFL Cup,2021-08-10,Oldham Athletic,Tranmere Rovers
2021,EFL Cup,2021-08-10,Port Vale,Sunderland
2021,EFL Cup,2021-08-10,Rotherham United,Accrington Stanley
2021,EFL Cup,2021-08-10,Sheffield United,Carlisle United
2021,EFL Cup,2021-08-10,Shrewsbury Town,Lincoln City
2021,EFL Cup,2021-08-10,Stoke,Fleetwood Town
2021,EFL Cup,2021-08-10,Walsall,Doncaster Rovers
2021,EFL Cup,2021-08-11,Blackpool,Middlesbrough
2021,EFL Cup,2021-08-11,Nottingham Forest,Bradford City
2021,EFL Cup,2021-07-31,Bournemouth,Milton Keynes Dons
2021,EFL Cup,2021-08-10,Birmingham City,Colchester United
2021,EFL Cup,2021-08-10,Bristol Rovers,Cheltenham Town
2021,EFL Cup,2021-08-10,Cambridge United,Swindon Town
2021,EFL Cup,2021-08-10,Cardiff,Sutton United
2021,EFL Cup,2021-08-10,Charlton Athletic,AFC Wimbledon
2021,EFL Cup,2021-08-10,Crawley Town,Gillingham
2021,EFL Cup,2021-08-10,Exeter City,Wycombe Wanderers
2021,EFL Cup,2021-08-10,Forest Green Rovers,Bristol City
2021,EFL Cup,2021-08-10,Ipswich,Newport County
2021,EFL Cup,2021-08-10,Millwall,Portsmouth
2021,EFL Cup,2021-08-10,Peterborough United,Plymouth Argyle
2021,EFL Cup,2021-08-10,Reading,Swansea
2021,EFL Cup,2021-08-10,Stevenage,Luton
2021,EFL Cup,2021-08-11,Burton Albion,Oxford United
2021,EFL Cup,2021-08-11,Coventry,Northampton Town
2021,EFL Cup,2021-08-11,Leyton Orient,Queens Park Rangers
2021,EFL Cup,2021-08-24,Oldham Athletic,Accrington Stanley
2021,EFL Cup,2021-08-24,Wigan Athletic,Bolton Wanderers
2021,EFL Cup,2021-08-24,Huddersfield,Everton
2021,EFL Cup,2021-08-24,Sheffield United,Derby County
2021,EFL Cup,2021-08-24,Stoke,Doncaster Rovers
2021,EFL Cup,2021-08-24,Shrewsbury Town,Rochdale
2021,EFL Cup,2021-08-24,Nottingham Forest,Wolverhampton Wanderers
2021,EFL Cup,2021-08-24,Morecambe,Preston North End
2021,EFL Cup,2021-08-24,Blackpool,Sunderland
2021,EFL Cup,2021-08-24,Leeds,Crewe Alexandra
2021,EFL Cup,2021-08-24,Barrow,Aston Villa
2021,EFL Cup,2021-08-25,Newcastle United,Burnley
2021,EFL Cup,2021-08-24,Brentford,Forest Green Rovers
2021,EFL Cup,2021-08-24,Millwall,Cambridge United
2021,EFL Cup,2021-08-24,Norwich,Bournemouth
2021,EFL Cup,2021-08-24,Cardiff,Brighton
2021,EFL Cup,2021-08-24,Birmingham City,Fulham
2021,EFL Cup,2021-08-24,Gillingham,Cheltenham Town
2021,EFL Cup,2021-08-24,Queens Park Rangers,Oxford United
2021,EFL Cup,2021-08-24,Swansea,Plymouth Argyle
2021,EFL Cup,2021-08-24,Stevenage,Wycombe Wanderers
2021,EFL Cup,2021-08-24,Northampton Town,AFC Wimbledon
2021,EFL Cup,2021-08-24,Watford,Crystal Palace
2021,EFL Cup,2021-08-25,West Bromwich Albion,Arsenal
2021,EFL Cup,2021-08-25,Newport County,Southampton
2021,EFL Cup,2021-09-21,Burnley,Rochdale
2021,EFL Cup,2021-09-21,Fulham,Leeds
2021,EFL Cup,2021-09-21,Manchester City,Wycombe Wanderers
2021,EFL Cup,2021-09-21,Norwich,Liverpool
2021,EFL Cup,2021-09-21,Preston North End,Cheltenham Town
2021,EFL Cup,2021-09-21,Queens Park Rangers,Everton
2021,EFL Cup,2021-09-21,Sheffield United,Southampton
2021,EFL Cup,2021-09-21,Watford,Stoke
2021,EFL Cup,2021-09-21,Wigan Athletic,Sunderland
2021,EFL Cup,2021-09-21,Brentford,Oldham Athletic
2021,EFL Cup,2021-09-22,Brighton,Swansea
2021,EFL Cup,2021-09-22,Arsenal,AFC Wimbledon
2021,EFL Cup,2021-09-22,Chelsea,Aston Villa
2021,EFL Cup,2021-09-22,Manchester United,West Ham
2021,EFL Cup,2021-09-22,Millwall,Leicester
2021,EFL Cup,2021-09-22,Wolverhampton Wanderers,Tottenham
2021,EFL Cup,2021-10-26,Chelsea,Southampton
2021,EFL Cup,2021-10-26,Arsenal,Leeds
2021,EFL Cup,2021-10-26,Queens Park Rangers,Sunderland
2021,EFL Cup,2021-10-27,Stoke,Brentford
2021,EFL Cup,2021-10-27,West Ham,Manchester City
2021,EFL Cup,2021-10-27,Leicester,Brighton
2021,EFL Cup,2021-10-27,Burnley,Tottenham
2021,EFL Cup,2021-10-27,Preston North End,Liverpool
2021,EFL Cup,2021-12-21,Arsenal,Sunderland
2021,EFL Cup,2021-12-22,Brentford,Chelsea
2021,EFL Cup,2021-12-22,Liverpool,Leicester
2021,EFL Cup,2021-12-22,Tottenham,West Ham
2022,FA Cup,2022-11-04,Sheffield Wednesday,Morecambe
2022,FA Cup,2022-11-04,Hereford,Portsmouth
2022,FA Cup,2022-11-05,South Shields,Forest Green Rovers
2022,FA Cup,2022-11-05,Bradford City,Harrogate Town
2022,FA Cup,2022-11-05,Bolton Wanderers,Barnsley
2022,FA Cup,2022-11-05,Boreham Wood,Eastleigh
2022,FA Cup,2022-11-05,Maidenhead United,Dagenham & Redbridge
2022,FA Cup,2022-11-05,Crawley Town,Accrington Stanley
2022,FA Cup,2022-11-05,Solihull Moors,Hartlepool United
2022,FA Cup,2022-11-15,Hartlepool United,Solihull Moors
2022,FA Cup,2022-11-05,AFC Fylde,Gillingham
2022,FA Cup,2022-11-15,Gillingham,AFC Fylde
2022,FA Cup,2022-11-05,Peterborough United,Salford City
2022,FA Cup,2022-11-16,Salford City,Peterborough United
2022,FA Cup,2022-11-05,Sutton United,Farnborough
2022,FA Cup,2022-11-05,Grimsby Town,Plymouth Argyle
2022,FA Cup,2022-11-05,Milton Keynes Dons,Taunton Town
2022,FA Cup,2022-11-05,Ebbsfleet United,FC Halifax Town
2022,FA Cup,2022-11-05,Carlisle United,Tranmere Rovers
2022,FA Cup,2022-11-05,Chippenham Town,Lincoln City
2022,FA Cup,2022-11-05,Shrewsbury Town,York City
2022,FA Cup,2022-11-05,Buxton,Merthyr Town
2022,FA Cup,2022-11-05,Charlton Athletic,Coalville Town
2022,FA Cup,2022-11-05,Weymouth,AFC Wimbledon
2022,FA Cup,2022-11-15,AFC Wimbledon,Weymouth
2022,FA Cup,2022-11-05,Newport County,Colchester United
2022,FA Cup,2022-11-05,Stockport County,Swindon Town
2022,FA Cup,2022-11-05,Doncaster Rovers,King's Lynn Town
2022,FA Cup,2022-11-05,Gateshead,Stevenage
2022,FA Cup,2022-11-05,Fleetwood Town,Oxford City
2022,FA Cup,2022-11-05,Burton Albion,Needham Market
2022,FA Cup,2022-11-05,Port Vale,Exeter City
2022,FA Cup,2022-11-05,Bristol Rovers,Rochdale
2022,FA Cup,2022-11-05,Wycombe Wanderers,Walsall
2022,FA Cup,2022-11-05,Crewe Alexandra,Leyton Orient
2022,FA Cup,2022-11-05,Barnet,Chelmsford City
2022,FA Cup,2022-11-14,Chelmsford City,Barnet
2022,FA Cup,2022-11-05,Chesterfield,Northampton Town
2022,FA Cup,2022-11-05,Cheltenham Town,Alvechurch
2022,FA Cup,2022-11-05,Barrow,Mansfield Town
2022,FA Cup,2022-11-06,Wrexham,Oldham Athletic
2022,FA Cup,2022-11-06,Curzon Ashton,Cambridge United
2022,FA Cup,2022-11-15,Cambridge United,Curzon Ashton
2022,FA Cup,2022-11-06,Torquay United,Derby County
2022,FA Cup,2022-11-15,Derby County,Torquay United
2022,FA Cup,2022-11-07,Bracknell Town,Ipswich
2022,FA Cup,2022-11-16,Woking,Oxford United
2022,FA Cup,2022-11-26,King's Lynn Town,Stevenage
2022,FA Cup,2022-11-26,Cambridge United,Grimsby Town
2022,FA Cup,2022-11-26,Wrexham,Farnborough
2022,FA Cup,2022-11-26,Accrington Stanley,Barnet
2022,FA Cup,2022-11-26,Barnsley,Crewe Alexandra
2022,FA Cup,2022-11-26,Forest Green Rovers,Alvechurch
2022,FA Cup,2022-11-26,Portsmouth,Milton Keynes Dons
2022,FA Cup,2022-11-26,Shrewsbury Town,Peterborough United
2022,FA Cup,2022-11-26,Hartlepool United,Harrogate Town
2022,FA Cup,2022-11-26,Charlton Athletic,Stockport County
2022,FA Cup,2022-12-07,Stockport County,Charlton Athletic
2022,FA Cup,2022-11-26,Oxford United,Exeter City
2022,FA Cup,2022-11-26,Sheffield Wednesday,Mansfield Town
2022,FA Cup,2022-11-26,AFC Wimbledon,Chesterfield
2022,FA Cup,2022-11-26,Walsall,Carlisle United
2022,FA Cup,2022-11-26,Dagenham & Redbridge,Gillingham
2022,FA Cup,2022-12-08,Gillingham,Dagenham & Redbridge
2022,FA Cup,2022-11-27,Ebbsfleet United,Fleetwood Town
2022,FA Cup,2022-11-27,Bristol Rovers,Boreham Wood
2022,FA Cup,2022-11-27,Burton Albion,Chippenham Town
2022,FA Cup,2022-11-27,Newport County,Derby County
2022,FA Cup,2022-11-27,Ipswich,Buxton
2022,FA Cup,2023-01-06,Manchester United,Everton
2022,FA Cup,2023-01-07,Preston North End,Huddersfield
2022,FA Cup,2023-01-07,Tottenham,Portsmouth
2022,FA Cup,2023-01-07,Gillingham,Leicester
2022,FA Cup,2023-01-07,Crystal Palace,Southampton
2022,FA Cup,2023-01-07,Reading,Watford
2022,FA Cup,2023-01-07,Middlesbrough,Brighton
2022,FA Cup,2023-01-07,Chesterfield,West Bromwich Albion
2022,FA Cup,2023-01-17,West Bromwich Albion,Chesterfield
2022,FA Cup,2023-01-07,Boreham Wood,Accrington Stanley
2022,FA Cup,2023-01-24,Accrington Stanley,Boreham Wood
2022,FA Cup,2023-01-07,Bournemouth,Burnley
2022,FA Cup,2023-01-07,Fleetwood Town,Queens Park Rangers
2022,FA Cup,2023-01-07,Blackpool,Nottingham Forest
2022,FA Cup,2023-01-07,Hull,Fulham
2022,FA Cup,2023-01-07,Millwall,Sheffield United
2022,FA Cup,2023-01-07,Shrewsbury Town,Sunderland
2022,FA Cup,2023-01-07,Ipswich,Rotherham United
2022,FA Cup,2023-01-07,Brentford,West Ham
2022,FA Cup,2023-01-07,Coventry,Wrexham
2022,FA Cup,2023-01-07,Luton,Wigan Athletic
2022,FA Cup,2023-01-17,Wigan Athletic,Luton
2022,FA Cup,2023-01-07,Grimsby Town,Burton Albion
2022,FA Cup,2023-01-07,Sheffield Wednesday,Newcastle United
2022,FA Cup,2023-01-07,Liverpool,Wolverhampton Wanderers
2022,FA Cup,2023-01-17,Wolverhampton Wanderers,Liverpool
2022,FA Cup,2023-01-08,Derby County,Barnsley
2022,FA Cup,2023-01-08,Bristol City,Swansea
2022,FA Cup,2023-01-17,Swansea,Bristol City
2022,FA Cup,2023-01-08,Stockport County,Walsall
2022,FA Cup,2023-01-08,Cardiff,Leeds
2022,FA Cup,2023-01-18,Leeds,Cardiff
2022,FA Cup,2023-01-08,Norwich,Blackburn Rovers
2022,FA Cup,2023-01-08,Hartlepool United,Stoke
2022,FA Cup,2023-01-08,Manchester City,Chelsea
2022,FA Cup,2023-01-08,Aston Villa,Stevenage
2022,FA Cup,2023-01-09,Oxford United,Arsenal
2022,FA Cup,2023-01-17,Forest Green Rovers,Birmingham City
2022,FA Cup,2023-01-27,Manchester City,Arsenal
2022,FA Cup,2023-01-28,Accrington Stanley,Leeds
2022,FA Cup,2023-01-28,Walsall,Leicester
2022,FA Cup,2023-01-28,Blackburn Rovers,Birmingham City
2022,FA Cup,2023-01-31,Birmingham City,Blackburn Rovers
2022,FA Cup,2023-01-28,Bristol City,West Bromwich Albion
2022,FA Cup,2023-01-28,Fulham,Sunderland
2022,FA Cup,2023-02-08,Sunderland,Fulham
2022,FA Cup,2023-01-28,Ipswich,Burnley
2022,FA Cup,2023-02-07,Burnley,Ipswich
2022,FA Cup,2023-01-28,Luton,Grimsby Town
2022,FA Cup,2023-02-07,Grimsby Town,Luton
2022,FA Cup,2023-01-28,Sheffield Wednesday,Fleetwood Town
2022,FA Cup,2023-02-07,Fleetwood Town,Sheffield Wednesday
2022,FA Cup,2023-01-28,Southampton,Blackpool
2022,FA Cup,2023-01-28,Preston North End,Tottenham
2022,FA Cup,2023-01-28,Manchester United,Reading
2022,FA Cup,2023-01-29,Brighton,Liverpool
2022,FA Cup,2023-01-29,Stoke,Stevenage
2022,FA Cup,2023-01-29,Wrexham,Sheffield United
2022,FA Cup,2023-02-07,Sheffield United,Wrexham
2022,FA Cup,2023-01-30,Derby County,West Ham
2022,FA Cup,2023-02-28,Stoke,Brighton
2022,FA Cup,2023-02-28,Leicester,Blackburn Rovers
2022,FA Cup,2023-02-28,Fulham,Leeds
2022,FA Cup,2023-02-28,Bristol City,Manchester City
2022,FA Cup,2023-03-01,Southampton,Grimsby Town
2022,FA Cup,2023-03-01,Burnley,Fleetwood Town
2022,FA Cup,2023-03-01,Manchester United,West Ham
2022,FA Cup,2023-03-01,Sheffield United,Tottenham
2022,FA Cup,2023-03-18,Manchester City,Burnley
2022,FA Cup,2023-03-19,Sheffield United,Blackburn Rovers
2022,FA Cup,2023-03-19,Brighton,Grimsby Town
2022,FA Cup,2023-03-19,Manchester United,Fulham
2022,FA Cup,2023-04-22,Manchester City,Sheffield United
2022,FA Cup,2023-04-23,Brighton,Manchester United
2022,EFL Cup,2022-08-09,Shrewsbury Town,Carlisle United
2022,EFL Cup,2022-08-09,Accrington Stanley,Tranmere Rovers
2022,EFL Cup,2022-08-09,Blackpool,Barrow
2022,EFL Cup,2022-08-09,Bolton Wanderers,Salford City
2022,EFL Cup,2022-08-09,Bradford City,Hull
2022,EFL Cup,2022-08-09,Doncaster Rovers,Lincoln City
2022,EFL Cup,2022-08-09,Fleetwood Town,Wigan Athletic
2022,EFL Cup,2022-08-09,Grimsby Town,Crewe Alexandra
2022,EFL Cup,2022-08-09,Harrogate Town,Stockport County
2022,EFL Cup,2022-08-09,Huddersfield,Preston North End
2022,EFL Cup,2022-08-09,Mansfield Town,Derby County
2022,EFL Cup,2022-08-09,Morecambe,Stoke
2022,EFL Cup,2022-08-09,Rochdale,Burton Albion
2022,EFL Cup,2022-08-10,Blackburn Rovers,Hartlepool United
2022,EFL Cup,2022-08-10,Middlesbrough,Barnsley
2022,EFL Cup,2022-08-10,Port Vale,Rotherham United
2022,EFL Cup,2022-08-10,Sheffield Wednesday,Sunderland
2022,EFL Cup,2022-08-11,West Bromwich Albion,Sheffield United
2022,EFL Cup,2022-08-02,Cambridge United,Millwall
2022,EFL Cup,2022-08-09,AFC Wimbledon,Gillingham
2022,EFL Cup,2022-08-09,Cardiff,Portsmouth
2022,EFL Cup,2022-08-09,Charlton Athletic,Queens Park Rangers
2022,EFL Cup,2022-08-09,Cheltenham Town,Exeter City
2022,EFL Cup,2022-08-09,Crawley Town,Bristol Rovers
2022,EFL Cup,2022-08-09,Forest Green Rovers,Leyton Orient
2022,EFL Cup,2022-08-09,Ipswich,Colchester United
2022,EFL Cup,2022-08-09,Luton,Newport County
2022,EFL Cup,2022-08-09,Milton Keynes Dons,Sutton United
2022,EFL Cup,2022-08-09,Northampton Town,Wycombe Wanderers
2022,EFL Cup,2022-08-09,Norwich,Birmingham City
2022,EFL Cup,2022-08-09,Oxford United,Swansea
2022,EFL Cup,2022-08-09,Walsall,Swindon Town
2022,EFL Cup,2022-08-09,Reading,Stevenage
2022,EFL Cup,2022-08-10,Coventry,Bristol City
2022,EFL Cup,2022-08-10,Plymouth Argyle,Peterborough United
2022,EFL Cup,2022-08-23,Sheffield Wednesday,Rochdale
2022,EFL Cup,2022-08-23,Shrewsbury Town,Burnley
2022,EFL Cup,2022-08-23,Barrow,Lincoln City
2022,EFL Cup,2022-08-23,Bolton Wanderers,Aston Villa
2022,EFL Cup,2022-08-23,Bradford City,Blackburn Rovers
2022,EFL Cup,2022-08-23,Derby County,West Bromwich Albion
2022,EFL Cup,2022-08-23,Fleetwood Town,Everton
2022,EFL Cup,2022-08-23,Grimsby Town,Nottingham Forest
2022,EFL Cup,2022-08-23,Rotherham United,Morecambe
2022,EFL Cup,2022-08-23,Stockport County,Leicester
2022,EFL Cup,2022-08-23,Wolverhampton Wanderers,Preston North End
2022,EFL Cup,2022-08-24,Leeds,Barnsley
2022,EFL Cup,2022-08-24,Tranmere Rovers,Newcastle United
2022,EFL Cup,2022-08-23,Walsall,Charlton Athletic
2022,EFL Cup,2022-08-23,Cambridge United,Southampton
2022,EFL Cup,2022-08-23,Colchester United,Brentford
2022,EFL Cup,2022-08-23,Crawley Town,Fulham
2022,EFL Cup,2022-08-23,Gillingham,Exeter City
2022,EFL Cup,2022-08-23,Newport County,Portsmouth
2022,EFL Cup,2022-08-23,Norwich,Bournemouth
2022,EFL Cup,2022-08-23,Oxford United,Crystal Palace
2022,EFL Cup,2022-08-23,Stevenage,Peterborough United
2022,EFL Cup,2022-08-23,Watford,Milton Keynes Dons
2022,EFL Cup,2022-08-24,Forest Green Rovers,Brighton
2022,EFL Cup,2022-08-24,Wycombe Wanderers,Bristol City
2022,EFL Cup,2022-11-08,Leicester,Newport County
2022,EFL Cup,2022-11-08,Bournemouth,Everton
2022,EFL Cup,2022-11-08,Burnley,Crawley Town
2022,EFL Cup,2022-11-08,Bristol City,Lincoln City
2022,EFL Cup,2022-11-08,Stevenage,Charlton Athletic
2022,EFL Cup,2022-11-08,Milton Keynes Dons,Morecambe
2022,EFL Cup,2022-11-08,Brentford,Gillingham
2022,EFL Cup,2022-11-09,West Ham,Blackburn Rovers
2022,EFL Cup,2022-11-09,Nottingham Forest,Tottenham
2022,EFL Cup,2022-11-09,Newcastle United,Crystal Palace
2022,EFL Cup,2022-11-09,Southampton,Sheffield Wednesday
2022,EFL Cup,2022-11-09,Arsenal,Brighton
2022,EFL Cup,2022-11-09,Wolverhampton Wanderers,Leeds
2022,EFL Cup,2022-11-09,Liverpool,Derby County
2022,EFL Cup,2022-11-09,Manchester City,Chelsea
2022,EFL Cup,2022-11-10,Manchester United,Aston Villa
2022,EFL Cup,2022-12-20,Milton Keynes Dons,Leicester
2022,EFL Cup,2022-12-20,Wolverhampton Wanderers,Gillingham
2022,EFL Cup,2022-12-20,Southampton,Lincoln City
2022,EFL Cup,2022-12-20,Newcastle United,Bournemouth
2022,EFL Cup,2022-12-21,Blackburn Rovers,Nottingham Forest
2022,EFL Cup,2022-12-21,Charlton Athletic,Brighton
2022,EFL Cup,2022-12-21,Manchester United,Burnley
2022,EFL Cup,2022-12-22,Manchester City,Liverpool
2022,EFL Cup,2023-01-10,Manchester United,Charlton Athletic
2022,EFL Cup,2023-01-10,Newcastle United,Leicester
2022,EFL Cup,2023-01-11,Nottingham Forest,Wolverhampton Wanderers
2022,EFL Cup,2023-01-11,Southampton,Manchester City
2023,FA Cup,2023-11-03,Sheppey United,Walsall
2023,FA Cup,2023-11-03,Barnsley,Horsham
2023,FA Cup,2023-11-14,Horsham,Barnsley
2023,FA Cup,2023-11-04,Northampton Town,Barrow
2023,FA Cup,2023-11-04,Curzon Ashton,Barnet
2023,FA Cup,2023-11-04,Alfreton Town,Worthing
2023,FA Cup,2023-11-04,Bolton Wanderers,Solihull Moors
2023,FA Cup,2023-11-04,Exeter City,Wigan Athletic
2023,FA Cup,2023-11-04,Leyton Orient,Carlisle United
2023,FA Cup,2023-11-04,Hereford,Gillingham
2023,FA Cup,2023-11-04,Oxford United,Maidenhead United
2023,FA Cup,2023-11-04,Newport County,Oldham Athletic
2023,FA Cup,2023-11-04,Swindon Town,Aldershot Town
2023,FA Cup,2023-11-04,Marine,Harrogate Town
2023,FA Cup,2023-11-04,Port Vale,Burton Albion
2023,FA Cup,2023-11-14,Burton Albion,Port Vale
2023,FA Cup,2023-11-04,Peterborough United,Salford City
2023,FA Cup,2023-11-14,Salford City,Peterborough United
2023,FA Cup,2023-11-04,Eastleigh,Boreham Wood
2023,FA Cup,2023-11-04,Bradford City,Wycombe Wanderers
2023,FA Cup,2023-11-04,Shrewsbury Town,Colchester United
2023,FA Cup,2023-11-04,Bristol Rovers,Whitby Town
2023,FA Cup,2023-11-04,Lincoln City,Morecambe
2023,FA Cup,2023-11-04,Sutton United,AFC Fylde
2023,FA Cup,2023-11-04,Reading,Milton Keynes Dons
2023,FA Cup,2023-11-04,Doncaster Rovers,Accrington Stanley
2023,FA Cup,2023-11-14,Accrington Stanley,Doncaster Rovers
2023,FA Cup,2023-11-04,Chester,York City
2023,FA Cup,2023-11-14,York City,Chester
2023,FA Cup,2023-11-04,Scarborough Athletic,Forest Green Rovers
2023,FA Cup,2023-11-14,Forest Green Rovers *,Scarborough Athletic
2023,FA Cup,2023-12-12,Scarborough Athletic,Forest Green Rovers
2023,FA Cup,2023-11-04,Notts County,Crawley Town
2023,FA Cup,2023-11-04,Stockport County,Worksop Town
2023,FA Cup,2023-11-04,Yeovil Town,Gateshead
2023,FA Cup,2023-11-04,Stevenage,Tranmere Rovers
2023,FA Cup,2023-11-04,Chesham United,Maidstone United
2023,FA Cup,2023-11-04,AFC Wimbledon,Cheltenham Town
2023,FA Cup,2023-11-04,Cambridge United,Bracknell Town
2023,FA Cup,2023-11-04,Ramsgate,Woking
2023,FA Cup,2023-11-04,Bromley,Blackpool
2023,FA Cup,2023-11-04,Mansfield Town,Wrexham
2023,FA Cup,2023-11-05,Chesterfield,Portsmouth
2023,FA Cup,2023-11-05,Kidderminster Harriers,Fleetwood Town
2023,FA Cup,2023-11-05,Slough Town,Grimsby Town
2023,FA Cup,2023-11-14,Grimsby Town,Slough Town
2023,FA Cup,2023-11-05,Crewe Alexandra,Derby County
2023,FA Cup,2023-11-14,Derby County,Crewe Alexandra
2023,FA Cup,2023-11-05,Charlton Athletic,Cray Valley Paper Mills
2023,FA Cup,2023-11-15,Cray Valley Paper Mills,Charlton Athletic
2023,FA Cup,2023-12-01,Notts County,Shrewsbury Town
2023,FA Cup,2023-12-01,York City,Wigan Athletic
2023,FA Cup,2023-12-02,Maidstone United,Barrow
2023,FA Cup,2023-12-02,Wycombe Wanderers,Morecambe
2023,FA Cup,2023-12-02,Cambridge United,Fleetwood Town
2023,FA Cup,2023-12-02,Bolton Wanderers,Harrogate Town
2023,FA Cup,2023-12-02,Peterborough United,Doncaster Rovers
2023,FA Cup,2023-12-02,Gillingham,Charlton Athletic
2023,FA Cup,2023-12-02,Stevenage,Port Vale
2023,FA Cup,2023-12-12,Port Vale,Stevenage
2023,FA Cup,2023-12-02,Newport County,Barnet
2023,FA Cup,2023-12-12,Barnet,Newport County
2023,FA Cup,2023-12-02,Oxford United,Grimsby Town
2023,FA Cup,2023-12-02,Sutton United,Horsham
2023,FA Cup,2023-12-03,Eastleigh,Reading
2023,FA Cup,2023-12-03,Chesterfield,Leyton Orient
2023,FA Cup,2023-12-03,Aldershot Town,Stockport County
2023,FA Cup,2023-12-13,Stockport County,Aldershot Town
2023,FA Cup,2023-12-03,Wrexham,Yeovil Town
2023,FA Cup,2023-12-04,AFC Wimbledon,Ramsgate
2023,FA Cup,2023-12-05,Alfreton Town,Walsall
2023,FA Cup,2023-12-12,Walsall,Alfreton Town
2023,FA Cup,2023-12-12,Crewe Alexandra,Bristol Rovers
2023,FA Cup,2023-12-19,Blackpool,Forest Green Rovers
2023,FA Cup,2024-01-04,Crystal Palace,Everton
2023,FA Cup,2024-01-17,Everton,Crystal Palace
2023,FA Cup,2024-01-05,Brentford,Wolverhampton Wanderers
2023,FA Cup,2024-01-16,Wolverhampton Wanderers,Brentford
2023,FA Cup,2024-01-05,Fulham,Rotherham United
2023,FA Cup,2024-01-05,Tottenham,Burnley
2023,FA Cup,2024-01-06,AFC Wimbledon,Ipswich
2023,FA Cup,2024-01-06,Millwall,Leicester
2023,FA Cup,2024-01-06,Coventry,Oxford United
2023,FA Cup,2024-01-06,Maidstone United,Stevenage
2023,FA Cup,2024-01-06,Sunderland,Newcastle United
2023,FA Cup,2024-01-06,Stoke,Brighton
2023,FA Cup,2024-01-06,Norwich,Bristol Rovers
2023,FA Cup,2024-01-17,Bristol Rovers,Norwich
2023,FA Cup,2024-01-06,Southampton,Walsall
2023,FA Cup,2024-01-06,Watford,Chesterfield
2023,FA Cup,2024-01-06,Blackburn Rovers,Cambridge United
2023,FA Cup,2024-01-06,Gillingham,Sheffield United
2023,FA Cup,2024-01-06,Queens Park Rangers,Bournemouth
2023,FA Cup,2024-01-06,Plymouth Argyle,Sutton United
2023,FA Cup,2024-01-06,Newport County,Eastleigh
2023,FA Cup,2024-01-16,Eastleigh,Newport County
2023,FA Cup,2024-01-06,Hull,Birmingham City
2023,FA Cup,2024-01-16,Birmingham City,Hull
2023,FA Cup,2024-01-06,Middlesbrough,Aston Villa
2023,FA Cup,2024-01-06,Sheffield Wednesday,Cardiff
2023,FA Cup,2024-01-06,Swansea,Morecambe
2023,FA Cup,2024-01-06,Chelsea,Preston North End
2023,FA Cup,2024-01-07,Luton,Bolton Wanderers
2023,FA Cup,2024-01-16,Bolton Wanderers,Luton
2023,FA Cup,2024-01-07,Shrewsbury Town,Wrexham
2023,FA Cup,2024-01-07,West Ham,Bristol City
2023,FA Cup,2024-01-16,Bristol City,West Ham
2023,FA Cup,2024-01-07,West Bromwich Albion,Aldershot Town
2023,FA Cup,2024-01-07,Peterborough United,Leeds
2023,FA Cup,2024-01-07,Nottingham Forest,Blackpool
2023,FA Cup,2024-01-17,Blackpool,Nottingham Forest
2023,FA Cup,2024-01-07,Manchester City,Huddersfield
2023,FA Cup,2024-01-07,Arsenal,Liverpool
2023,FA Cup,2024-01-08,Wigan Athletic,Manchester United
2023,FA Cup,2024-01-25,Bournemouth,Swansea
2023,FA Cup,2024-01-26,Bristol City,Nottingham Forest
2023,FA Cup,2024-02-07,Nottingham Forest,Bristol City
2023,FA Cup,2024-01-26,Sheffield Wednesday,Coventry
2023,FA Cup,2024-02-06,Coventry,Sheffield Wednesday
2023,FA Cup,2024-01-26,Chelsea,Aston Villa
2023,FA Cup,2024-02-07,Aston Villa,Chelsea
2023,FA Cup,2024-01-26,Tottenham,Manchester City
2023,FA Cup,2024-01-27,Ipswich,Maidstone United
2023,FA Cup,2024-01-27,Leicester,Birmingham City
2023,FA Cup,2024-01-27,Leeds,Plymouth Argyle
2023,FA Cup,2024-02-06,Plymouth Argyle,Leeds
2023,FA Cup,2024-01-27,Everton,Luton
2023,FA Cup,2024-01-27,Sheffield United,Brighton
2023,FA Cup,2024-01-27,Fulham,Newcastle United
2023,FA Cup,2024-01-28,West Bromwich Albion,Wolverhampton Wanderers
2023,FA Cup,2024-01-28,Watford,Southampton
2023,FA Cup,2024-02-06,Southampton,Watford
2023,FA Cup,2024-01-28,Liverpool,Norwich
2023,FA Cup,2024-01-28,Newport County,Manchester United
2023,FA Cup,2024-01-29,Blackburn Rovers,Wrexham
2023,FA Cup,2024-02-26,Coventry,Maidstone United
2023,FA Cup,2024-02-27,Bournemouth,Leicester
2023,FA Cup,2024-02-27,Blackburn Rovers,Newcastle United
2023,FA Cup,2024-02-27,Luton,Manchester City
2023,FA Cup,2024-02-28,Chelsea,Leeds
2023,FA Cup,2024-02-28,Nottingham Forest,Manchester United
2023,FA Cup,2024-02-28,Wolverhampton Wanderers,Brighton
2023,FA Cup,2024-02-28,Liverpool,Southampton
2023,FA Cup,2024-03-16,Wolverhampton Wanderers,Coventry
2023,FA Cup,2024-03-16,Manchester City,Newcastle United
2023,FA Cup,2024-03-17,Chelsea,Leicester
2023,FA Cup,2024-03-17,Manchester United,Liverpool
2023,FA Cup,2024-04-20,Manchester City,Chelsea
2023,FA Cup,2024-04-21,Coventry,Manchester United
2023,EFL Cup,2023-08-08,Huddersfield,Middlesbrough
2023,EFL Cup,2023-08-08,Mansfield Town,Grimsby Town
2023,EFL Cup,2023-08-08,Accrington Stanley,Bradford City
2023,EFL Cup,2023-08-08,Barnsley,Tranmere Rovers
2023,EFL Cup,2023-08-08,Blackburn Rovers,Walsall
2023,EFL Cup,2023-08-08,Bolton Wanderers,Barrow
2023,EFL Cup,2023-08-08,Derby County,Blackpool
2023,EFL Cup,2023-08-08,Harrogate Town,Carlisle United
2023,EFL Cup,2023-08-08,Hull,Doncaster Rovers
2023,EFL Cup,2023-08-08,Notts County,Lincoln City
2023,EFL Cup,2023-08-08,Port Vale,Fleetwood Town
2023,EFL Cup,2023-08-08,Preston North End,Salford City
2023,EFL Cup,2023-08-08,Rotherham United,Morecambe
2023,EFL Cup,2023-08-08,Sheffield Wednesday,Stockport County
2023,EFL Cup,2023-08-08,Stoke,West Bromwich Albion
2023,EFL Cup,2023-08-08,Sunderland,Crewe Alexandra
2023,EFL Cup,2023-08-08,Wrexham,Wigan Athletic
2023,EFL Cup,2023-08-09,Leeds,Shrewsbury Town
2023,EFL Cup,2023-08-09,Burton Albion,Leicester
2023,EFL Cup,2023-08-08,Newport County,Charlton Athletic
2023,EFL Cup,2023-08-08,Peterborough United,Swindon Town
2023,EFL Cup,2023-08-08,Swansea,Northampton Town
2023,EFL Cup,2023-08-08,Cheltenham Town,Birmingham City
2023,EFL Cup,2023-08-08,Exeter City,Crawley Town
2023,EFL Cup,2023-08-08,Forest Green Rovers,Portsmouth
2023,EFL Cup,2023-08-08,Gillingham,Southampton
2023,EFL Cup,2023-08-08,Millwall,Reading
2023,EFL Cup,2023-08-08,Milton Keynes Dons,Wycombe Wanderers
2023,EFL Cup,2023-08-08,Plymouth Argyle,Leyton Orient
2023,EFL Cup,2023-08-08,Stevenage,Watford
2023,EFL Cup,2023-08-08,Sutton United,Cambridge United
2023,EFL Cup,2023-08-09,AFC Wimbledon,Coventry
2023,EFL Cup,2023-08-09,Bristol City,Oxford United
2023,EFL Cup,2023-08-09,Cardiff,Colchester United
2023,EFL Cup,2023-08-09,Ipswich,Bristol Rovers
2023,EFL Cup,2023-08-16,Queens Park Rangers,Norwich
2023,EFL Cup,2023-08-29,Bolton Wanderers,Middlesbrough
2023,EFL Cup,2023-08-29,Port Vale,Crewe Alexandra
2023,EFL Cup,2023-08-29,Salford City,Leeds
2023,EFL Cup,2023-08-29,Sheffield Wednesday,Mansfield Town
2023,EFL Cup,2023-08-29,Stoke,Rotherham United
2023,EFL Cup,2023-08-29,Tranmere Rovers,Leicester
2023,EFL Cup,2023-08-29,Wolverhampton Wanderers,Blackpool
2023,EFL Cup,2023-08-29,Wrexham,Bradford City
2023,EFL Cup,2023-08-30,Doncaster Rovers,Everton
2023,EFL Cup,2023-08-30,Harrogate Town,Blackburn Rovers
2023,EFL Cup,2023-08-30,Nottingham Forest,Burnley
2023,EFL Cup,2023-08-30,Sheffield United,Lincoln City
2023,EFL Cup,2023-08-29,Birmingham City,Cardiff
2023,EFL Cup,2023-08-29,Bristol City,Norwich
2023,EFL Cup,2023-08-29,Exeter City,Stevenage
2023,EFL Cup,2023-08-29,Fulham,Tottenham
2023,EFL Cup,2023-08-29,Luton,Gillingham
2023,EFL Cup,2023-08-29,Newport County,Brentford
2023,EFL Cup,2023-08-29,Plymouth Argyle,Crystal Palace
2023,EFL Cup,2023-08-29,Portsmouth,Peterborough United
2023,EFL Cup,2023-08-29,Reading,Ipswich
2023,EFL Cup,2023-08-29,Swansea,Bournemouth
2023,EFL Cup,2023-08-29,Wycombe Wanderers,Sutton United
2023,EFL Cup,2023-08-30,Chelsea,AFC Wimbledon
2023,EFL Cup,2023-09-26,Bradford City,Middlesbrough
2023,EFL Cup,2023-09-26,Exeter City,Luton
2023,EFL Cup,2023-09-26,Ipswich,Wolverhampton Wanderers
2023,EFL Cup,2023-09-26,Mansfield Town,Peterborough United
2023,EFL Cup,2023-09-26,Port Vale,Sutton United
2023,EFL Cup,2023-09-26,Salford City,Burnley
2023,EFL Cup,2023-09-26,Manchester United,Crystal Palace
2023,EFL Cup,2023-09-27,Aston Villa,Everton
2023,EFL Cup,2023-09-27,Blackburn Rovers,Cardiff
2023,EFL Cup,2023-09-27,Bournemouth,Stoke
2023,EFL Cup,2023-09-27,Brentford,Arsenal
2023,EFL Cup,2023-09-27,Chelsea,Brighton
2023,EFL Cup,2023-09-27,Fulham,Norwich
2023,EFL Cup,2023-09-27,Lincoln City,West Ham
2023,EFL Cup,2023-09-27,Liverpool,Leicester
2023,EFL Cup,2023-09-27,Newcastle United,Manchester City
2023,EFL Cup,2023-10-31,Mansfield Town,Port Vale
2023,EFL Cup,2023-10-31,Exeter City,Middlesbrough
2023,EFL Cup,2023-11-01,West Ham,Arsenal
2023,EFL Cup,2023-11-01,Everton,Burnley
2023,EFL Cup,2023-11-01,Chelsea,Blackburn Rovers
2023,EFL Cup,2023-11-01,Ipswich,Fulham
2023,EFL Cup,2023-11-01,Bournemouth,Liverpool
2023,EFL Cup,2023-11-01,Manchester United,Newcastle United
2023,EFL Cup,2023-12-19,Everton,Fulham
2023,EFL Cup,2023-12-19,Port Vale,Middlesbrough
2023,EFL Cup,2023-12-19,Chelsea,Newcastle United
2023,EFL Cup,2023-12-20,Liverpool,West Ham
2024,FA Cup,2024-11-01,Notts County,Alfreton Town
2024,FA Cup,2024-11-01,Tamworth,Huddersfield
2024,FA Cup,2024-11-02,Barrow,Doncaster Rovers
2024,FA Cup,2024-11-02,Brackley Town,Braintree Town
2024,FA Cup,2024-11-02,Bradford City,Aldershot Town
2024,FA Cup,2024-11-02,Bristol Rovers,Weston-super-Mare
2024,FA Cup,2024-11-02,Burton Albion,Scarborough Athletic
2024,FA Cup,2024-11-02,Carlisle United,Wigan Athletic
2024,FA Cup,2024-11-02,Chesterfield,Horsham
2024,FA Cup,2024-11-02,Crewe Alexandra,Dagenham & Redbridge
2024,FA Cup,2024-11-02,Exeter City,Barnet
2024,FA Cup,2024-11-02,Gillingham,Blackpool
2024,FA Cup,2024-11-02,Grimsby Town,Wealdstone
2024,FA Cup,2024-11-02,Hednesford Town,Gainsborough Trinity
2024,FA Cup,2024-11-02,Maidenhead United,Crawley Town
2024,FA Cup,2024-11-02,Newport County,Peterborough United
2024,FA Cup,2024-11-02,Port Vale,Barnsley
2024,FA Cup,2024-11-02,Reading,Fleetwood Town
2024,FA Cup,2024-11-02,Rochdale,Bromley
2024,FA Cup,2024-11-02,Rotherham United,Cheltenham Town
2024,FA Cup,2024-11-02,Rushall Olympic,Accrington Stanley
2024,FA Cup,2024-11-02,Salford City,Shrewsbury Town
2024,FA Cup,2024-11-02,Solihull Moors,Maidstone United
2024,FA Cup,2024-11-02,Southend United,Charlton Athletic
2024,FA Cup,2024-11-02,Stevenage,Guiseley
2024,FA Cup,2024-11-02,Stockport County,Forest Green Rovers
2024,FA Cup,2024-11-02,Swindon Town,Colchester United
2024,FA Cup,2024-11-02,Tonbridge Angels,Harborough Town
2024,FA Cup,2024-11-02,Tranmere Rovers,Oldham Athletic
2024,FA Cup,2024-11-02,Walsall,Bolton Wanderers
2024,FA Cup,2024-11-02,Woking,Cambridge United
2024,FA Cup,2024-11-02,Worthing,Morecambe
2024,FA Cup,2024-11-02,Wycombe Wanderers,York City
2024,FA Cup,2024-11-02,Northampton Town,Kettering Town
2024,FA Cup,2024-11-03,Milton Keynes Dons,AFC Wimbledon
2024,FA Cup,2024-11-03,Sutton United,Birmingham City
2024,FA Cup,2024-11-03,Boreham Wood,Leyton Orient
2024,FA Cup,2024-11-03,Curzon Ashton,Mansfield Town
2024,FA Cup,2024-11-03,Harrogate Town,Wrexham
2024,FA Cup,2024-11-04,Chesham United,Lincoln City
2024,FA Cup,2024-11-29,Harrogate Town,Gainsborough Trinity
2024,FA Cup,2024-11-30,Wealdstone,Wycombe Wanderers
2024,FA Cup,2024-11-30,Accrington Stanley,Swindon Town
2024,FA Cup,2024-11-30,Barnsley,Bristol Rovers
2024,FA Cup,2024-11-30,Cambridge United,Wigan Athletic
2024,FA Cup,2024-11-30,Crawley Town,Lincoln City
2024,FA Cup,2024-11-30,Exeter City,Chesterfield
2024,FA Cup,2024-11-30,Leyton Orient,Oldham Athletic
2024,FA Cup,2024-11-30,Morecambe,Bradford City
2024,FA Cup,2024-11-30,Peterborough United,Notts County
2024,FA Cup,2024-11-30,Salford City,Cheltenham Town
2024,FA Cup,2024-11-30,Stevenage,Mansfield Town
2024,FA Cup,2024-11-30,Stockport County,Brackley Town
2024,FA Cup,2024-11-30,Walsall,Charlton Athletic
2024,FA Cup,2024-11-30,AFC Wimbledon,Dagenham & Redbridge
2024,FA Cup,2024-12-01,Kettering Town,Doncaster Rovers
2024,FA Cup,2024-12-01,Blackpool,Birmingham City
2024,FA Cup,2024-12-01,Burton Albion,Tamworth
2024,FA Cup,2024-12-01,Reading,Harborough Town
2024,FA Cup,2024-12-01,Solihull Moors,Bromley
2024,FA Cup,2025-01-09,Sheffield United,Cardiff
2024,FA Cup,2025-01-09,Everton,Peterborough United
2024,FA Cup,2025-01-09,Fulham,Watford
2024,FA Cup,2025-01-10,Wycombe Wanderers,Portsmouth
2024,FA Cup,2025-01-10,Aston Villa,West Ham
2024,FA Cup,2025-01-11,Birmingham City,Lincoln City
2024,FA Cup,2025-01-11,Bristol City,Wolverhampton Wanderers
2024,FA Cup,2025-01-11,Middlesbrough,Blackburn Rovers
2024,FA Cup,2025-01-11,Liverpool,Accrington Stanley
2024,FA Cup,2025-01-11,Leicester,Queens Park Rangers
2024,FA Cup,2025-01-11,Bournemouth,West Bromwich Albion
2024,FA Cup,2025-01-11,Brentford,Plymouth Argyle
2024,FA Cup,2025-01-11,Chelsea,Morecambe
2024,FA Cup,2025-01-11,Exeter City,Oxford United
2024,FA Cup,2025-01-11,Norwich,Brighton
2024,FA Cup,2025-01-11,Nottingham Forest,Luton
2024,FA Cup,2025-01-11,Reading,Burnley
2024,FA Cup,2025-01-11,Sunderland,Stoke
2024,FA Cup,2025-01-11,Leeds,Harrogate Town
2024,FA Cup,2025-01-11,Manchester City,Salford City
2024,FA Cup,2025-01-11,Coventry,Sheffield Wednesday
2024,FA Cup,2025-01-12,Hull,Doncaster Rovers
2024,FA Cup,2025-01-12,Tamworth,Tottenham
2024,FA Cup,2025-01-12,Arsenal,Manchester United
2024,FA Cup,2025-01-12,Crystal Palace,Stockport County
2024,FA Cup,2025-01-12,Ipswich,Bristol Rovers
2024,FA Cup,2025-01-12,Newcastle United,Bromley
2024,FA Cup,2025-01-12,Southampton,Swansea
2024,FA Cup,2025-01-13,Millwall,Dagenham & Redbridge
2024,FA Cup,2025-01-14,Leyton Orient,Derby County
2024,FA Cup,2025-01-14,Mansfield Town,Wigan Athletic
2024,FA Cup,2025-01-14,Preston North End,Charlton Athletic
2024,FA Cup,2025-02-07,Manchester United,Leicester
2024,FA Cup,2025-02-08,Leeds,Millwall
2024,FA Cup,2025-02-08,Leyton Orient,Manchester City
2024,FA Cup,2025-02-08,Coventry,Ipswich
2024,FA Cup,2025-02-08,Everton,Bournemouth
2024,FA Cup,2025-02-08,Preston North End,Wycombe Wanderers
2024,FA Cup,2025-02-08,Southampton,Burnley
2024,FA Cup,2025-02-08,Stoke,Cardiff
2024,FA Cup,2025-02-08,Wigan Athletic,Fulham
2024,FA Cup,2025-02-08,Birmingham City,Newcastle United
2024,FA Cup,2025-02-08,Brighton,Chelsea
2024,FA Cup,2025-02-09,Blackburn Rovers,Wolverhampton Wanderers
2024,FA Cup,2025-02-09,Plymouth Argyle,Liverpool
2024,FA Cup,2025-02-09,Aston Villa,Tottenham
2024,FA Cup,2025-02-10,Doncaster Rovers,Crystal Palace
2024,FA Cup,2025-02-11,Exeter City,Nottingham Forest
2024,FA Cup,2025-02-28,Aston Villa,Cardiff
2024,FA Cup,2025-03-01,Crystal Palace,Millwall
2024,FA Cup,2025-03-01,Preston North End,Burnley
2024,FA Cup,2025-03-01,Bournemouth,Wolverhampton Wanderers
2024,FA Cup,2025-03-01,Manchester City,Plymouth Argyle
2024,FA Cup,2025-03-02,Newcastle United,Brighton
2024,FA Cup,2025-03-02,Manchester United,Fulham
2024,FA Cup,2025-03-03,Nottingham Forest,Ipswich
2024,FA Cup,2025-03-29,Fulham,Crystal Palace
2024,FA Cup,2025-03-29,Brighton,Nottingham Forest
2024,FA Cup,2025-03-30,Preston North End,Aston Villa
2024,FA Cup,2025-03-30,Bournemouth,Manchester City
2024,FA Cup,2025-04-26,Crystal Palace,Aston Villa
2024,FA Cup,2025-04-27,Nottingham Forest,Manchester City
2024,EFL Cup,2024-08-13,Carlisle United,Stoke
2024,EFL Cup,2024-08-13,Stockport County,Blackburn Rovers
2024,EFL Cup,2024-08-13,Barrow,Port Vale
2024,EFL Cup,2024-08-13,Bolton Wanderers,Mansfield Town
2024,EFL Cup,2024-08-13,Burton Albion,Blackpool
2024,EFL Cup,2024-08-13,Derby County,Chesterfield
2024,EFL Cup,2024-08-13,Fleetwood Town,West Bromwich Albion
2024,EFL Cup,2024-08-13,Grimsby Town,Bradford City
2024,EFL Cup,2024-08-13,Huddersfield,Morecambe
2024,EFL Cup,2024-08-13,Lincoln City,Harrogate Town
2024,EFL Cup,2024-08-13,Preston North End,Sunderland
2024,EFL Cup,2024-08-13,Rotherham United,Crewe Alexandra
2024,EFL Cup,2024-08-13,Salford City,Doncaster Rovers
2024,EFL Cup,2024-08-13,Shrewsbury Town,Notts County
2024,EFL Cup,2024-08-13,Tranmere Rovers,Accrington Stanley
2024,EFL Cup,2024-08-13,Wigan Athletic,Barnsley
2024,EFL Cup,2024-08-13,Sheffield United,Wrexham
2024,EFL Cup,2024-08-14,Hull,Sheffield Wednesday
2024,EFL Cup,2024-08-14,Leeds,Middlesbrough
2024,EFL Cup,2024-08-13,Leyton Orient,Newport County
2024,EFL Cup,2024-08-13,Bristol City,Coventry
2024,EFL Cup,2024-08-13,Bromley,AFC Wimbledon
2024,EFL Cup,2024-08-13,Cambridge United,Queens Park Rangers
2024,EFL Cup,2024-08-13,Cardiff,Bristol Rovers
2024,EFL Cup,2024-08-13,Charlton Athletic,Birmingham City
2024,EFL Cup,2024-08-13,Colchester United,Reading
2024,EFL Cup,2024-08-13,Crawley Town,Swindon Town
2024,EFL Cup,2024-08-13,Northampton Town,Wycombe Wanderers
2024,EFL Cup,2024-08-13,Norwich,Stevenage
2024,EFL Cup,2024-08-13,Oxford United,Peterborough United
2024,EFL Cup,2024-08-13,Portsmouth,Millwall
2024,EFL Cup,2024-08-13,Swansea,Gillingham
2024,EFL Cup,2024-08-13,Walsall,Exeter City
2024,EFL Cup,2024-08-13,Watford,Milton Keynes Dons
2024,EFL Cup,2024-08-14,Plymouth Argyle,Cheltenham Town
2024,EFL Cup,2024-08-27,Middlesbrough,Stoke
2024,EFL Cup,2024-08-27,Barnsley,Sheffield United
2024,EFL Cup,2024-08-27,Barrow,Derby County
2024,EFL Cup,2024-08-27,Blackburn Rovers,Blackpool
2024,EFL Cup,2024-08-27,Everton,Doncaster Rovers
2024,EFL Cup,2024-08-27,Fleetwood Town,Rotherham United
2024,EFL Cup,2024-08-27,Grimsby Town,Sheffield Wednesday
2024,EFL Cup,2024-08-27,Harrogate Town,Preston North End
2024,EFL Cup,2024-08-27,Leicester,Tranmere Rovers
2024,EFL Cup,2024-08-27,Shrewsbury Town,Bolton Wanderers
2024,EFL Cup,2024-08-27,Walsall,Huddersfield
2024,EFL Cup,2024-08-28,Wolverhampton Wanderers,Burnley
2024,EFL Cup,2024-08-28,Nottingham Forest,Newcastle United
2024,EFL Cup,2024-08-27,Brighton,Crawley Town
2024,EFL Cup,2024-08-27,Coventry,Oxford United
2024,EFL Cup,2024-08-27,Millwall,Leyton Orient
2024,EFL Cup,2024-08-27,Queens Park Rangers,Luton
2024,EFL Cup,2024-08-27,Watford,Plymouth Argyle
2024,EFL Cup,2024-08-27,Birmingham City,Fulham
2024,EFL Cup,2024-08-27,Crystal Palace,Norwich
2024,EFL Cup,2024-08-28,AFC Wimbledon,Ipswich
2024,EFL Cup,2024-08-28,Cardiff,Southampton
2024,EFL Cup,2024-08-28,Colchester United,Brentford
2024,EFL Cup,2024-08-28,Swansea,Wycombe Wanderers
2024,EFL Cup,2024-08-28,West Ham,Bournemouth
2024,EFL Cup,2024-09-17,Stoke,Fleetwood Town
2024,EFL Cup,2024-09-17,Blackpool,Sheffield Wednesday
2024,EFL Cup,2024-09-17,Brentford,Leyton Orient
2024,EFL Cup,2024-09-17,Everton,Southampton
2024,EFL Cup,2024-09-17,Preston North End,Fulham
2024,EFL Cup,2024-09-17,Queens Park Rangers,Crystal Palace
2024,EFL Cup,2024-09-17,Manchester United,Barnsley
2024,EFL Cup,2024-09-18,Brighton,Wolverhampton Wanderers
2024,EFL Cup,2024-09-18,Coventry,Tottenham
2024,EFL Cup,2024-09-24,Chelsea,Barrow
2024,EFL Cup,2024-09-24,Manchester City,Watford
2024,EFL Cup,2024-09-24,Walsall,Leicester
2024,EFL Cup,2024-09-24,Wycombe Wanderers,Aston Villa
2024,EFL Cup,2024-09-25,Arsenal,Bolton Wanderers
2024,EFL Cup,2024-09-25,Liverpool,West Ham
2024,EFL Cup,2024-10-01,Newcastle United,AFC Wimbledon
2024,EFL Cup,2024-10-29,Southampton,Stoke
2024,EFL Cup,2024-10-29,Brentford,Sheffield Wednesday
2024,EFL Cup,2024-10-30,Brighton,Liverpool
2024,EFL Cup,2024-10-30,Aston Villa,Crystal Palace
2024,EFL Cup,2024-10-30,Manchester United,Leicester
2024,EFL Cup,2024-10-30,Newcastle United,Chelsea
2024,EFL Cup,2024-10-30,Preston North End,Arsenal
2024,EFL Cup,2024-10-30,Tottenham,Manchester City
2024,EFL Cup,2024-12-18,Arsenal,Crystal Palace
2024,EFL Cup,2024-12-18,Newcastle United,Brentford
2024,EFL Cup,2024-12-18,Southampton,Liverpool
2024,EFL Cup,2024-12-19,Tottenham,Manchester United
2025,FA Cup,2025-10-31,Luton,Forest Green Rovers
2025,FA Cup,2025-11-01,Chelmsford City,Braintree Town
2025,FA Cup,2025-11-01,AFC Wimbledon,Gateshead
2025,FA Cup,2025-11-01,Barnsley,York City
2025,FA Cup,2025-11-01,Blackpool,Scunthorpe United
2025,FA Cup,2025-11-01,Bolton Wanderers,Huddersfield
2025,FA Cup,2025-11-01,Boreham Wood,Crawley Town
2025,FA Cup,2025-11-01,Bromley,Bristol Rovers
2025,FA Cup,2025-11-01,Burton Albion,St Albans City
2025,FA Cup,2025-11-01,Buxton,Chatham Town
2025,FA Cup,2025-11-01,Cambridge United,Chester
2025,FA Cup,2025-11-01,Cheltenham Town,Bradford City
2025,FA Cup,2025-11-01,Colchester United,Milton Keynes Dons
2025,FA Cup,2025-11-01,Crewe Alexandra,Doncaster Rovers
2025,FA Cup,2025-11-01,FC Halifax Town,Exeter City
2025,FA Cup,2025-11-01,Fleetwood Town,Barnet
2025,FA Cup,2025-11-01,Grimsby Town,Ebbsfleet United
2025,FA Cup,2025-11-01,Macclesfield,AFC Totton
2025,FA Cup,2025-11-01,Mansfield Town,Harrogate Town
2025,FA Cup,2025-11-01,Newport County,Gillingham
2025,FA Cup,2025-11-01,Oldham Athletic,Northampton Town
2025,FA Cup,2025-11-01,Peterborough United,Cardiff
2025,FA Cup,2025-11-01,Reading,Carlisle United
2025,FA Cup,2025-11-01,Rotherham United,Swindon Town
2025,FA Cup,2025-11-01,Salford City,Lincoln City
2025,FA Cup,2025-11-01,Slough Town,Altrincham
2025,FA Cup,2025-11-01,Spennymoor Town,Barrow
2025,FA Cup,2025-11-01,Stevenage,Chesterfield
2025,FA Cup,2025-11-01,Sutton United,AFC Telford United
2025,FA Cup,2025-11-01,Tranmere Rovers,Stockport County
2025,FA Cup,2025-11-01,Wealdstone,Southend United
2025,FA Cup,2025-11-01,Weston-super-Mare,Aldershot Town
2025,FA Cup,2025-11-01,Wigan Athletic,Hemel Hempstead Town
2025,FA Cup,2025-11-01,Wycombe Wanderers,Plymouth Argyle
2025,FA Cup,2025-11-01,Brackley Town,Notts County
2025,FA Cup,2025-11-02,South Shields,Shrewsbury Town
2025,FA Cup,2025-11-02,Eastleigh,Walsall
2025,FA Cup,2025-11-02,Port Vale,Maldon & Tiptree
2025,FA Cup,2025-11-02,Gainsborough Trinity,Accrington Stanley
2025,FA Cup,2025-11-03,Tamworth,Leyton Orient
2025,FA Cup,2025-12-05,Salford City,Leyton Orient
2025,FA Cup,2025-12-06,Accrington Stanley,Mansfield Town
2025,FA Cup,2025-12-06,Chelmsford City,Weston-super-Mare
2025,FA Cup,2025-12-06,Cheltenham Town,Buxton
2025,FA Cup,2025-12-06,Exeter City,Wycombe Wanderers
2025,FA Cup,2025-12-06,Fleetwood Town,Luton
2025,FA Cup,2025-12-06,Grimsby Town,Wealdstone
2025,FA Cup,2025-12-06,Milton Keynes Dons,Oldham Athletic
2025,FA Cup,2025-12-06,Peterborough United,Barnsley
2025,FA Cup,2025-12-06,Port Vale,Bristol Rovers
2025,FA Cup,2025-12-06,Stockport County,Cambridge United
2025,FA Cup,2025-12-06,Swindon Town,Bolton Wanderers
2025,FA Cup,2025-12-06,Wigan Athletic,Barrow
2025,FA Cup,2025-12-06,Sutton United,Shrewsbury Town
2025,FA Cup,2025-12-06,Chesterfield,Doncaster Rovers
2025,FA Cup,2025-12-07,Slough Town,Macclesfield
2025,FA Cup,2025-12-07,Boreham Wood,Newport County
2025,FA Cup,2025-12-07,Gateshead,Walsall
2025,FA Cup,2025-12-07,Blackpool,Carlisle United
2025,FA Cup,2025-12-08,Brackley Town,Burton Albion
2025,FA Cup,2026-01-09,Milton Keynes Dons,Oxford United
2025,FA Cup,2026-01-09,Port Vale,Fleetwood Town
2025,FA Cup,2026-01-09,Preston North End,Wigan Athletic
2025,FA Cup,2026-01-09,Wrexham,Nottingham Forest
2025,FA Cup,2026-01-10,Cheltenham Town,Leicester
2025,FA Cup,2026-01-10,Everton,Sunderland
2025,FA Cup,2026-01-10,Macclesfield,Crystal Palace
2025,FA Cup,2026-01-10,Wolverhampton Wanderers,Shrewsbury Town
2025,FA Cup,2026-01-10,Boreham Wood,Burton Albion
2025,FA Cup,2026-01-10,Burnley,Millwall
2025,FA Cup,2026-01-10,Doncaster Rovers,Southampton
2025,FA Cup,2026-01-10,Fulham,Middlesbrough
2025,FA Cup,2026-01-10,Ipswich,Blackpool
2025,FA Cup,2026-01-10,Manchester City,Exeter City
2025,FA Cup,2026-01-10,Newcastle United,Bournemouth
2025,FA Cup,2026-01-10,Sheffield Wednesday,Brentford
2025,FA Cup,2026-01-10,Stoke,Coventry
2025,FA Cup,2026-01-10,Bristol City,Watford
2025,FA Cup,2026-01-10,Cambridge United,Birmingham City
2025,FA Cup,2026-01-10,Grimsby Town,Weston-super-Mare
2025,FA Cup,2026-01-10,Tottenham,Aston Villa
2025,FA Cup,2026-01-10,Charlton Athletic,Chelsea
2025,FA Cup,2026-01-11,Derby County,Leeds
2025,FA Cup,2026-01-11,Portsmouth,Arsenal
2025,FA Cup,2026-01-11,Hull,Blackburn Rovers
2025,FA Cup,2026-01-11,Norwich,Walsall
2025,FA Cup,2026-01-11,Sheffield United,Mansfield Town
2025,FA Cup,2026-01-11,Swansea,West Bromwich Albion
2025,FA Cup,2026-01-11,West Ham,Queens Park Rangers
2025,FA Cup,2026-01-11,Manchester United,Brighton
2025,FA Cup,2026-01-12,Liverpool,Barnsley
2025,FA Cup,2026-01-20,Salford City,Swindon Town
2025,FA Cup,2026-02-13,Hull,Chelsea
2025,FA Cup,2026-02-13,Wrexham,Ipswich
2025,FA Cup,2026-02-14,Burton Albion,West Ham
2025,FA Cup,2026-02-14,Burnley,Mansfield Town
2025,FA Cup,2026-02-14,Manchester City,Salford City
2025,FA Cup,2026-02-14,Norwich,West Bromwich Albion
2025,FA Cup,2026-02-14,Southampton,Leicester
2025,FA Cup,2026-02-14,Aston Villa,Newcastle United
2025,FA Cup,2026-02-14,Liverpool,Brighton
2025,FA Cup,2026-02-15,Birmingham City,Leeds
2025,FA Cup,2026-02-15,Grimsby Town,Wolverhampton Wanderers
2025,FA Cup,2026-02-15,Oxford United,Sunderland
2025,FA Cup,2026-02-15,Stoke,Fulham
2025,FA Cup,2026-02-15,Arsenal,Wigan Athletic
2025,FA Cup,2026-02-16,Macclesfield,Brentford
2025,FA Cup,2026-03-03,Port Vale,Bristol City
2025,FA Cup,2026-03-06,Wolverhampton Wanderers,Liverpool
2025,FA Cup,2026-03-07,Mansfield Town,Arsenal
2025,FA Cup,2026-03-07,Wrexham,Chelsea
2025,FA Cup,2026-03-07,Newcastle United,Manchester City
2025,FA Cup,2026-03-08,Fulham,Southampton
2025,FA Cup,2026-03-08,Port Vale,Sunderland
2025,FA Cup,2026-03-08,Leeds,Norwich
2025,FA Cup,2026-03-09,West Ham,Brentford
2025,FA Cup,2026-04-04,Manchester City,Liverpool
2025,FA Cup,2026-04-04,Chelsea,Port Vale
2025,FA Cup,2026-04-04,Southampton,Arsenal
2025,FA Cup,2026-04-05,West Ham,Leeds
2025,FA Cup,2026-04-25,Manchester City,Southampton
2025,FA Cup,2026-04-26,Chelsea,Leeds
2025,EFL Cup,2025-08-05,Accrington Stanley,Oldham Athletic
2025,EFL Cup,2025-07-29,Barnet,Newport County
2025,EFL Cup,2025-08-12,Barrow,Preston North End
2025,EFL Cup,2025-08-12,Middlesbrough,Doncaster Rovers
2025,EFL Cup,2025-08-12,Stockport County,Crewe Alexandra
2025,EFL Cup,2025-08-12,Accrington Stanley,Peterborough United
2025,EFL Cup,2025-08-12,Blackburn Rovers,Bradford City
2025,EFL Cup,2025-08-12,Blackpool,Port Vale
2025,EFL Cup,2025-08-12,Chesterfield,Mansfield Town
2025,EFL Cup,2025-08-12,Grimsby Town,Shrewsbury Town
2025,EFL Cup,2025-08-12,Harrogate Town,Lincoln City
2025,EFL Cup,2025-08-12,Salford City,Rotherham United
2025,EFL Cup,2025-08-12,Stoke,Walsall
2025,EFL Cup,2025-08-12,West Bromwich Albion,Derby County
2025,EFL Cup,2025-08-12,Wigan Athletic,Notts County
2025,EFL Cup,2025-08-12,Wrexham,Hull
2025,EFL Cup,2025-08-13,Barnsley,Fleetwood Town
2025,EFL Cup,2025-08-13,Bolton Wanderers,Sheffield Wednesday
2025,EFL Cup,2025-08-13,Huddersfield,Leicester
2025,EFL Cup,2025-08-13,Birmingham City,Sheffield United
2025,EFL Cup,2025-08-19,Tranmere Rovers,Burton Albion
2025,EFL Cup,2025-08-12,Swansea,Crawley Town
2025,EFL Cup,2025-08-12,Newport County,Millwall
2025,EFL Cup,2025-08-12,Bristol City,Milton Keynes Dons
2025,EFL Cup,2025-08-12,Bristol Rovers,Cambridge United
2025,EFL Cup,2025-08-12,Cardiff,Swindon Town
2025,EFL Cup,2025-08-12,Charlton Athletic,Stevenage
2025,EFL Cup,2025-08-12,Coventry,Luton
2025,EFL Cup,2025-08-12,Gillingham,AFC Wimbledon
2025,EFL Cup,2025-08-12,Leyton Orient,Wycombe Wanderers
2025,EFL Cup,2025-08-12,Northampton Town,Southampton
2025,EFL Cup,2025-08-12,Oxford United,Colchester United
2025,EFL Cup,2025-08-12,Plymouth Argyle,Queens Park Rangers
2025,EFL Cup,2025-08-12,Portsmouth,Reading
2025,EFL Cup,2025-08-12,Watford,Norwich
2025,EFL Cup,2025-08-12,Bromley,Ipswich
2025,EFL Cup,2025-08-13,Cheltenham Town,Exeter City
2025,EFL Cup,2025-08-26,Accrington Stanley,Doncaster Rovers
2025,EFL Cup,2025-08-26,Barnsley,Rotherham United
2025,EFL Cup,2025-08-26,Birmingham City,Port Vale
2025,EFL Cup,2025-08-26,Burnley,Derby County
2025,EFL Cup,2025-08-26,Burton Albion,Lincoln City
2025,EFL Cup,2025-08-26,Preston North End,Wrexham
2025,EFL Cup,2025-08-26,Stoke,Bradford City
2025,EFL Cup,2025-08-26,Sunderland,Huddersfield
2025,EFL Cup,2025-08-26,Wigan Athletic,Stockport County
2025,EFL Cup,2025-08-26,Sheffield Wednesday,Leeds
2025,EFL Cup,2025-08-27,Everton,Mansfield Town
2025,EFL Cup,2025-08-27,Grimsby Town,Manchester United
2025,EFL Cup,2025-08-26,Reading,AFC Wimbledon
2025,EFL Cup,2025-08-26,Cambridge United,Charlton Athletic
2025,EFL Cup,2025-08-26,Wolverhampton Wanderers,West Ham
2025,EFL Cup,2025-08-26,Bournemouth,Brentford
2025,EFL Cup,2025-08-26,Bromley,Wycombe Wanderers
2025,EFL Cup,2025-08-26,Cardiff,Cheltenham Town
2025,EFL Cup,2025-08-26,Millwall,Coventry
2025,EFL Cup,2025-08-26,Norwich,Southampton
2025,EFL Cup,2025-08-26,Swansea,Plymouth Argyle
2025,EFL Cup,2025-08-27,Fulham,Bristol City
2025,EFL Cup,2025-08-27,Oxford United,Brighton
2025,EFL Cup,2025-09-16,Sheffield Wednesday,Grimsby Town
2025,EFL Cup,2025-09-16,Brentford,Aston Villa
2025,EFL Cup,2025-09-16,Crystal Palace,Millwall
2025,EFL Cup,2025-09-17,Swansea,Nottingham Forest
2025,EFL Cup,2025-09-23,Barnsley,Brighton
2025,EFL Cup,2025-09-23,Burnley,Cardiff
2025,EFL Cup,2025-09-23,Fulham,Cambridge United
2025,EFL Cup,2025-09-23,Lincoln City,Chelsea
2025,EFL Cup,2025-09-23,Wigan Athletic,Wycombe Wanderers
2025,EFL Cup,2025-09-23,Wolverhampton Wanderers,Everton
2025,EFL Cup,2025-09-23,Wrexham,Reading
2025,EFL Cup,2025-09-23,Liverpool,Southampton
2025,EFL Cup,2025-09-24,Huddersfield,Manchester City
2025,EFL Cup,2025-09-24,Newcastle United,Bradford City
2025,EFL Cup,2025-09-24,Tottenham,Doncaster Rovers
2025,EFL Cup,2025-09-24,Port Vale,Arsenal
2025,EFL Cup,2025-10-28,Grimsby Town,Brentford
2025,EFL Cup,2025-10-28,Wycombe Wanderers,Fulham
2025,EFL Cup,2025-10-28,Wrexham,Cardiff
2025,EFL Cup,2025-10-29,Arsenal,Brighton
2025,EFL Cup,2025-10-29,Liverpool,Crystal Palace
2025,EFL Cup,2025-10-29,Swansea,Manchester City
2025,EFL Cup,2025-10-29,Wolverhampton Wanderers,Chelsea
2025,EFL Cup,2025-10-29,Newcastle United,Tottenham
2025,EFL Cup,2025-12-16,Cardiff,Chelsea
2025,EFL Cup,2025-12-17,Manchester City,Brentford
2025,EFL Cup,2025-12-17,Newcastle United,Fulham
2025,EFL Cup,2025-12-23,Arsenal,Crystal Palace
2026,EFL Cup,2026-08-01,Tranmere Rovers,Rochdale
2026,EFL Cup,2026-08-03,York City,Crawley Town
2026,EFL Cup,2026-08-07,Wolverhampton Wanderers,Port Vale
2026,EFL Cup,2026-08-07,Middlesbrough,Wrexham
2026,EFL Cup,2026-08-08,Barnsley,Wigan Athletic
2026,EFL Cup,2026-08-08,Bradford City,Rochdale
2026,EFL Cup,2026-08-08,Burnley,Notts County
2026,EFL Cup,2026-08-08,Burton Albion,Blackburn Rovers
2026,EFL Cup,2026-08-08,Crewe Alexandra,Accrington Stanley
2026,EFL Cup,2026-08-08,Derby County,Lincoln City
2026,EFL Cup,2026-08-08,Fleetwood Town,Chesterfield
2026,EFL Cup,2026-08-08,Grimsby Town,Blackpool
2026,EFL Cup,2026-08-08,Preston North End,Huddersfield
2026,EFL Cup,2026-08-08,Salford City,Shrewsbury Town
2026,EFL Cup,2026-08-08,Sheffield Wednesday,Bolton Wanderers
2026,EFL Cup,2026-08-08,Stockport County,Doncaster Rovers
2026,EFL Cup,2026-08-08,Stoke,Oldham Athletic
2026,EFL Cup,2026-08-08,Rotherham United,West Bromwich Albion
2026,EFL Cup,2026-08-09,Mansfield Town,Sheffield United
2026,EFL Cup,2026-08-06,Bristol City,Walsall
2026,EFL Cup,2026-08-07,Wycombe Wanderers,Stevenage
2026,EFL Cup,2026-08-08,Cambridge United,Barnet
2026,EFL Cup,2026-08-08,Queens Park Rangers,Millwall
2026,EFL Cup,2026-08-08,AFC Wimbledon,Newport County
2026,EFL Cup,2026-08-08,Bristol Rovers,Peterborough United
2026,EFL Cup,2026-08-08,Bromley,Reading
2026,EFL Cup,2026-08-08,Cardiff,Swindon Town
2026,EFL Cup,2026-08-08,Gillingham,Luton
2026,EFL Cup,2026-08-08,Leicester,Northampton Town
2026,EFL Cup,2026-08-08,Leyton Orient,Oxford United
2026,EFL Cup,2026-08-08,Norwich,Milton Keynes Dons
2026,EFL Cup,2026-08-08,Swansea,Birmingham City
2026,EFL Cup,2026-08-08,Watford,Crawley Town
2026,EFL Cup,2026-08-08,West Ham,Portsmouth
2026,EFL Cup,2026-08-08,Cheltenham Town,Charlton Athletic
2026,EFL Cup,2026-08-08,Colchester United,Southampton
2026,EFL Cup,2026-08-10,Plymouth Argyle,Exeter City
2026,EFL Cup,2026-08-25,Doncaster Rovers,Middlesbrough
2026,EFL Cup,2026-08-25,Barnsley,Crewe Alexandra
2026,EFL Cup,2026-08-25,Blackburn Rovers,Sheffield United
2026,EFL Cup,2026-08-25,Blackpool,Lincoln City
2026,EFL Cup,2026-08-25,Fleetwood Town,Shrewsbury Town
2026,EFL Cup,2026-08-25,Sheffield Wednesday,Wolverhampton Wanderers
2026,EFL Cup,2026-08-25,Stoke,Hull
2026,EFL Cup,2026-08-25,Nottingham Forest,Leeds
2026,EFL Cup,2026-08-26,Bradford City,Burnley
2026,EFL Cup,2026-08-26,Newcastle United,West Bromwich Albion
2026,EFL Cup,2026-08-26,Preston North End,Everton
2026,EFL Cup,2026-08-25,Cardiff,Norwich
2026,EFL Cup,2026-08-25,Cambridge United,Millwall
2026,EFL Cup,2026-08-25,Ipswich,Leicester
2026,EFL Cup,2026-08-25,Plymouth Argyle,Coventry
2026,EFL Cup,2026-08-25,Southampton,West Ham
2026,EFL Cup,2026-08-25,Stevenage,Reading
2026,EFL Cup,2026-08-25,Walsall,Leyton Orient
2026,EFL Cup,2026-08-25,Watford,Peterborough United
2026,EFL Cup,2026-08-25,Birmingham City,Brentford
2026,EFL Cup,2026-08-26,Tottenham,Charlton Athletic
2026,EFL Cup,2026-08-27,Chelsea,Luton
2026,EFL Cup,2026-08-27,Fulham,AFC Wimbledon
