season,gw,xi,boost,d0,H,floor,variant,games,mae,rmse,rankcorr,cover80,b_title,b_top4,b_releg
2018,5,,,0.16,,0.16,frozen,5.0,6.33132,9.047274934034004,0.8412342486768135,0.8,0.34272951999999995,0.5257669,1.2354148399999998
2018,10,,,0.16,,0.16,frozen,10.0,5.748780000000001,7.656624376708054,0.8841236513374382,0.8,0.21417823999999996,0.5042867400000001,0.6835094
2018,19,,,0.16,,0.16,frozen,19.0,5.010855,6.535385602204357,0.9533486521230077,0.75,0.6504606999999999,0.49363098,0.65381918
2018,28,,,0.16,,0.16,frozen,27.9,3.8395650000000012,4.731567871382594,0.9706549023194002,0.7,0.33598014,0.6329225999999999,0.12744974
2023,5,,,0.16,,0.16,frozen,4.9,8.94095,10.707364859805612,0.842186050884338,0.8,0.27126211999999994,1.56384102,1.24897208
2023,10,,,0.16,,0.16,frozen,10.0,7.676335,9.258923723981098,0.8760844160809348,0.75,0.2104886,1.2647215999999997,0.8141485199999999
2023,19,,,0.16,,0.16,frozen,18.8,6.20233,7.942967140433103,0.9235421273561703,0.7,0.4168619599999999,0.5299971600000001,0.5881318999999998
2023,28,,,0.16,,0.16,frozen,27.9,4.008185,4.868367513807889,0.928815206386752,0.65,0.4691699399999999,0.7081532799999999,0.21615675999999998
2022,5,,,0.16,,0.16,frozen,5.0,9.965414999999998,12.301425035356676,0.7413533834586465,0.65,0.108061,3.1942476200000005,2.54622518
2022,10,,,0.16,,0.16,frozen,9.9,10.184085,11.974988247363752,0.7473684210526315,0.65,0.11682392000000001,3.1765290799999994,2.1979600199999996
2022,19,,,0.16,,0.16,frozen,18.9,5.765935000000001,7.269607536758776,0.8872180451127819,0.75,0.17608002,1.68268068,2.2657781800000008
2022,28,,,0.16,,0.16,frozen,28.0,4.318765,5.241571185007412,0.9353383458646616,0.65,0.3034205,1.35291544,1.79739416
2024,5,,,0.16,,0.16,frozen,5.0,8.759669999999998,10.054873691250426,0.8528420942444371,0.75,0.8768327000000001,0.82313716,1.2895884599999998
2024,10,,,0.16,,0.16,frozen,10.0,8.276195,9.759585766645017,0.8648857601825758,0.8,0.6886972600000001,0.7858368799999998,1.2064333
2024,19,,,0.16,,0.16,frozen,18.9,5.533969999999999,6.984147103977692,0.9318786519634714,0.75,0.19604582,0.624119,0.5236900999999999
2024,28,,,0.16,,0.16,frozen,28.0,4.0804599999999995,4.989859296413076,0.9514496091129467,0.8,0.007862939999999994,0.6500397800000001,0.09669992000000002
2019,5,,,0.16,,0.16,frozen,5.0,7.6964950000000005,9.62398640681189,0.7492478376400131,0.85,0.68249244,1.0906809000000002,2.4715174
2019,10,,,0.16,,0.16,frozen,10.0,6.311309999999999,7.961788800954216,0.8478925278217636,0.8,0.5251406,1.1029416399999998,1.8832498
2019,19,,,0.16,,0.16,frozen,18.9,4.517365000000001,5.50701335294368,0.9269588825475941,0.8,0.023029199999999993,1.4805663399999998,1.3750446599999997
2019,28,,,0.16,,0.16,frozen,27.8,3.4571499999999995,4.266082879762183,0.9585854244379264,0.9,1.5680000000000138e-05,1.5390568999999998,1.4550839199999999
2021,5,,,0.16,,0.16,frozen,5.0,9.087164999999999,10.529210407694396,0.8266266097929232,0.7,0.42624312,1.2128992399999998,1.3792469799999998
2021,10,,,0.16,,0.16,frozen,10.0,8.181254999999998,9.550110997182179,0.8484393228811805,0.7,0.3935487,1.14781992,1.39587348
2021,19,,,0.16,,0.16,frozen,19.0,5.9119,7.496749351619006,0.8958255616591188,0.8,0.006727180000000003,0.82435088,1.06398016
2021,28,,,0.16,,0.16,frozen,28.0,4.5322249999999995,5.173846637125998,0.9559985632818976,0.55,0.047411619999999995,1.0542542400000001,0.33069506
2020,5,,,0.16,,0.16,frozen,4.9,7.115695,8.867362561015534,0.8577880532124933,0.8,0.25071688000000003,0.79470296,0.9290965999999999
2020,10,,,0.16,,0.16,frozen,9.8,7.2614149999999995,8.871303495794741,0.8540258249089298,0.8,0.36497188,0.6071740000000001,0.8020954400000001
2020,19,,,0.16,,0.16,frozen,18.9,4.454009999999999,5.735853343051929,0.9232508256944993,0.9,0.11570986000000004,1.12388548,0.25091672
2020,28,,,0.16,,0.16,frozen,27.7,4.096915000000001,5.089857890894401,0.9616255543908476,0.7,2.3380000000000193e-05,1.2421586999999998,0.34117734
2025,5,,,0.16,,0.16,frozen,5.0,9.214679999999998,11.348389742117604,0.5818596106363195,0.75,0.7311546199999999,3.0379815200000007,1.3215750800000001
2025,10,,,0.16,,0.16,frozen,10.0,7.902555000000001,9.529318025152692,0.7384272678321209,0.75,0.3148967,2.630577160000001,1.20414934
2025,19,,,0.16,,0.16,frozen,19.0,5.843775,7.038096226004586,0.8009037848862147,0.85,0.18649795999999996,1.5593567400000001,0.2985534
2025,28,,,0.16,,0.16,frozen,27.7,4.49394,5.174497127934269,0.8829512590897836,0.7,0.2285143,1.33340748,0.16843956000000002
2018,5,0.0045,1.0,0.16,12.0,0.04,model,5.0,6.04287,7.756174369365349,0.8954103362481289,0.8,0.27109748000000006,0.46289434,1.17327432
2018,5,0.0045,1.0,0.16,6.0,0.04,model,5.0,6.00771,7.737578805996099,0.9036872385159688,0.75,0.23872781999999998,0.43165280000000006,1.1777036600000002
2018,5,0.0045,1.0,0.16,24.0,0.04,model,5.0,6.088550000000001,7.79660215587534,0.8954103362481289,0.85,0.30126062000000003,0.50010656,1.1847500800000001
2018,5,0.0045,1.0,0.16,38.0,0.04,model,5.0,6.108199999999999,7.80905294731698,0.8893907709624272,0.85,0.3114078400000001,0.51755524,1.18243626
2018,5,0.0045,1.0,0.16,12.0,0.0,model,5.0,6.04287,7.756174369365349,0.8954103362481289,0.8,0.27109748000000006,0.46289434,1.17327432
2018,5,0.0045,1.0,0.16,12.0,0.08,model,5.0,6.04287,7.756174369365349,0.8954103362481289,0.8,0.27109748000000006,0.46289434,1.17327432
2018,5,0.0045,1.0,0.16,,0.16,model,5.0,6.13067,7.8389687415501275,0.8893907709624272,0.85,0.33059314,0.53783512,1.1954830199999997
2018,10,0.0045,1.0,0.16,12.0,0.04,model,10.0,5.5822899999999995,6.768732921012617,0.924003271355212,0.8,0.08400238,0.35821563999999995,0.66172016
2018,10,0.0045,1.0,0.16,6.0,0.04,model,10.0,5.5822899999999995,6.768732921012617,0.924003271355212,0.8,0.08400238,0.35821563999999995,0.66172016
2018,10,0.0045,1.0,0.16,24.0,0.04,model,10.0,5.550385,6.754473896870133,0.924003271355212,0.85,0.10238388000000001,0.38645954000000005,0.6922337
2018,10,0.0045,1.0,0.16,38.0,0.04,model,10.0,5.53889,6.756469775037849,0.924003271355212,0.9,0.11820147999999998,0.39001016000000005,0.69755528
2018,10,0.0045,1.0,0.16,12.0,0.0,model,10.0,5.598040000000001,6.785413874554743,0.9202410430516484,0.8,0.08447782000000001,0.35426456000000006,0.66140468
2018,10,0.0045,1.0,0.16,12.0,0.08,model,10.0,5.56079,6.7620381868930615,0.924003271355212,0.8,0.09678663999999997,0.37177837999999996,0.6756251799999999
2018,10,0.0045,1.0,0.16,,0.16,model,10.0,5.502805,6.746291466465113,0.924003271355212,0.9,0.14323137999999996,0.42389627999999996,0.74489796
2018,19,0.0045,1.0,0.16,12.0,0.04,model,19.0,4.704625,5.988035552207418,0.9525962064622949,0.7,1.0666889800000001,0.18552259999999998,0.9051288800000001
2018,19,0.0045,1.0,0.16,6.0,0.04,model,19.0,4.704625,5.988035552207418,0.9525962064622949,0.7,1.0666889800000001,0.18552259999999998,0.9051288800000001
2018,19,0.0045,1.0,0.16,24.0,0.04,model,19.0,4.704625,5.988035552207418,0.9525962064622949,0.7,1.0666889800000001,0.18552259999999998,0.9051288800000001
2018,19,0.0045,1.0,0.16,38.0,0.04,model,19.0,4.73509,6.017526688515806,0.9525962064622949,0.75,1.00528606,0.23610702000000003,0.8982300400000001
2018,19,0.0045,1.0,0.16,12.0,0.0,model,19.0,4.75509,5.983117901228422,0.9525962064622949,0.7,1.12138966,0.14921516,0.8811476200000001
2018,19,0.0045,1.0,0.16,12.0,0.08,model,19.0,4.73509,6.017526688515806,0.9525962064622949,0.75,1.00528606,0.23610702000000003,0.8982300400000001
2018,19,0.0045,1.0,0.16,,0.16,model,19.0,4.74651,6.0486259228852965,0.9525962064622949,0.75,0.88648432,0.34432070000000004,0.91335524
2018,28,0.0045,1.0,0.16,12.0,0.04,model,27.9,3.3063050000000005,4.002567866070482,0.9774269132658147,0.65,0.40329194000000007,0.71202746,0.06921156
2018,28,0.0045,1.0,0.16,6.0,0.04,model,27.9,3.3063050000000005,4.002567866070482,0.9774269132658147,0.65,0.40329194000000007,0.71202746,0.06921156
2018,28,0.0045,1.0,0.16,24.0,0.04,model,27.9,3.3063050000000005,4.002567866070482,0.9774269132658147,0.65,0.40329194000000007,0.71202746,0.06921156
2018,28,0.0045,1.0,0.16,38.0,0.04,model,27.9,3.30671,4.0023516539654524,0.9774269132658147,0.65,0.40087063999999994,0.7112121800000001,0.06909103999999998
2018,28,0.0045,1.0,0.16,12.0,0.0,model,27.9,3.3185399999999996,4.016254325736855,0.9774269132658147,0.65,0.39863594,0.73304846,0.06551946
2018,28,0.0045,1.0,0.16,12.0,0.08,model,27.9,3.2873449999999997,3.9830819615594146,0.9774269132658147,0.7,0.3953388599999999,0.70435932,0.07336304000000002
2018,28,0.0045,1.0,0.16,,0.16,model,27.9,3.3005199999999997,3.958384994919013,0.9774269132658147,0.75,0.41051042,0.69233996,0.09283302
2018,5,0.003,1.0,0.16,12.0,0.04,model,5.0,5.796845000000002,7.6655536155257575,0.9036872385159688,0.8,0.23559923999999996,0.4658861600000001,1.11989596
2018,5,0.003,1.0,0.16,6.0,0.04,model,5.0,5.758720000000001,7.647972681175059,0.9036872385159688,0.75,0.20400666,0.4244016,1.13754966
2018,5,0.003,1.0,0.16,24.0,0.04,model,5.0,5.848995,7.7184489353431625,0.9149739234266595,0.85,0.28232468,0.49293674000000004,1.13776746
2018,5,0.003,1.0,0.16,38.0,0.04,model,5.0,5.865834999999999,7.735827492744392,0.9149739234266595,0.85,0.2998901,0.5113226999999999,1.15794252
2018,5,0.003,1.0,0.16,12.0,0.0,model,5.0,5.796845000000002,7.6655536155257575,0.9036872385159688,0.8,0.23559923999999996,0.4658861600000001,1.11989596
2018,5,0.003,1.0,0.16,12.0,0.08,model,5.0,5.796845000000002,7.6655536155257575,0.9036872385159688,0.8,0.23559923999999996,0.4658861600000001,1.11989596
2018,5,0.003,1.0,0.16,,0.16,model,5.0,5.900725000000001,7.767411087840015,0.9089543581409577,0.85,0.31345306,0.5305875999999999,1.1689365999999997
2018,10,0.003,1.0,0.16,12.0,0.04,model,10.0,5.390874999999999,6.630680401248426,0.9300228366409139,0.8,0.0844402,0.3530697,0.59910084
2018,10,0.003,1.0,0.16,6.0,0.04,model,10.0,5.390874999999999,6.630680401248426,0.9300228366409139,0.8,0.0844402,0.3530697,0.59910084
2018,10,0.003,1.0,0.16,24.0,0.04,model,10.0,5.35093,6.612532425931838,0.924003271355212,0.9,0.10000252000000003,0.38107082,0.62446194
2018,10,0.003,1.0,0.16,38.0,0.04,model,10.0,5.330370000000001,6.603604988943539,0.9300228366409139,0.9,0.10982244,0.39764197999999995,0.6360984600000001
2018,10,0.003,1.0,0.16,12.0,0.0,model,10.0,5.389000000000001,6.631902568871169,0.9300228366409139,0.8,0.08491969999999999,0.35969530000000005,0.59696422
2018,10,0.003,1.0,0.16,12.0,0.08,model,10.0,5.36323,6.6181439275676075,0.924003271355212,0.8,0.09402616000000001,0.37597038,0.61171134
2018,10,0.003,1.0,0.16,,0.16,model,10.0,5.29763,6.608870628935023,0.9300228366409139,0.9,0.14445584,0.4280617399999999,0.6971790600000001
2018,19,0.003,1.0,0.16,12.0,0.04,model,19.0,4.652900000000001,5.9211527273834115,0.9541010977837204,0.75,0.94352752,0.20016536000000004,0.83839794
2018,19,0.003,1.0,0.16,6.0,0.04,model,19.0,4.652900000000001,5.9211527273834115,0.9541010977837204,0.75,0.94352752,0.20016536000000004,0.83839794
2018,19,0.003,1.0,0.16,24.0,0.04,model,19.0,4.652900000000001,5.9211527273834115,0.9541010977837204,0.75,0.94352752,0.20016536000000004,0.83839794
2018,19,0.003,1.0,0.16,38.0,0.04,model,19.0,4.66827,5.948328185044936,0.9541010977837204,0.75,0.89839668,0.25631771999999997,0.8416016800000001
2018,19,0.003,1.0,0.16,12.0,0.0,model,19.0,4.649,5.9137766316458045,0.9541010977837204,0.75,0.9981412599999999,0.17113464,0.83496388
2018,19,0.003,1.0,0.16,12.0,0.08,model,19.0,4.66827,5.948328185044936,0.9541010977837204,0.75,0.89839668,0.25631771999999997,0.8416016800000001
2018,19,0.003,1.0,0.16,,0.16,model,19.0,4.725715000000001,5.9946514060869305,0.9601206630694221,0.8,0.78822982,0.36316650000000006,0.8713193
2018,28,0.003,1.0,0.16,12.0,0.04,model,27.9,3.32723,4.062991115299172,0.9774269132658147,0.65,0.34986686,0.6691617599999999,0.07164904000000001
2018,28,0.003,1.0,0.16,6.0,0.04,model,27.9,3.32723,4.062991115299172,0.9774269132658147,0.65,0.34986686,0.6691617599999999,0.07164904000000001
2018,28,0.003,1.0,0.16,24.0,0.04,model,27.9,3.32723,4.062991115299172,0.9774269132658147,0.65,0.34986686,0.6691617599999999,0.07164904000000001
2018,28,0.003,1.0,0.16,38.0,0.04,model,27.9,3.325835,4.060203714408921,0.9774269132658147,0.65,0.34594616,0.66998676,0.07318087999999999
2018,28,0.003,1.0,0.16,12.0,0.0,model,27.9,3.3436899999999996,4.082203624759548,0.9774269132658147,0.65,0.34786214000000004,0.6704186400000001,0.07071699999999999
2018,28,0.003,1.0,0.16,12.0,0.08,model,27.9,3.3105249999999997,4.045317919583082,0.9774269132658147,0.65,0.34644512,0.6579285800000001,0.07746677999999999
2018,28,0.003,1.0,0.16,,0.16,model,27.9,3.3060599999999996,4.016311175444453,0.9774269132658147,0.75,0.36868445999999994,0.6646680199999999,0.10161428
2018,5,0.007,1.0,0.16,12.0,0.04,model,5.0,6.662090000000001,8.193164638160276,0.8901432166231398,0.85,0.34459814000000005,0.53252828,1.2138631999999998
2018,5,0.007,1.0,0.16,6.0,0.04,model,5.0,6.659179999999999,8.192658142690929,0.8901432166231398,0.75,0.32608116000000004,0.48433732,1.2167107199999998
2018,5,0.007,1.0,0.16,24.0,0.04,model,5.0,6.6817600000000015,8.23732599961905,0.8818663143553002,0.85,0.36813461999999997,0.55751314,1.2219787599999998
2018,5,0.007,1.0,0.16,38.0,0.04,model,5.0,6.690724999999999,8.247429050043412,0.8818663143553002,0.85,0.36818732,0.55889952,1.2121775200000002
2018,5,0.007,1.0,0.16,12.0,0.0,model,5.0,6.662090000000001,8.193164638160276,0.8901432166231398,0.85,0.34459814000000005,0.53252828,1.2138631999999998
2018,5,0.007,1.0,0.16,12.0,0.08,model,5.0,6.662090000000001,8.193164638160276,0.8901432166231398,0.85,0.34459814000000005,0.53252828,1.2138631999999998
2018,5,0.007,1.0,0.16,,0.16,model,5.0,6.71542,8.275612631763284,0.8818663143553002,0.85,0.39718475999999997,0.6032138600000001,1.2300355799999998
2018,10,0.007,1.0,0.16,12.0,0.04,model,10.0,6.097235,7.255254908030454,0.9142214777659469,0.8,0.0970405,0.43344782000000004,0.7472158600000001
2018,10,0.007,1.0,0.16,6.0,0.04,model,10.0,6.097235,7.255254908030454,0.9142214777659469,0.8,0.0970405,0.43344782000000004,0.7472158600000001
2018,10,0.007,1.0,0.16,24.0,0.04,model,10.0,6.0630999999999995,7.215448533736485,0.9142214777659469,0.85,0.11308519999999998,0.4364604199999999,0.75865046
2018,10,0.007,1.0,0.16,38.0,0.04,model,10.0,6.056254999999998,7.208581307337803,0.9142214777659469,0.85,0.12558943999999997,0.4494601000000001,0.7721608400000001
2018,10,0.007,1.0,0.16,12.0,0.0,model,10.0,6.1039699999999995,7.264720675290964,0.9142214777659469,0.75,0.09479075999999997,0.4254169399999999,0.74061678
2018,10,0.007,1.0,0.16,12.0,0.08,model,10.0,6.067169999999999,7.221669207807847,0.9142214777659469,0.85,0.10992006000000001,0.4290378799999999,0.7397711
2018,10,0.007,1.0,0.16,,0.16,model,10.0,6.041315,7.206488070516734,0.9142214777659469,0.9,0.15687077999999996,0.4650437399999999,0.8171951000000001
2018,19,0.007,1.0,0.16,12.0,0.04,model,19.0,4.846580000000001,6.207052567765156,0.9465766411765933,0.7,1.19762138,0.17710960000000003,0.94755574
2018,19,0.007,1.0,0.16,6.0,0.04,model,19.0,4.846580000000001,6.207052567765156,0.9465766411765933,0.7,1.19762138,0.17710960000000003,0.94755574
2018,19,0.007,1.0,0.16,24.0,0.04,model,19.0,4.846580000000001,6.207052567765156,0.9465766411765933,0.7,1.19762138,0.17710960000000003,0.94755574
2018,19,0.007,1.0,0.16,38.0,0.04,model,19.0,4.816985000000001,6.2170378216237365,0.950338869480157,0.7,1.1354062200000001,0.21943203999999997,0.9472332000000001
2018,19,0.007,1.0,0.16,12.0,0.0,model,19.0,4.8983550000000005,6.199444892367379,0.9465766411765933,0.7,1.24402984,0.13703594,0.91663532
2018,19,0.007,1.0,0.16,12.0,0.08,model,19.0,4.816985000000001,6.2170378216237365,0.950338869480157,0.7,1.1354062200000001,0.21943203999999997,0.9472332000000001
2018,19,0.007,1.0,0.16,,0.16,model,19.0,4.82939,6.251237729762003,0.950338869480157,0.8,0.9959496400000002,0.32943446000000004,0.96501568
2018,28,0.007,1.0,0.16,12.0,0.04,model,27.9,3.3748850000000004,4.005856652265531,0.9653877826944114,0.7,0.45878633999999996,0.8112580600000001,0.05889242000000001
2018,28,0.007,1.0,0.16,6.0,0.04,model,27.9,3.3748850000000004,4.005856652265531,0.9653877826944114,0.7,0.45878633999999996,0.8112580600000001,0.05889242000000001
2018,28,0.007,1.0,0.16,24.0,0.04,model,27.9,3.3748850000000004,4.005856652265531,0.9653877826944114,0.7,0.45878633999999996,0.8112580600000001,0.05889242000000001
2018,28,0.007,1.0,0.16,38.0,0.04,model,27.9,3.3756150000000007,4.007299429603434,0.9653877826944114,0.7,0.46513026,0.8129427,0.06013376000000002
2018,28,0.007,1.0,0.16,12.0,0.0,model,27.9,3.3966449999999995,4.035898898448769,0.9653877826944114,0.65,0.4441535,0.8334327,0.060437660000000025
2018,28,0.007,1.0,0.16,12.0,0.08,model,27.9,3.3657999999999992,3.988867373578619,0.9653877826944114,0.7,0.45001622,0.7942644200000001,0.06778644000000002
2018,28,0.007,1.0,0.16,,0.16,model,27.9,3.377360000000001,3.9715062225810507,0.9653877826944114,0.8,0.47064498000000005,0.7867432599999999,0.08433406000000002
2018,5,0.0045,2.0,0.16,12.0,0.04,model,5.0,6.14464,7.6189095975736585,0.9036872385159688,0.75,0.28079437999999995,0.48497422000000007,1.2860523600000002
2018,5,0.0045,2.0,0.16,6.0,0.04,model,5.0,6.144630000000001,7.632405046117508,0.8961627819088416,0.75,0.26370654,0.4495751999999999,1.3109025200000002
2018,5,0.0045,2.0,0.16,24.0,0.04,model,5.0,6.194325000000001,7.65095831072814,0.9036872385159688,0.8,0.31037542000000007,0.51180004,1.2930749000000001
2018,5,0.0045,2.0,0.16,38.0,0.04,model,5.0,6.20886,7.661740054974457,0.9036872385159688,0.8,0.31871678000000003,0.5294799199999999,1.2841173599999998
2018,5,0.0045,2.0,0.16,12.0,0.0,model,5.0,6.14464,7.6189095975736585,0.9036872385159688,0.75,0.28079437999999995,0.48497422000000007,1.2860523600000002
2018,5,0.0045,2.0,0.16,12.0,0.08,model,5.0,6.14464,7.6189095975736585,0.9036872385159688,0.75,0.28079437999999995,0.48497422000000007,1.2860523600000002
2018,5,0.0045,2.0,0.16,,0.16,model,5.0,6.236065000000002,7.684845630557586,0.8954103362481289,0.9,0.3367214599999999,0.5476345,1.278712
2018,10,0.0045,2.0,0.16,12.0,0.04,model,10.0,5.690489999999999,6.877919979834019,0.9194885973909357,0.75,0.07111665999999997,0.3659286199999999,0.8211225000000001
2018,10,0.0045,2.0,0.16,6.0,0.04,model,10.0,5.690489999999999,6.877919979834019,0.9194885973909357,0.75,0.07111665999999997,0.3659286199999999,0.8211225000000001
2018,10,0.0045,2.0,0.16,24.0,0.04,model,10.0,5.666079999999999,6.850441011496997,0.9194885973909357,0.8,0.08592424,0.38484593999999994,0.8318586400000001
2018,10,0.0045,2.0,0.16,38.0,0.04,model,10.0,5.672325000000001,6.848233259790441,0.924003271355212,0.9,0.09146328,0.39081183999999997,0.8436648000000001
2018,10,0.0045,2.0,0.16,12.0,0.0,model,10.0,5.70256,6.893266759817148,0.9194885973909357,0.75,0.06878152,0.36709857999999995,0.8190710800000001
2018,10,0.0045,2.0,0.16,12.0,0.08,model,10.0,5.67688,6.862387262389088,0.9194885973909357,0.8,0.08106245999999998,0.37664697999999996,0.8219989200000001
2018,10,0.0045,2.0,0.16,,0.16,model,10.0,5.66318,6.838972544907604,0.924003271355212,0.9,0.11627286000000005,0.42143329999999996,0.8639980200000001
2018,19,0.0045,2.0,0.16,12.0,0.04,model,19.0,4.77475,6.0494929432969835,0.9518437608015825,0.75,1.15020766,0.14795337999999997,1.0258943
2018,19,0.0045,2.0,0.16,6.0,0.04,model,19.0,4.77475,6.0494929432969835,0.9518437608015825,0.75,1.15020766,0.14795337999999997,1.0258943
2018,19,0.0045,2.0,0.16,24.0,0.04,model,19.0,4.77475,6.0494929432969835,0.9518437608015825,0.75,1.15020766,0.14795337999999997,1.0258943
2018,19,0.0045,2.0,0.16,38.0,0.04,model,19.0,4.790550000000001,6.0643442120315045,0.9533486521230077,0.75,1.0793040000000003,0.19534658000000005,1.0243244799999998
2018,19,0.0045,2.0,0.16,12.0,0.0,model,19.0,4.823699999999998,6.041004573909872,0.9518437608015825,0.75,1.2038923,0.12140533999999997,1.00544052
2018,19,0.0045,2.0,0.16,12.0,0.08,model,19.0,4.790550000000001,6.0643442120315045,0.9533486521230077,0.75,1.0793040000000003,0.19534658000000005,1.0243244799999998
2018,19,0.0045,2.0,0.16,,0.16,model,19.0,4.7880650000000005,6.0845722259251716,0.9533486521230077,0.75,0.94781352,0.30676844,1.02524282
2018,28,0.0045,2.0,0.16,12.0,0.04,model,27.9,3.25613,3.888428591089207,0.9774269132658147,0.65,0.41186893999999996,0.72360912,0.06761254000000001
2018,28,0.0045,2.0,0.16,6.0,0.04,model,27.9,3.25613,3.888428591089207,0.9774269132658147,0.65,0.41186893999999996,0.72360912,0.06761254000000001
2018,28,0.0045,2.0,0.16,24.0,0.04,model,27.9,3.25613,3.888428591089207,0.9774269132658147,0.65,0.41186893999999996,0.72360912,0.06761254000000001
2018,28,0.0045,2.0,0.16,38.0,0.04,model,27.9,3.2574650000000007,3.889619164069922,0.9774269132658147,0.65,0.40716294000000003,0.7219628199999999,0.06889332
2018,28,0.0045,2.0,0.16,12.0,0.0,model,27.9,3.2784500000000008,3.9184017082223725,0.9774269132658147,0.65,0.40797558,0.74282298,0.06703292000000002
2018,28,0.0045,2.0,0.16,12.0,0.08,model,27.9,3.240209999999999,3.873056543480871,0.9774269132658147,0.7,0.41223224,0.7182927,0.07348068000000002
2018,28,0.0045,2.0,0.16,,0.16,model,27.9,3.23596,3.8437295151974467,0.9774269132658147,0.75,0.4320790399999999,0.71412218,0.09600304
2018,5,0.003,2.0,0.16,12.0,0.04,model,5.0,5.891800000000001,7.495496624107037,0.9036872385159688,0.75,0.24372534000000004,0.47914545999999997,1.22420994
2018,5,0.003,2.0,0.16,6.0,0.04,model,5.0,5.89635,7.492143121964503,0.9036872385159688,0.75,0.213137,0.44814452000000005,1.2472373200000002
2018,5,0.003,2.0,0.16,24.0,0.04,model,5.0,5.92474,7.528751989207773,0.8976676732302671,0.85,0.2799193199999999,0.51799516,1.2134017999999998
2018,5,0.003,2.0,0.16,38.0,0.04,model,5.0,5.9246799999999995,7.532337207202025,0.8976676732302671,0.85,0.3005617400000001,0.5247026199999999,1.21685518
2018,5,0.003,2.0,0.16,12.0,0.0,model,5.0,5.891800000000001,7.495496624107037,0.9036872385159688,0.75,0.24372534000000004,0.47914545999999997,1.22420994
2018,5,0.003,2.0,0.16,12.0,0.08,model,5.0,5.891800000000001,7.495496624107037,0.9036872385159688,0.75,0.24372534000000004,0.47914545999999997,1.22420994
2018,5,0.003,2.0,0.16,,0.16,model,5.0,5.954955,7.564993400360637,0.8976676732302671,0.85,0.3169581199999999,0.5520467,1.2224182599999998
2018,10,0.003,2.0,0.16,12.0,0.04,model,10.0,5.482105,6.64503401605289,0.9255081626766374,0.75,0.06682863999999998,0.35346642,0.7412554199999999
2018,10,0.003,2.0,0.16,6.0,0.04,model,10.0,5.482105,6.64503401605289,0.9255081626766374,0.75,0.06682863999999998,0.35346642,0.7412554199999999
2018,10,0.003,2.0,0.16,24.0,0.04,model,10.0,5.433585000000001,6.615599996032105,0.924003271355212,0.85,0.08634995999999998,0.38526626,0.7345726
2018,10,0.003,2.0,0.16,38.0,0.04,model,10.0,5.443969999999999,6.626936402818424,0.924003271355212,0.9,0.0957394,0.38797703999999994,0.7520990399999999
2018,10,0.003,2.0,0.16,12.0,0.0,model,10.0,5.485215000000001,6.651546226893414,0.9255081626766374,0.75,0.06974926000000001,0.35196472,0.7273459000000002
2018,10,0.003,2.0,0.16,12.0,0.08,model,10.0,5.4416150000000005,6.622162797870496,0.924003271355212,0.85,0.07873908,0.37621296,0.7418345199999998
2018,10,0.003,2.0,0.16,,0.16,model,10.0,5.4071349999999985,6.616429912838191,0.924003271355212,0.9,0.12032791999999998,0.4150221800000001,0.78723956
2018,19,0.003,2.0,0.16,12.0,0.04,model,19.0,4.715245,5.9548660403488505,0.9556059891051459,0.75,1.0409091199999998,0.16765857999999997,0.9890245799999999
2018,19,0.003,2.0,0.16,6.0,0.04,model,19.0,4.715245,5.9548660403488505,0.9556059891051459,0.75,1.0409091199999998,0.16765857999999997,0.9890245799999999
2018,19,0.003,2.0,0.16,24.0,0.04,model,19.0,4.715245,5.9548660403488505,0.9556059891051459,0.75,1.0409091199999998,0.16765857999999997,0.9890245799999999
2018,19,0.003,2.0,0.16,38.0,0.04,model,19.0,4.73466,5.977962378101756,0.9556059891051459,0.75,0.9703202399999998,0.21454305999999998,0.9744967
2018,19,0.003,2.0,0.16,12.0,0.0,model,19.0,4.740565000000001,5.956344599710464,0.9541010977837204,0.75,1.09002016,0.1403402,0.96988506
2018,19,0.003,2.0,0.16,12.0,0.08,model,19.0,4.73466,5.977962378101756,0.9556059891051459,0.75,0.9703202399999998,0.21454305999999998,0.9744967
2018,19,0.003,2.0,0.16,,0.16,model,19.0,4.74466,6.009637676016749,0.9556059891051459,0.75,0.8661732200000002,0.33025086,0.98452308
2018,28,0.003,2.0,0.16,12.0,0.04,model,27.9,3.2682649999999995,3.929167542686363,0.9774269132658147,0.65,0.38001768,0.66617466,0.07501872
2018,28,0.003,2.0,0.16,6.0,0.04,model,27.9,3.2682649999999995,3.929167542686363,0.9774269132658147,0.65,0.38001768,0.66617466,0.07501872
2018,28,0.003,2.0,0.16,24.0,0.04,model,27.9,3.2682649999999995,3.929167542686363,0.9774269132658147,0.65,0.38001768,0.66617466,0.07501872
2018,28,0.003,2.0,0.16,38.0,0.04,model,27.9,3.266284999999999,3.929079120926428,0.9774269132658147,0.65,0.38036648,0.66938774,0.07604315999999998
2018,28,0.003,2.0,0.16,12.0,0.0,model,27.9,3.2928450000000007,3.95409271268391,0.9774269132658147,0.65,0.3658546399999999,0.6793964600000001,0.07221473999999999
2018,28,0.003,2.0,0.16,12.0,0.08,model,27.9,3.2448150000000004,3.911087997028449,0.9774269132658147,0.65,0.37645202,0.67224894,0.07818205999999997
2018,28,0.003,2.0,0.16,,0.16,model,27.9,3.226235,3.8824409795256387,0.9774269132658147,0.75,0.38949234,0.66636826,0.09904658
2018,5,0.0045,3.0,0.16,12.0,0.04,model,5.0,6.459979999999999,7.686294576842602,0.8893907709624272,0.75,0.28561417999999994,0.5052141600000001,1.3757266799999999
2018,5,0.0045,3.0,0.16,6.0,0.04,model,5.0,6.456209999999999,7.695118095260136,0.8893907709624272,0.75,0.26628986,0.4805545000000001,1.39336764
2018,5,0.0045,3.0,0.16,24.0,0.04,model,5.0,6.46588,7.699780149978309,0.8893907709624272,0.8,0.31893164,0.5344123999999999,1.3463145200000002
2018,5,0.0045,3.0,0.16,38.0,0.04,model,5.0,6.46663,7.700994978442721,0.8893907709624272,0.85,0.32585796000000006,0.55127102,1.35672542
2018,5,0.0045,3.0,0.16,12.0,0.0,model,5.0,6.459979999999999,7.686294576842602,0.8893907709624272,0.75,0.28561417999999994,0.5052141600000001,1.3757266799999999
2018,5,0.0045,3.0,0.16,12.0,0.08,model,5.0,6.459979999999999,7.686294576842602,0.8893907709624272,0.75,0.28561417999999994,0.5052141600000001,1.3757266799999999
2018,5,0.0045,3.0,0.16,,0.16,model,5.0,6.475744999999999,7.716008007221091,0.8893907709624272,0.85,0.3454705599999999,0.57837812,1.3503065599999997
2018,10,0.0045,3.0,0.16,12.0,0.04,model,10.0,5.811915000000001,7.05276428129425,0.9097068038016703,0.65,0.0638938,0.3874586399999999,0.9307874799999999
2018,10,0.0045,3.0,0.16,6.0,0.04,model,10.0,5.811915000000001,7.05276428129425,0.9097068038016703,0.65,0.0638938,0.3874586399999999,0.9307874799999999
2018,10,0.0045,3.0,0.16,24.0,0.04,model,10.0,5.7804649999999995,7.011601070761228,0.9194885973909357,0.75,0.07324992,0.3843053799999999,0.9295578
2018,10,0.0045,3.0,0.16,38.0,0.04,model,10.0,5.77191,6.994989954388784,0.9194885973909357,0.8,0.08290401999999998,0.40584786000000006,0.93325272
2018,10,0.0045,3.0,0.16,12.0,0.0,model,10.0,5.821105,7.06681699278395,0.9097068038016703,0.7,0.061464259999999986,0.39440602,0.9456313399999999
2018,10,0.0045,3.0,0.16,12.0,0.08,model,10.0,5.789894999999999,7.0246537401853475,0.9097068038016703,0.75,0.07153816000000003,0.39050112000000003,0.92172526
2018,10,0.0045,3.0,0.16,,0.16,model,10.0,5.771044999999999,6.9843840158241575,0.9134690321052341,0.85,0.11025484,0.4316135199999999,0.95354274
2018,19,0.0045,3.0,0.16,12.0,0.04,model,19.0,4.816660000000001,6.1012946432703945,0.9533486521230077,0.75,1.18573898,0.14016157999999998,1.08050334
2018,19,0.0045,3.0,0.16,6.0,0.04,model,19.0,4.816660000000001,6.1012946432703945,0.9533486521230077,0.75,1.18573898,0.14016157999999998,1.08050334
2018,19,0.0045,3.0,0.16,24.0,0.04,model,19.0,4.816660000000001,6.1012946432703945,0.9533486521230077,0.75,1.18573898,0.14016157999999998,1.08050334
2018,19,0.0045,3.0,0.16,38.0,0.04,model,19.0,4.833044999999999,6.112480708967513,0.9533486521230077,0.75,1.11734504,0.18047608,1.08502492
2018,19,0.0045,3.0,0.16,12.0,0.0,model,19.0,4.868304999999999,6.104526327447527,0.9533486521230077,0.75,1.23776168,0.11285093999999998,1.07498146
2018,19,0.0045,3.0,0.16,12.0,0.08,model,19.0,4.833044999999999,6.112480708967513,0.9533486521230077,0.75,1.11734504,0.18047608,1.08502492
2018,19,0.0045,3.0,0.16,,0.16,model,19.0,4.825150000000001,6.124203764327246,0.9458241955158806,0.75,0.96932314,0.28370799999999996,1.0922757999999997
2018,28,0.0045,3.0,0.16,12.0,0.04,model,27.9,3.2373850000000006,3.849457074900303,0.9774269132658147,0.65,0.41105258,0.71568486,0.06906352
2018,28,0.0045,3.0,0.16,6.0,0.04,model,27.9,3.2373850000000006,3.849457074900303,0.9774269132658147,0.65,0.41105258,0.71568486,0.06906352
2018,28,0.0045,3.0,0.16,24.0,0.04,model,27.9,3.2373850000000006,3.849457074900303,0.9774269132658147,0.65,0.41105258,0.71568486,0.06906352
2018,28,0.0045,3.0,0.16,38.0,0.04,model,27.9,3.235624999999999,3.8471719164212033,0.9774269132658147,0.65,0.41687593999999994,0.7176115799999999,0.06917171999999998
2018,28,0.0045,3.0,0.16,12.0,0.0,model,27.9,3.25663,3.8761046202340834,0.9774269132658147,0.65,0.41769799999999996,0.7304371799999999,0.0693875
2018,28,0.0045,3.0,0.16,12.0,0.08,model,27.9,3.21662,3.825860104603929,0.9774269132658147,0.7,0.41441432000000006,0.7244248999999998,0.07379201999999997
2018,28,0.0045,3.0,0.16,,0.16,model,27.9,3.2068400000000006,3.7960494048418285,0.9774269132658147,0.75,0.43655264000000005,0.71581864,0.09730734000000002
2018,5,0.003,3.0,0.16,12.0,0.04,model,5.0,6.150229999999999,7.475161425815498,0.9036872385159688,0.75,0.25718040000000003,0.50578118,1.28700596
2018,5,0.003,3.0,0.16,6.0,0.04,model,5.0,6.151804999999999,7.481679819900074,0.9036872385159688,0.75,0.22695432000000001,0.46427858,1.32657728
2018,5,0.003,3.0,0.16,24.0,0.04,model,5.0,6.181835000000001,7.51279183023861,0.8976676732302671,0.8,0.2800651600000001,0.5302078200000001,1.2854972199999999
2018,5,0.003,3.0,0.16,38.0,0.04,model,5.0,6.185370000000002,7.5169158197361785,0.8976676732302671,0.85,0.3000791,0.53874886,1.2668188799999998
2018,5,0.003,3.0,0.16,12.0,0.0,model,5.0,6.150229999999999,7.475161425815498,0.9036872385159688,0.75,0.25718040000000003,0.50578118,1.28700596
2018,5,0.003,3.0,0.16,12.0,0.08,model,5.0,6.150229999999999,7.475161425815498,0.9036872385159688,0.75,0.25718040000000003,0.50578118,1.28700596
2018,5,0.003,3.0,0.16,,0.16,model,5.0,6.19476,7.536245794359417,0.8976676732302671,0.9,0.31805872,0.56910934,1.27537472
2018,10,0.003,3.0,0.16,12.0,0.04,model,10.0,5.560169999999999,6.756714133659941,0.9194885973909357,0.7,0.06231715999999998,0.36055382,0.8283385600000001
2018,10,0.003,3.0,0.16,6.0,0.04,model,10.0,5.560169999999999,6.756714133659941,0.9194885973909357,0.7,0.06231715999999998,0.36055382,0.8283385600000001
2018,10,0.003,3.0,0.16,24.0,0.04,model,10.0,5.530464999999999,6.736074012471952,0.9194885973909357,0.8,0.0780258,0.3867279599999999,0.83032054
2018,10,0.003,3.0,0.16,38.0,0.04,model,10.0,5.519805000000001,6.733729938711531,0.9194885973909357,0.8,0.08623795999999999,0.39134996,0.8434399199999999
2018,10,0.003,3.0,0.16,12.0,0.0,model,10.0,5.567095,6.767182166788479,0.9194885973909357,0.75,0.06131853999999999,0.3559693,0.8266093599999998
2018,10,0.003,3.0,0.16,12.0,0.08,model,10.0,5.539080000000001,6.7442057628752705,0.9194885973909357,0.75,0.07171871999999999,0.37936363999999995,0.8316471200000002
2018,10,0.003,3.0,0.16,,0.16,model,10.0,5.501219999999999,6.724697796183855,0.924003271355212,0.9,0.10728213999999998,0.41377756000000004,0.8745882599999999
2018,19,0.003,3.0,0.16,12.0,0.04,model,19.0,4.7670200000000005,6.011089509398442,0.9533486521230077,0.75,1.0802470800000001,0.15293608,1.05232654
2018,19,0.003,3.0,0.16,6.0,0.04,model,19.0,4.7670200000000005,6.011089509398442,0.9533486521230077,0.75,1.0802470800000001,0.15293608,1.05232654
2018,19,0.003,3.0,0.16,24.0,0.04,model,19.0,4.7670200000000005,6.011089509398442,0.9533486521230077,0.75,1.0802470800000001,0.15293608,1.05232654
2018,19,0.003,3.0,0.16,38.0,0.04,model,19.0,4.78328,6.02449283657969,0.9533486521230077,0.75,1.0183693,0.19684393999999997,1.0355738399999999
2018,19,0.003,3.0,0.16,12.0,0.0,model,19.0,4.793774999999999,6.007225625153428,0.9556059891051459,0.75,1.13772566,0.12290041999999997,1.0339201399999998
2018,19,0.003,3.0,0.16,12.0,0.08,model,19.0,4.78328,6.02449283657969,0.9533486521230077,0.75,1.0183693,0.19684393999999997,1.0355738399999999
2018,19,0.003,3.0,0.16,,0.16,model,19.0,4.783044999999999,6.043045005996562,0.9458241955158806,0.75,0.9054904999999999,0.30533745999999995,1.04204914
2018,28,0.003,3.0,0.16,12.0,0.04,model,27.9,3.25383,3.8719062409877645,0.9774269132658147,0.65,0.39507197999999993,0.6766044999999999,0.07665692
2018,28,0.003,3.0,0.16,6.0,0.04,model,27.9,3.25383,3.8719062409877645,0.9774269132658147,0.65,0.39507197999999993,0.6766044999999999,0.07665692
2018,28,0.003,3.0,0.16,24.0,0.04,model,27.9,3.25383,3.8719062409877645,0.9774269132658147,0.65,0.39507197999999993,0.6766044999999999,0.07665692
2018,28,0.003,3.0,0.16,38.0,0.04,model,27.9,3.2535600000000002,3.873018750148262,0.9774269132658147,0.65,0.39356198,0.67759786,0.07638655999999999
2018,28,0.003,3.0,0.16,12.0,0.0,model,27.9,3.2822649999999998,3.9020973823701524,0.9774269132658147,0.65,0.38080266,0.6792457399999999,0.07403227999999998
2018,28,0.003,3.0,0.16,12.0,0.08,model,27.9,3.2226399999999997,3.854635908487337,0.9774269132658147,0.65,0.38825696,0.6791474600000001,0.0803002
2018,28,0.003,3.0,0.16,,0.16,model,27.9,3.18635,3.8229432682162585,0.9774269132658147,0.75,0.41232534000000004,0.6785780600000001,0.10509117999999996
2018,5,0.01,1.0,0.16,12.0,0.04,model,5.0,7.435015000000002,8.915353558580838,0.8600453901946313,0.85,0.41379501999999996,0.60674908,1.2207732199999999
2018,5,0.01,1.0,0.16,6.0,0.04,model,5.0,7.452010000000001,8.886020917598607,0.8600453901946313,0.85,0.39875425999999997,0.57064444,1.2179833599999998
2018,5,0.01,1.0,0.16,24.0,0.04,model,5.0,7.431639999999999,8.942857971644187,0.8600453901946313,0.85,0.4278018799999999,0.6488149799999999,1.2426445599999998
2018,5,0.01,1.0,0.16,38.0,0.04,model,5.0,7.439914999999999,8.958469698810172,0.8600453901946313,0.85,0.42874023999999994,0.6628836000000001,1.23805326
2018,5,0.01,1.0,0.16,12.0,0.0,model,5.0,7.435015000000002,8.915353558580838,0.8600453901946313,0.85,0.41379501999999996,0.60674908,1.2207732199999999
2018,5,0.01,1.0,0.16,12.0,0.08,model,5.0,7.435015000000002,8.915353558580838,0.8600453901946313,0.85,0.41379501999999996,0.60674908,1.2207732199999999
2018,5,0.01,1.0,0.16,,0.16,model,5.0,7.447159999999999,8.983659048461266,0.8600453901946313,0.85,0.44204785999999996,0.6877277200000002,1.2579766999999997
2018,10,0.01,1.0,0.16,12.0,0.04,model,10.0,6.646029999999999,7.8676824316313105,0.8976676732302671,0.75,0.10630312000000003,0.52671732,0.8062643000000002
2018,10,0.01,1.0,0.16,6.0,0.04,model,10.0,6.646029999999999,7.8676824316313105,0.8976676732302671,0.75,0.10630312000000003,0.52671732,0.8062643000000002
2018,10,0.01,1.0,0.16,24.0,0.04,model,10.0,6.6110050000000005,7.830075667418546,0.8976676732302671,0.8,0.12762406000000004,0.5322486,0.7969209799999999
2018,10,0.01,1.0,0.16,38.0,0.04,model,10.0,6.590095,7.81164134106911,0.8916481079445653,0.8,0.1460037,0.53328444,0.82179696
2018,10,0.01,1.0,0.16,12.0,0.0,model,10.0,6.655049999999998,7.883052919459566,0.8976676732302671,0.75,0.10662644000000003,0.5399673600000001,0.8098097599999998
2018,10,0.01,1.0,0.16,12.0,0.08,model,10.0,6.6231349999999996,7.843941969348063,0.8976676732302671,0.75,0.12470377999999999,0.5285294399999999,0.8048734
2018,10,0.01,1.0,0.16,,0.16,model,10.0,6.573054999999999,7.80348923293292,0.8856285426588637,0.85,0.17314442,0.5417474399999999,0.86303542
2018,19,0.01,1.0,0.16,12.0,0.04,model,19.0,5.01722,6.461135499894737,0.9465766411765933,0.7,1.3197976200000001,0.17257638,0.9690499800000002
2018,19,0.01,1.0,0.16,6.0,0.04,model,19.0,5.01722,6.461135499894737,0.9465766411765933,0.7,1.3197976200000001,0.17257638,0.9690499800000002
2018,19,0.01,1.0,0.16,24.0,0.04,model,19.0,5.01722,6.461135499894737,0.9465766411765933,0.7,1.3197976200000001,0.17257638,0.9690499800000002
2018,19,0.01,1.0,0.16,38.0,0.04,model,19.0,4.950234999999999,6.468685229356889,0.9465766411765933,0.7,1.2583381599999999,0.22088864000000002,0.9658297800000001
2018,19,0.01,1.0,0.16,12.0,0.0,model,19.0,5.084335,6.456796733868893,0.9443193041944553,0.7,1.3613933000000003,0.13810151999999998,0.95588574
2018,19,0.01,1.0,0.16,12.0,0.08,model,19.0,4.950234999999999,6.468685229356889,0.9465766411765933,0.7,1.2583381599999999,0.22088864000000002,0.9658297800000001
2018,19,0.01,1.0,0.16,,0.16,model,19.0,4.908645,6.485270440428834,0.9390521845694663,0.8,1.08874724,0.32684245999999995,1.0047814399999997
2018,28,0.01,1.0,0.16,12.0,0.04,model,27.9,3.486595,4.092363270837524,0.9638828913729859,0.7,0.48995137999999994,0.9209539400000002,0.05110642000000001
2018,28,0.01,1.0,0.16,6.0,0.04,model,27.9,3.486595,4.092363270837524,0.9638828913729859,0.7,0.48995137999999994,0.9209539400000002,0.05110642000000001
2018,28,0.01,1.0,0.16,24.0,0.04,model,27.9,3.486595,4.092363270837524,0.9638828913729859,0.7,0.48995137999999994,0.9209539400000002,0.05110642000000001
2018,28,0.01,1.0,0.16,38.0,0.04,model,27.9,3.4858249999999993,4.090807251814731,0.9638828913729859,0.7,0.49262834000000005,0.9199373,0.05279526000000002
2018,28,0.01,1.0,0.16,12.0,0.0,model,27.9,3.5000549999999997,4.113464950561752,0.9638828913729859,0.7,0.49491422,0.93997998,0.050328639999999994
2018,28,0.01,1.0,0.16,12.0,0.08,model,27.9,3.4832350000000005,4.080934529063167,0.9638828913729859,0.7,0.48836857999999994,0.9081273400000002,0.056573319999999996
2018,28,0.01,1.0,0.16,,0.16,model,27.9,3.49084,4.06945930720532,0.9653877826944114,0.75,0.48896498,0.8861325800000001,0.07513008000000003
2018,5,0.007,2.0,0.16,12.0,0.04,model,5.0,6.750100000000001,8.092577354465016,0.8713320751053221,0.75,0.3564121599999999,0.5295122000000001,1.3341581400000002
2018,5,0.007,2.0,0.16,6.0,0.04,model,5.0,6.748810000000001,8.09194516139352,0.8788565317124492,0.75,0.32624408,0.50026656,1.3653441000000002
2018,5,0.007,2.0,0.16,24.0,0.04,model,5.0,6.774009999999999,8.11842052735629,0.8577880532124933,0.8,0.36536339999999995,0.5717455600000001,1.33899346
2018,5,0.007,2.0,0.16,38.0,0.04,model,5.0,6.781059999999999,8.12379616829472,0.8577880532124933,0.8,0.38075159999999997,0.5812625600000001,1.34176336
2018,5,0.007,2.0,0.16,12.0,0.0,model,5.0,6.750100000000001,8.092577354465016,0.8713320751053221,0.75,0.3564121599999999,0.5295122000000001,1.3341581400000002
2018,5,0.007,2.0,0.16,12.0,0.08,model,5.0,6.750100000000001,8.092577354465016,0.8713320751053221,0.75,0.3564121599999999,0.5295122000000001,1.3341581400000002
2018,5,0.007,2.0,0.16,,0.16,model,5.0,6.79632,8.139253336025364,0.8577880532124933,0.85,0.39709772,0.61142836,1.34207892
2018,10,0.007,2.0,0.16,12.0,0.04,model,10.0,6.172905000000002,7.355967926282713,0.9021823471945433,0.75,0.07807832,0.44463714000000004,0.9189185599999998
2018,10,0.007,2.0,0.16,6.0,0.04,model,10.0,6.172905000000002,7.355967926282713,0.9021823471945433,0.75,0.07807832,0.44463714000000004,0.9189185599999998
2018,10,0.007,2.0,0.16,24.0,0.04,model,10.0,6.13702,7.3088583917052325,0.9021823471945433,0.75,0.09235251999999998,0.44337165999999995,0.9235957800000001
2018,10,0.007,2.0,0.16,38.0,0.04,model,10.0,6.1264899999999995,7.293127398722718,0.9021823471945433,0.8,0.10094996,0.4480312,0.92377404
2018,10,0.007,2.0,0.16,12.0,0.0,model,10.0,6.1832,7.372236749589639,0.9021823471945433,0.75,0.07894649999999999,0.44511692,0.9250375200000003
2018,10,0.007,2.0,0.16,12.0,0.08,model,10.0,6.139865,7.320042598680693,0.9021823471945433,0.75,0.0868264,0.44612618000000004,0.92200152
2018,10,0.007,2.0,0.16,,0.16,model,10.0,6.12298,7.279869030209267,0.9036872385159688,0.9,0.12378138000000001,0.46607944000000007,0.9555330800000001
2018,19,0.007,2.0,0.16,12.0,0.04,model,19.0,4.8773649999999975,6.216779445782197,0.950338869480157,0.75,1.25801288,0.14119472,1.0543403599999999
2018,19,0.007,2.0,0.16,6.0,0.04,model,19.0,4.8773649999999975,6.216779445782197,0.950338869480157,0.75,1.25801288,0.14119472,1.0543403599999999
2018,19,0.007,2.0,0.16,24.0,0.04,model,19.0,4.8773649999999975,6.216779445782197,0.950338869480157,0.75,1.25801288,0.14119472,1.0543403599999999
2018,19,0.007,2.0,0.16,38.0,0.04,model,19.0,4.861785,6.227842323429519,0.9518437608015825,0.75,1.18862594,0.18500176000000004,1.0590742999999998
2018,19,0.007,2.0,0.16,12.0,0.0,model,19.0,4.920445000000001,6.214512279455243,0.950338869480157,0.75,1.30444556,0.11305606,1.0564147399999997
2018,19,0.007,2.0,0.16,12.0,0.08,model,19.0,4.861785,6.227842323429519,0.9518437608015825,0.75,1.18862594,0.18500176000000004,1.0590742999999998
2018,19,0.007,2.0,0.16,,0.16,model,19.0,4.8541,6.2426879528773505,0.9443193041944553,0.8,1.0394348999999998,0.29128302,1.0728234
2018,28,0.007,2.0,0.16,12.0,0.04,model,27.9,3.31087,3.8969577335403582,0.971407347980113,0.7,0.45077526,0.81098346,0.0612314
2018,28,0.007,2.0,0.16,6.0,0.04,model,27.9,3.31087,3.8969577335403582,0.971407347980113,0.7,0.45077526,0.81098346,0.0612314
2018,28,0.007,2.0,0.16,24.0,0.04,model,27.9,3.31087,3.8969577335403582,0.971407347980113,0.7,0.45077526,0.81098346,0.0612314
2018,28,0.007,2.0,0.16,38.0,0.04,model,27.9,3.31135,3.89769857736588,0.971407347980113,0.7,0.45496274,0.8081461400000002,0.06110742000000001
2018,28,0.007,2.0,0.16,12.0,0.0,model,27.9,3.330735,3.9223345332212554,0.971407347980113,0.65,0.44963645999999996,0.8276237799999999,0.060087239999999986
2018,28,0.007,2.0,0.16,12.0,0.08,model,27.9,3.2941950000000007,3.8784679857515907,0.971407347980113,0.7,0.44349367999999995,0.8149086199999999,0.06480334
2018,28,0.007,2.0,0.16,,0.16,model,27.9,3.30201,3.8567111698959256,0.971407347980113,0.75,0.4698695,0.7930955800000001,0.08570874000000002
2018,5,0.01,2.0,0.16,12.0,0.04,model,5.0,7.4207350000000005,8.706825861328571,0.8487587052839407,0.8,0.40476036000000004,0.6200800399999999,1.3863487799999996
2018,5,0.01,2.0,0.16,6.0,0.04,model,5.0,7.420074999999999,8.697466384154641,0.8585404988732058,0.7,0.37363095999999996,0.60350638,1.41247036
2018,5,0.01,2.0,0.16,24.0,0.04,model,5.0,7.443769999999999,8.734501299902588,0.8352146833911119,0.85,0.4156958800000001,0.65506904,1.3751718999999998
2018,5,0.01,2.0,0.16,38.0,0.04,model,5.0,7.4482,8.738332112422828,0.8352146833911119,0.85,0.42629828,0.661331,1.3755099200000003
2018,5,0.01,2.0,0.16,12.0,0.0,model,5.0,7.4207350000000005,8.706825861328571,0.8487587052839407,0.8,0.40476036000000004,0.6200800399999999,1.3863487799999996
2018,5,0.01,2.0,0.16,12.0,0.08,model,5.0,7.4207350000000005,8.706825861328571,0.8487587052839407,0.8,0.40476036000000004,0.6200800399999999,1.3863487799999996
2018,5,0.01,2.0,0.16,,0.16,model,5.0,7.450779999999999,8.750695599836622,0.8352146833911119,0.85,0.4346697799999999,0.703025,1.3751776599999999
2018,10,0.01,2.0,0.16,12.0,0.04,model,10.0,6.580210000000001,7.823619443007182,0.8931529992659908,0.75,0.08483224,0.5255746000000001,0.9916697800000001
2018,10,0.01,2.0,0.16,6.0,0.04,model,10.0,6.580210000000001,7.823619443007182,0.8931529992659908,0.75,0.08483224,0.5255746000000001,0.9916697800000001
2018,10,0.01,2.0,0.16,24.0,0.04,model,10.0,6.54768,7.775987796286719,0.8908956622838525,0.75,0.09568723999999998,0.51988736,0.9719656999999999
2018,10,0.01,2.0,0.16,38.0,0.04,model,10.0,6.522265,7.7461043592569805,0.887133433980289,0.75,0.10853889999999997,0.53113748,0.9782559199999998
2018,10,0.01,2.0,0.16,12.0,0.0,model,10.0,6.596610000000001,7.843223355865879,0.8931529992659908,0.75,0.07945282000000002,0.5257771000000001,0.97560772
2018,10,0.01,2.0,0.16,12.0,0.08,model,10.0,6.562629999999999,7.795179021677438,0.8931529992659908,0.75,0.09124160000000002,0.5265723199999999,0.9824278000000001
2018,10,0.01,2.0,0.16,,0.16,model,10.0,6.512924999999998,7.729132008349967,0.8811138686945874,0.8,0.12868946,0.5401198999999999,0.99295286
2018,19,0.01,2.0,0.16,12.0,0.04,model,19.0,5.0029650000000006,6.395772917208679,0.9465766411765933,0.7,1.3507339999999999,0.1385567,1.0776693999999998
2018,19,0.01,2.0,0.16,6.0,0.04,model,19.0,5.0029650000000006,6.395772917208679,0.9465766411765933,0.7,1.3507339999999999,0.1385567,1.0776693999999998
2018,19,0.01,2.0,0.16,24.0,0.04,model,19.0,5.0029650000000006,6.395772917208679,0.9465766411765933,0.7,1.3507339999999999,0.1385567,1.0776693999999998
2018,19,0.01,2.0,0.16,38.0,0.04,model,19.0,4.943474999999999,6.4008123462182525,0.9465766411765933,0.75,1.2884985800000002,0.17942584,1.0809947199999999
2018,19,0.01,2.0,0.16,12.0,0.0,model,19.0,5.058959999999999,6.38639624624091,0.9465766411765933,0.7,1.38193224,0.10997174000000001,1.05375764
2018,19,0.01,2.0,0.16,12.0,0.08,model,19.0,4.943474999999999,6.4008123462182525,0.9465766411765933,0.75,1.2884985800000002,0.17942584,1.0809947199999999
2018,19,0.01,2.0,0.16,,0.16,model,19.0,4.897634999999998,6.4107203472386765,0.9443193041944553,0.8,1.1293885799999999,0.28255622,1.0885704
2018,28,0.01,2.0,0.16,12.0,0.04,model,27.9,3.389860000000001,3.9561383476819922,0.9638828913729859,0.7,0.47336456000000005,0.9174478399999999,0.05194711999999999
2018,28,0.01,2.0,0.16,6.0,0.04,model,27.9,3.389860000000001,3.9561383476819922,0.9638828913729859,0.7,0.47336456000000005,0.9174478399999999,0.05194711999999999
2018,28,0.01,2.0,0.16,24.0,0.04,model,27.9,3.389860000000001,3.9561383476819922,0.9638828913729859,0.7,0.47336456000000005,0.9174478399999999,0.05194711999999999
2018,28,0.01,2.0,0.16,38.0,0.04,model,27.9,3.391120000000001,3.9578005719085954,0.9638828913729859,0.7,0.47219767999999995,0.90721636,0.05178082000000002
2018,28,0.01,2.0,0.16,12.0,0.0,model,27.9,3.4052599999999993,3.9811833147947353,0.9638828913729859,0.7,0.46706113999999993,0.9271423600000002,0.05090503999999998
2018,28,0.01,2.0,0.16,12.0,0.08,model,27.9,3.3871049999999996,3.940978943803176,0.9638828913729859,0.7,0.4803960799999999,0.8847215800000001,0.055037320000000015
2018,28,0.01,2.0,0.16,,0.16,model,27.9,3.3966749999999992,3.926537235465876,0.9638828913729859,0.75,0.47902604000000004,0.88985106,0.07362978
2018,5,0.007,3.0,0.16,12.0,0.04,model,5.0,7.00624,8.182287328247522,0.8623027271767694,0.75,0.35718950000000005,0.5516031800000002,1.4385183999999995
2018,5,0.007,3.0,0.16,6.0,0.04,model,5.0,7.004069999999999,8.178528555492118,0.8623027271767694,0.7,0.33151516000000003,0.53270976,1.49392078
2018,5,0.007,3.0,0.16,24.0,0.04,model,5.0,7.017380000000001,8.195182975565585,0.8562831618910678,0.85,0.37488486,0.5935651799999999,1.4267142599999998
2018,5,0.007,3.0,0.16,38.0,0.04,model,5.0,7.030684999999998,8.203241545419711,0.8562831618910678,0.85,0.38567076,0.6016919600000001,1.4144947
2018,5,0.007,3.0,0.16,12.0,0.0,model,5.0,7.00624,8.182287328247522,0.8623027271767694,0.75,0.35718950000000005,0.5516031800000002,1.4385183999999995
2018,5,0.007,3.0,0.16,12.0,0.08,model,5.0,7.00624,8.182287328247522,0.8623027271767694,0.75,0.35718950000000005,0.5516031800000002,1.4385183999999995
2018,5,0.007,3.0,0.16,,0.16,model,5.0,7.029245,8.205691916011714,0.8562831618910678,0.85,0.40622040000000004,0.6339397200000001,1.4117078199999997
2018,10,0.007,3.0,0.16,12.0,0.04,model,10.0,6.230615,7.491360428153221,0.8908956622838525,0.7,0.06538294,0.4485219,1.0329788
2018,10,0.007,3.0,0.16,6.0,0.04,model,10.0,6.230615,7.491360428153221,0.8908956622838525,0.7,0.06538294,0.4485219,1.0329788
2018,10,0.007,3.0,0.16,24.0,0.04,model,10.0,6.177835,7.440411244380246,0.8908956622838525,0.7,0.07999948,0.4534062,1.01274086
2018,10,0.007,3.0,0.16,38.0,0.04,model,10.0,6.160525000000001,7.411804757783357,0.8908956622838525,0.7,0.0865908,0.4564095000000001,1.01403944
2018,10,0.007,3.0,0.16,12.0,0.0,model,10.0,6.253649999999999,7.5114010372899145,0.8908956622838525,0.75,0.06806736000000001,0.44541944000000006,1.03320216
2018,10,0.007,3.0,0.16,12.0,0.08,model,10.0,6.185765,7.45600713931391,0.8908956622838525,0.7,0.07519600000000003,0.44717222000000006,1.0198770799999999
2018,10,0.007,3.0,0.16,,0.16,model,10.0,6.149604999999999,7.387333438968353,0.884876096998151,0.85,0.11107207999999998,0.4779277200000001,1.0228741000000001
2018,19,0.007,3.0,0.16,12.0,0.04,model,19.0,4.891910000000001,6.240665777463172,0.9518437608015825,0.75,1.28650234,0.13681208,1.1078198400000001
2018,19,0.007,3.0,0.16,6.0,0.04,model,19.0,4.891910000000001,6.240665777463172,0.9518437608015825,0.75,1.28650234,0.13681208,1.1078198400000001
2018,19,0.007,3.0,0.16,24.0,0.04,model,19.0,4.891910000000001,6.240665777463172,0.9518437608015825,0.75,1.28650234,0.13681208,1.1078198400000001
2018,19,0.007,3.0,0.16,38.0,0.04,model,19.0,4.871279999999999,6.241764950636958,0.9518437608015825,0.75,1.2175556600000002,0.16757656,1.1141479999999997
2018,19,0.007,3.0,0.16,12.0,0.0,model,19.0,4.9498750000000005,6.2450395586817535,0.9518437608015825,0.75,1.3184878000000002,0.10075943999999999,1.1033332999999999
2018,19,0.007,3.0,0.16,12.0,0.08,model,19.0,4.871279999999999,6.241764950636958,0.9518437608015825,0.75,1.2175556600000002,0.16757656,1.1141479999999997
2018,19,0.007,3.0,0.16,,0.16,model,19.0,4.873009999999999,6.259735432987564,0.9443193041944553,0.8,1.0686342,0.27005538000000007,1.11179454
2018,28,0.007,3.0,0.16,12.0,0.04,model,27.9,3.28634,3.8580452174644084,0.971407347980113,0.7,0.43739306000000006,0.8121445399999999,0.06109487999999999
2018,28,0.007,3.0,0.16,6.0,0.04,model,27.9,3.28634,3.8580452174644084,0.971407347980113,0.7,0.43739306000000006,0.8121445399999999,0.06109487999999999
2018,28,0.007,3.0,0.16,24.0,0.04,model,27.9,3.28634,3.8580452174644084,0.971407347980113,0.7,0.43739306000000006,0.8121445399999999,0.06109487999999999
2018,28,0.007,3.0,0.16,38.0,0.04,model,27.9,3.2867950000000006,3.858808660260315,0.971407347980113,0.7,0.44264654000000003,0.80601996,0.06165255999999999
2018,28,0.007,3.0,0.16,12.0,0.0,model,27.9,3.3059800000000004,3.881348500199382,0.971407347980113,0.65,0.45030055999999996,0.8265017000000001,0.05967758000000002
2018,28,0.007,3.0,0.16,12.0,0.08,model,27.9,3.2608099999999993,3.8305758582750964,0.971407347980113,0.7,0.44236418000000005,0.8081274999999999,0.06442086000000001
2018,28,0.007,3.0,0.16,,0.16,model,27.9,3.2762699999999993,3.81662457375624,0.971407347980113,0.75,0.47307338000000004,0.7818970599999999,0.08748974000000002
2018,5,0.01,3.0,0.16,12.0,0.04,model,5.0,7.566865000000002,8.744861171882604,0.844996476980377,0.75,0.38708935999999994,0.6371427199999999,1.4835092199999997
2018,5,0.01,3.0,0.16,6.0,0.04,model,5.0,7.5693399999999995,8.739720274356612,0.844996476980377,0.65,0.36112034000000004,0.62258768,1.5179824199999996
2018,5,0.01,3.0,0.16,24.0,0.04,model,5.0,7.574275,8.766712986832637,0.8412342486768135,0.85,0.41485352000000003,0.6732613800000001,1.4530715000000003
2018,5,0.01,3.0,0.16,38.0,0.04,model,5.0,7.580454999999998,8.771529510609879,0.8412342486768135,0.85,0.41756536,0.69045806,1.45062016
2018,5,0.01,3.0,0.16,12.0,0.0,model,5.0,7.566865000000002,8.744861171882604,0.844996476980377,0.75,0.38708935999999994,0.6371427199999999,1.4835092199999997
2018,5,0.01,3.0,0.16,12.0,0.08,model,5.0,7.566865000000002,8.744861171882604,0.844996476980377,0.75,0.38708935999999994,0.6371427199999999,1.4835092199999997
2018,5,0.01,3.0,0.16,,0.16,model,5.0,7.578675000000001,8.773620036763617,0.8412342486768135,0.9,0.43410866,0.7119627,1.44913052
2018,10,0.01,3.0,0.16,12.0,0.04,model,10.0,6.566630000000001,7.878849711982073,0.8931529992659908,0.65,0.06982135999999999,0.5273327600000001,1.07464378
2018,10,0.01,3.0,0.16,6.0,0.04,model,10.0,6.566630000000001,7.878849711982073,0.8931529992659908,0.65,0.06982135999999999,0.5273327600000001,1.07464378
2018,10,0.01,3.0,0.16,24.0,0.04,model,10.0,6.510889999999999,7.827252585933329,0.887133433980289,0.7,0.07647001999999999,0.5136483799999998,1.0635163599999997
2018,10,0.01,3.0,0.16,38.0,0.04,model,10.0,6.48575,7.791181621936431,0.887133433980289,0.7,0.09002098000000001,0.5212540600000002,1.0567539400000003
2018,10,0.01,3.0,0.16,12.0,0.0,model,10.0,6.576175000000001,7.890199483504838,0.8931529992659908,0.6,0.06667914000000001,0.5258078199999999,1.0820475999999999
2018,10,0.01,3.0,0.16,12.0,0.08,model,10.0,6.52213,7.837908337050134,0.8931529992659908,0.7,0.07302244,0.52096138,1.06659058
2018,10,0.01,3.0,0.16,,0.16,model,10.0,6.4657800000000005,7.769996903088187,0.8811138686945874,0.8,0.11513062,0.54248138,1.07435718
2018,19,0.01,3.0,0.16,12.0,0.04,model,19.0,4.997929999999999,6.3845596595223375,0.9480815324980189,0.75,1.35177996,0.12556388,1.11360956
2018,19,0.01,3.0,0.16,6.0,0.04,model,19.0,4.997929999999999,6.3845596595223375,0.9480815324980189,0.75,1.35177996,0.12556388,1.11360956
2018,19,0.01,3.0,0.16,24.0,0.04,model,19.0,4.997929999999999,6.3845596595223375,0.9480815324980189,0.75,1.35177996,0.12556388,1.11360956
2018,19,0.01,3.0,0.16,38.0,0.04,model,19.0,4.936504999999999,6.3885024432569475,0.9518437608015825,0.75,1.30205408,0.16274362,1.1240747199999996
2018,19,0.01,3.0,0.16,12.0,0.0,model,19.0,5.05279,6.382942330226712,0.9480815324980189,0.75,1.39370622,0.10159146000000001,1.10506292
2018,19,0.01,3.0,0.16,12.0,0.08,model,19.0,4.936504999999999,6.3885024432569475,0.9518437608015825,0.75,1.30205408,0.16274362,1.1240747199999996
2018,19,0.01,3.0,0.16,,0.16,model,19.0,4.899589999999999,6.400586325642362,0.9443193041944553,0.8,1.1443783600000001,0.26991973999999996,1.1281701599999998
2018,28,0.01,3.0,0.16,12.0,0.04,model,27.9,3.3507599999999997,3.906307225244835,0.9699024566586875,0.7,0.46349192000000006,0.9087589600000001,0.050560879999999996
2018,28,0.01,3.0,0.16,6.0,0.04,model,27.9,3.3507599999999997,3.906307225244835,0.9699024566586875,0.7,0.46349192000000006,0.9087589600000001,0.050560879999999996
2018,28,0.01,3.0,0.16,24.0,0.04,model,27.9,3.3507599999999997,3.906307225244835,0.9699024566586875,0.7,0.46349192000000006,0.9087589600000001,0.050560879999999996
2018,28,0.01,3.0,0.16,38.0,0.04,model,27.9,3.3473550000000003,3.90250945335178,0.9699024566586875,0.7,0.46532306000000007,0.90770788,0.050218200000000005
2018,28,0.01,3.0,0.16,12.0,0.0,model,27.9,3.372429999999999,3.93385334042844,0.9699024566586875,0.7,0.4669645399999999,0.9191336400000001,0.05296964
2018,28,0.01,3.0,0.16,12.0,0.08,model,27.9,3.345014999999999,3.8881889865977444,0.9638828913729859,0.7,0.47219762,0.8900043,0.054129260000000005
2018,28,0.01,3.0,0.16,,0.16,model,27.9,3.3633200000000003,3.8793342450735033,0.9638828913729859,0.75,0.47716741999999995,0.8728345,0.0743862
2019,5,0.003,1.0,0.16,12.0,0.04,model,5.0,7.10536,9.394485182382269,0.7725912376066869,0.75,0.69978332,0.9636645199999999,2.43360204
2019,5,0.003,1.0,0.16,6.0,0.04,model,5.0,6.996930000000001,9.160375321568434,0.7951816246712099,0.7,0.7150099799999999,0.97478944,2.4928789399999998
2019,5,0.003,1.0,0.16,24.0,0.04,model,5.0,7.193494999999999,9.54365274847634,0.7778623279217423,0.8,0.6830492000000001,0.9719945200000001,2.38888728
2019,5,0.003,1.0,0.16,38.0,0.04,model,5.0,7.227880000000001,9.60390367553736,0.7778623279217423,0.8,0.6834173799999999,0.9782248000000001,2.38876562
2019,5,0.003,1.0,0.16,12.0,0.0,model,5.0,7.10536,9.394485182382269,0.7725912376066869,0.75,0.69978332,0.9636645199999999,2.43360204
2019,5,0.003,1.0,0.16,12.0,0.08,model,5.0,7.10536,9.394485182382269,0.7725912376066869,0.75,0.69978332,0.9636645199999999,2.43360204
2019,5,0.003,1.0,0.16,,0.16,model,5.0,7.281285000000001,9.70466853547817,0.7484948247378624,0.85,0.6796494600000001,0.9816247800000001,2.36494434
2019,10,0.003,1.0,0.16,12.0,0.04,model,10.0,6.0443,7.335997524127171,0.8546696439411205,0.8,0.5195446000000001,1.07307254,1.46018448
2019,10,0.003,1.0,0.16,6.0,0.04,model,10.0,6.0443,7.335997524127171,0.8546696439411205,0.8,0.5195446000000001,1.07307254,1.46018448
2019,10,0.003,1.0,0.16,24.0,0.04,model,10.0,6.071764999999999,7.4012841921182835,0.8546696439411205,0.8,0.52667664,1.0897888199999997,1.51778914
2019,10,0.003,1.0,0.16,38.0,0.04,model,10.0,6.083275,7.431609614040554,0.8546696439411205,0.8,0.52307998,1.09490578,1.5411513
2019,10,0.003,1.0,0.16,12.0,0.0,model,10.0,6.047855,7.325317008328036,0.8546696439411205,0.75,0.51301884,1.08076596,1.45147362
2019,10,0.003,1.0,0.16,12.0,0.08,model,10.0,6.0649299999999995,7.390171377376847,0.8546696439411205,0.8,0.5341274800000001,1.0858073399999997,1.50269412
2019,10,0.003,1.0,0.16,,0.16,model,10.0,6.110830000000002,7.491816580910133,0.8463865020174621,0.8,0.5519844799999999,1.08078002,1.5846523599999998
2019,19,0.003,1.0,0.16,12.0,0.04,model,18.9,3.3725650000000003,4.635825368960742,0.950302282514268,0.8,0.004213860000000002,1.7251760999999999,1.1898281999999998
2019,19,0.003,1.0,0.16,6.0,0.04,model,18.9,3.3725650000000003,4.635825368960742,0.950302282514268,0.8,0.004213860000000002,1.7251760999999999,1.1898281999999998
2019,19,0.003,1.0,0.16,24.0,0.04,model,18.9,3.3725650000000003,4.635825368960742,0.950302282514268,0.8,0.004213860000000002,1.7251760999999999,1.1898281999999998
2019,19,0.003,1.0,0.16,38.0,0.04,model,18.9,3.396540000000001,4.6309769039588184,0.9533143341228709,0.85,0.00419722,1.67413466,1.1862142999999998
2019,19,0.003,1.0,0.16,12.0,0.0,model,18.9,3.3588999999999984,4.645655860478689,0.950302282514268,0.8,0.0034701800000000033,1.7387788399999997,1.2065754599999998
2019,19,0.003,1.0,0.16,12.0,0.08,model,18.9,3.3975099999999996,4.632923882387882,0.9533143341228709,0.85,0.004178920000000001,1.6763633399999998,1.1843048600000001
2019,19,0.003,1.0,0.16,,0.16,model,18.9,3.4472499999999995,4.636614825926346,0.9533143341228709,0.95,0.010382260000000006,1.6065983400000001,1.18411906
2019,28,0.003,1.0,0.16,12.0,0.04,model,27.8,3.1583050000000013,3.944357676796059,0.9608444631443785,0.85,9.800000000000474e-07,1.7318062999999997,1.48310438
2019,28,0.003,1.0,0.16,6.0,0.04,model,27.8,3.1583050000000013,3.944357676796059,0.9608444631443785,0.85,9.800000000000474e-07,1.7318062999999997,1.48310438
2019,28,0.003,1.0,0.16,24.0,0.04,model,27.8,3.1583050000000013,3.944357676796059,0.9608444631443785,0.85,9.800000000000474e-07,1.7318062999999997,1.48310438
2019,28,0.003,1.0,0.16,38.0,0.04,model,27.8,3.156415000000001,3.941221289080329,0.9608444631443785,0.85,2.000000000000002e-06,1.72984622,1.4806756599999997
2019,28,0.003,1.0,0.16,12.0,0.0,model,27.8,3.174015,3.9571260005842617,0.9653625405572833,0.85,3.1999999999996475e-07,1.74666842,1.4814890199999997
2019,28,0.003,1.0,0.16,12.0,0.08,model,27.8,3.1382449999999995,3.9288153670667696,0.9623504889486801,0.85,9.800000000000474e-07,1.70795902,1.4530488400000001
2019,28,0.003,1.0,0.16,,0.16,model,27.8,3.0868349999999993,3.899971783679978,0.9623504889486801,0.9,4.4999999999998375e-06,1.63478788,1.44780746
2019,5,0.003,2.0,0.16,12.0,0.04,model,5.0,6.845675,9.450077570925014,0.7567779666615209,0.8,0.6813161000000001,0.88535022,2.3548048599999998
2019,5,0.003,2.0,0.16,6.0,0.04,model,5.0,6.737074999999999,9.21699479605473,0.7861454698454008,0.75,0.6842037400000002,0.8673091599999999,2.41429024
2019,5,0.003,2.0,0.16,24.0,0.04,model,5.0,6.938884999999999,9.613415843471039,0.743223734422807,0.8,0.6709318200000001,0.9043081000000003,2.3419014199999997
2019,5,0.003,2.0,0.16,38.0,0.04,model,5.0,6.967035,9.668573926670883,0.7289164892819424,0.8,0.6552236600000002,0.91209584,2.3272328200000003
2019,5,0.003,2.0,0.16,12.0,0.0,model,5.0,6.845675,9.450077570925014,0.7567779666615209,0.8,0.6813161000000001,0.88535022,2.3548048599999998
2019,5,0.003,2.0,0.16,12.0,0.08,model,5.0,6.845675,9.450077570925014,0.7567779666615209,0.8,0.6813161000000001,0.88535022,2.3548048599999998
2019,5,0.003,2.0,0.16,,0.16,model,5.0,7.0172500000000015,9.773808884411439,0.7266574505754901,0.8,0.6576015,0.93726612,2.3104564000000005
2019,10,0.003,2.0,0.16,12.0,0.04,model,10.0,6.23447,7.416871624950778,0.888555224537905,0.8,0.51014772,1.1537934200000002,1.4961563400000002
2019,10,0.003,2.0,0.16,6.0,0.04,model,10.0,6.23447,7.416871624950778,0.888555224537905,0.8,0.51014772,1.1537934200000002,1.4961563400000002
2019,10,0.003,2.0,0.16,24.0,0.04,model,10.0,6.244884999999999,7.477062684604162,0.8780130439077943,0.8,0.5243772600000002,1.1462011600000002,1.545263
2019,10,0.003,2.0,0.16,38.0,0.04,model,10.0,6.2446399999999995,7.500818350086876,0.8780130439077943,0.8,0.52269004,1.13733078,1.56734586
2019,10,0.003,2.0,0.16,12.0,0.0,model,10.0,6.232545,7.405413791240838,0.888555224537905,0.8,0.50262132,1.1584694599999998,1.49060422
2019,10,0.003,2.0,0.16,12.0,0.08,model,10.0,6.248565000000001,7.462988313839169,0.8780130439077943,0.8,0.5282503199999999,1.1511856000000003,1.5267827799999998
2019,10,0.003,2.0,0.16,,0.16,model,10.0,6.269629999999999,7.558633735338681,0.8765070181034926,0.8,0.5306833200000001,1.1497742600000003,1.58787932
2019,19,0.003,2.0,0.16,12.0,0.04,model,18.9,3.31548,4.609500744440768,0.9653625405572833,0.8,0.002479579999999997,1.7733128,1.16391636
2019,19,0.003,2.0,0.16,6.0,0.04,model,18.9,3.31548,4.609500744440768,0.9653625405572833,0.8,0.002479579999999997,1.7733128,1.16391636
2019,19,0.003,2.0,0.16,24.0,0.04,model,18.9,3.31548,4.609500744440768,0.9653625405572833,0.8,0.002479579999999997,1.7733128,1.16391636
2019,19,0.003,2.0,0.16,38.0,0.04,model,18.9,3.3273649999999995,4.617666237451555,0.9653625405572833,0.8,0.0030265800000000027,1.7494861199999996,1.1668192
2019,19,0.003,2.0,0.16,12.0,0.0,model,18.9,3.331549999999999,4.611439806502954,0.9653625405572833,0.8,0.002374820000000003,1.7793713,1.17534832
2019,19,0.003,2.0,0.16,12.0,0.08,model,18.9,3.3290949999999997,4.618915302698244,0.9653625405572833,0.8,0.003033680000000003,1.7511879599999998,1.1654844
2019,19,0.003,2.0,0.16,,0.16,model,18.9,3.3451099999999996,4.622240010427844,0.9698806179701878,0.95,0.008214500000000007,1.67357828,1.1488751400000001
2019,28,0.003,2.0,0.16,12.0,0.04,model,27.8,3.20543,3.934863645540973,0.9668685663615849,0.85,3.1999999999996475e-07,1.7832501,1.46315504
2019,28,0.003,2.0,0.16,6.0,0.04,model,27.8,3.20543,3.934863645540973,0.9668685663615849,0.85,3.1999999999996475e-07,1.7832501,1.46315504
2019,28,0.003,2.0,0.16,24.0,0.04,model,27.8,3.20543,3.934863645540973,0.9668685663615849,0.85,3.1999999999996475e-07,1.7832501,1.46315504
2019,28,0.003,2.0,0.16,38.0,0.04,model,27.8,3.2037499999999994,3.93175966750258,0.9668685663615849,0.85,4.999999999999449e-07,1.7768551799999999,1.46492746
2019,28,0.003,2.0,0.16,12.0,0.0,model,27.8,3.2170649999999994,3.9451631143084565,0.9653625405572833,0.85,3.1999999999996475e-07,1.78747054,1.46285698
2019,28,0.003,2.0,0.16,12.0,0.08,model,27.8,3.17597,3.9107143931767756,0.9668685663615849,0.85,4.999999999999449e-07,1.7575565999999998,1.43973594
2019,28,0.003,2.0,0.16,,0.16,model,27.8,3.134225,3.890312225837407,0.9668685663615849,0.9,5.120000000000147e-06,1.6846976400000002,1.4247226199999998
2019,5,0.0045,1.0,0.16,12.0,0.04,model,5.0,6.957604999999999,9.408808432341472,0.7876514956497023,0.7,0.6536789200000002,0.9064391000000002,2.35154028
2019,5,0.0045,1.0,0.16,6.0,0.04,model,5.0,6.890455,9.181709132645185,0.8012057278884162,0.7,0.6631354600000001,0.89029122,2.3884247800000002
2019,5,0.0045,1.0,0.16,24.0,0.04,model,5.0,7.026865000000001,9.573980742434152,0.759037005367973,0.8,0.641958,0.9257635399999999,2.33287488
2019,5,0.0045,1.0,0.16,38.0,0.04,model,5.0,7.049850000000001,9.630605509779746,0.759037005367973,0.85,0.6437622000000001,0.9393449,2.30781088
2019,5,0.0045,1.0,0.16,12.0,0.0,model,5.0,6.957604999999999,9.408808432341472,0.7876514956497023,0.7,0.6536789200000002,0.9064391000000002,2.35154028
2019,5,0.0045,1.0,0.16,12.0,0.08,model,5.0,6.957604999999999,9.408808432341472,0.7876514956497023,0.7,0.6536789200000002,0.9064391000000002,2.35154028
2019,5,0.0045,1.0,0.16,,0.16,model,5.0,7.1099950000000005,9.743079503293608,0.7447297602271086,0.9,0.6495906199999998,0.9553392599999999,2.31663238
2019,10,0.0045,1.0,0.16,12.0,0.04,model,10.0,6.34307,7.573163860831218,0.8712359277884374,0.7,0.53629284,1.19010736,1.4773413800000004
2019,10,0.0045,1.0,0.16,6.0,0.04,model,10.0,6.34307,7.573163860831218,0.8712359277884374,0.7,0.53629284,1.19010736,1.4773413800000004
2019,10,0.0045,1.0,0.16,24.0,0.04,model,10.0,6.358770000000002,7.624617481749496,0.8599407342561759,0.8,0.5530941600000001,1.1852345599999998,1.53062784
2019,10,0.0045,1.0,0.16,38.0,0.04,model,10.0,6.372835,7.6543761492038005,0.8463865020174621,0.8,0.5431363000000001,1.17427932,1.5586363599999997
2019,10,0.0045,1.0,0.16,12.0,0.0,model,10.0,6.328690000000002,7.553799337551932,0.8712359277884374,0.75,0.5332568,1.2002558200000002,1.4811174399999998
2019,10,0.0045,1.0,0.16,12.0,0.08,model,10.0,6.34881,7.605527201976207,0.8614467600604775,0.75,0.54446034,1.1790695,1.50964074
2019,10,0.0045,1.0,0.16,,0.16,model,10.0,6.397039999999999,7.723252843070723,0.8493985536260651,0.85,0.5521290000000001,1.1732756999999998,1.5900774199999999
2019,19,0.0045,1.0,0.16,12.0,0.04,model,18.9,3.43879,4.712730804321419,0.960091450242228,0.8,0.0029992199999999986,1.7898769200000002,1.2107562399999998
2019,19,0.0045,1.0,0.16,6.0,0.04,model,18.9,3.43879,4.712730804321419,0.960091450242228,0.8,0.0029992199999999986,1.7898769200000002,1.2107562399999998
2019,19,0.0045,1.0,0.16,24.0,0.04,model,18.9,3.43879,4.712730804321419,0.960091450242228,0.8,0.0029992199999999986,1.7898769200000002,1.2107562399999998
2019,19,0.0045,1.0,0.16,38.0,0.04,model,18.9,3.452535,4.708323179912357,0.960091450242228,0.8,0.0037678199999999977,1.75365408,1.2013569999999998
2019,19,0.0045,1.0,0.16,12.0,0.0,model,18.9,3.4357699999999993,4.715425227590828,0.960091450242228,0.8,0.0027018600000000012,1.7975049399999998,1.2370746999999997
2019,19,0.0045,1.0,0.16,12.0,0.08,model,18.9,3.452984999999999,4.709728463457315,0.960091450242228,0.8,0.0037159800000000002,1.7543111400000002,1.1998548800000002
2019,19,0.0045,1.0,0.16,,0.16,model,18.9,3.5202700000000013,4.723363160079903,0.960091450242228,0.9,0.008315260000000005,1.6673108,1.1842627999999997
2019,28,0.0045,1.0,0.16,12.0,0.04,model,27.8,3.191935,3.9785795631732683,0.9653625405572833,0.85,4.999999999999449e-07,1.7830243799999999,1.50246674
2019,28,0.0045,1.0,0.16,6.0,0.04,model,27.8,3.191935,3.9785795631732683,0.9653625405572833,0.85,4.999999999999449e-07,1.7830243799999999,1.50246674
2019,28,0.0045,1.0,0.16,24.0,0.04,model,27.8,3.191935,3.9785795631732683,0.9653625405572833,0.85,4.999999999999449e-07,1.7830243799999999,1.50246674
2019,28,0.0045,1.0,0.16,38.0,0.04,model,27.8,3.1936099999999987,3.9799020977908475,0.9653625405572833,0.85,7.200000000000539e-07,1.7881166800000001,1.5022776800000002
2019,28,0.0045,1.0,0.16,12.0,0.0,model,27.8,3.206774999999999,3.993135452060197,0.9653625405572833,0.85,1.7999999999998017e-07,1.7938906999999997,1.50550656
2019,28,0.0045,1.0,0.16,12.0,0.08,model,27.8,3.17022,3.9642721039303037,0.9668685663615849,0.85,3.1999999999996475e-07,1.7621749199999999,1.4902571
2019,28,0.0045,1.0,0.16,,0.16,model,27.8,3.11063,3.943188034826643,0.9668685663615849,0.9,8.000000000000008e-06,1.6825190200000002,1.4625657799999998
2019,5,0.007,1.0,0.16,12.0,0.04,model,5.0,6.970945,9.476905064866907,0.7891575214540038,0.75,0.5980887799999999,0.8543856800000001,2.22880474
2019,5,0.007,1.0,0.16,6.0,0.04,model,5.0,6.77105,9.231506899851183,0.7959346375733607,0.75,0.5996615200000001,0.8276435200000001,2.2738649
2019,5,0.007,1.0,0.16,24.0,0.04,model,5.0,7.132520000000001,9.650905165475413,0.753012902150767,0.8,0.6000435799999999,0.8919532,2.2229214999999996
2019,5,0.007,1.0,0.16,38.0,0.04,model,5.0,7.182750000000001,9.715671057420584,0.7477418118357118,0.85,0.60728718,0.8995278799999998,2.22046218
2019,5,0.007,1.0,0.16,12.0,0.0,model,5.0,6.970945,9.476905064866907,0.7891575214540038,0.75,0.5980887799999999,0.8543856800000001,2.22880474
2019,5,0.007,1.0,0.16,12.0,0.08,model,5.0,6.970945,9.476905064866907,0.7891575214540038,0.75,0.5980887799999999,0.8543856800000001,2.22880474
2019,5,0.007,1.0,0.16,,0.16,model,5.0,7.277915,9.82317376505679,0.7409646957163546,0.85,0.61845412,0.9407267800000001,2.2129883799999996
2019,10,0.007,1.0,0.16,12.0,0.04,model,10.0,6.675835000000001,7.917197237817182,0.8765070181034926,0.7,0.5561736,1.32145944,1.49368272
2019,10,0.007,1.0,0.16,6.0,0.04,model,10.0,6.675835000000001,7.917197237817182,0.8765070181034926,0.7,0.5561736,1.32145944,1.49368272
2019,10,0.007,1.0,0.16,24.0,0.04,model,10.0,6.711085,7.994045686102876,0.8765070181034926,0.7,0.5644219999999999,1.30216178,1.53915624
2019,10,0.007,1.0,0.16,38.0,0.04,model,10.0,6.72189,8.032893788479965,0.8765070181034926,0.8,0.5688248999999999,1.2748538,1.5629598199999999
2019,10,0.007,1.0,0.16,12.0,0.0,model,10.0,6.67731,7.915486989440384,0.8712359277884374,0.7,0.54903296,1.33140182,1.4847546
2019,10,0.007,1.0,0.16,12.0,0.08,model,10.0,6.715245000000001,7.980108325486566,0.8765070181034926,0.7,0.5615029999999999,1.3014380399999996,1.5217793799999995
2019,10,0.007,1.0,0.16,,0.16,model,10.0,6.72997,8.10333145484004,0.8765070181034926,0.85,0.5640842400000002,1.27063892,1.59096628
2019,19,0.007,1.0,0.16,12.0,0.04,model,18.9,3.5555999999999996,4.789754399966662,0.9698806179701878,0.8,0.0027324799999999955,1.83847052,1.2570785599999998
2019,19,0.007,1.0,0.16,6.0,0.04,model,18.9,3.5555999999999996,4.789754399966662,0.9698806179701878,0.8,0.0027324799999999955,1.83847052,1.2570785599999998
2019,19,0.007,1.0,0.16,24.0,0.04,model,18.9,3.5555999999999996,4.789754399966662,0.9698806179701878,0.8,0.0027324799999999955,1.83847052,1.2570785599999998
2019,19,0.007,1.0,0.16,38.0,0.04,model,18.9,3.560745,4.788349246608898,0.9743986953830925,0.8,0.0035437999999999963,1.80223048,1.2293313000000001
2019,19,0.007,1.0,0.16,12.0,0.0,model,18.9,3.5668300000000017,4.791440449071657,0.9653625405572833,0.8,0.0022772600000000014,1.83469572,1.2484981599999998
2019,19,0.007,1.0,0.16,12.0,0.08,model,18.9,3.5597599999999985,4.787722397027629,0.9743986953830925,0.8,0.0035672199999999955,1.8024864999999999,1.2300905
2019,19,0.007,1.0,0.16,,0.16,model,18.9,3.60482,4.805552583106339,0.9781637598938462,0.9,0.008906299999999995,1.7255807399999998,1.1957072999999998
2019,28,0.007,1.0,0.16,12.0,0.04,model,27.8,3.2215000000000016,4.0184163312180585,0.9608444631443785,0.85,4.999999999999449e-07,1.81969238,1.5455212999999999
2019,28,0.007,1.0,0.16,6.0,0.04,model,27.8,3.2215000000000016,4.0184163312180585,0.9608444631443785,0.85,4.999999999999449e-07,1.81969238,1.5455212999999999
2019,28,0.007,1.0,0.16,24.0,0.04,model,27.8,3.2215000000000016,4.0184163312180585,0.9608444631443785,0.85,4.999999999999449e-07,1.81969238,1.5455212999999999
2019,28,0.007,1.0,0.16,38.0,0.04,model,27.8,3.21762,4.016352525862241,0.9608444631443785,0.85,3.1999999999996475e-07,1.81558346,1.53674182
2019,28,0.007,1.0,0.16,12.0,0.0,model,27.8,3.251875000000001,4.029423132968291,0.9593384373400771,0.85,4.999999999999449e-07,1.81873954,1.5220655800000005
2019,28,0.007,1.0,0.16,12.0,0.08,model,27.8,3.1992150000000006,4.000128446875175,0.9608444631443785,0.85,4.999999999999449e-07,1.7753518600000002,1.5488470600000004
2019,28,0.007,1.0,0.16,,0.16,model,27.8,3.1844949999999996,3.9808680812732287,0.9608444631443785,0.85,5.120000000000147e-06,1.69868666,1.5062818
2019,5,0.003,3.0,0.16,12.0,0.04,model,5.0,6.612309999999999,9.463017836927076,0.74623578603141,0.8,0.65303456,0.81578294,2.32232006
2019,5,0.003,3.0,0.16,6.0,0.04,model,5.0,6.508139999999999,9.231203260463936,0.7597900182701239,0.75,0.64682754,0.80980016,2.35657392
2019,5,0.003,3.0,0.16,24.0,0.04,model,5.0,6.73091,9.6364161596,0.7417177086185055,0.8,0.6431475600000001,0.8487171399999999,2.3039578199999995
2019,5,0.003,3.0,0.16,38.0,0.04,model,5.0,6.772175,9.695113737883634,0.7417177086185055,0.8,0.6539903800000001,0.85770296,2.29568172
2019,5,0.003,3.0,0.16,12.0,0.0,model,5.0,6.612309999999999,9.463017836927076,0.74623578603141,0.8,0.65303456,0.81578294,2.32232006
2019,5,0.003,3.0,0.16,12.0,0.08,model,5.0,6.612309999999999,9.463017836927076,0.74623578603141,0.8,0.65303456,0.81578294,2.32232006
2019,5,0.003,3.0,0.16,,0.16,model,5.0,6.83742,9.795817148150531,0.7326815537926964,0.85,0.6427337999999999,0.88158722,2.2814074600000005
2019,10,0.003,3.0,0.16,12.0,0.04,model,10.0,6.428589999999998,7.5149078758159105,0.8893082374400558,0.8,0.48388136,1.20267534,1.55045416
2019,10,0.003,3.0,0.16,6.0,0.04,model,10.0,6.428589999999998,7.5149078758159105,0.8893082374400558,0.8,0.48388136,1.20267534,1.55045416
2019,10,0.003,3.0,0.16,24.0,0.04,model,10.0,6.4420150000000005,7.57006714610247,0.875754005201342,0.8,0.5074776599999998,1.1952047000000001,1.5772217600000003
2019,10,0.003,3.0,0.16,38.0,0.04,model,10.0,6.431445000000001,7.594003050137656,0.875754005201342,0.8,0.51117162,1.18821136,1.59730944
2019,10,0.003,3.0,0.16,12.0,0.0,model,10.0,6.418690000000001,7.502831967997152,0.8893082374400558,0.8,0.48071816000000006,1.2006827999999998,1.5502989200000001
2019,10,0.003,3.0,0.16,12.0,0.08,model,10.0,6.4433750000000005,7.5607112476605,0.875754005201342,0.8,0.501017,1.1908714,1.5766246600000002
2019,10,0.003,3.0,0.16,,0.16,model,10.0,6.454925,7.649677563172191,0.885543172929302,0.85,0.5264319599999998,1.1841549800000002,1.6307383600000003
2019,19,0.003,3.0,0.16,12.0,0.04,model,18.9,3.3789649999999996,4.631364023751533,0.9698806179701878,0.8,0.0024111199999999992,1.7959974599999997,1.1564269
2019,19,0.003,3.0,0.16,6.0,0.04,model,18.9,3.3789649999999996,4.631364023751533,0.9698806179701878,0.8,0.0024111199999999992,1.7959974599999997,1.1564269
2019,19,0.003,3.0,0.16,24.0,0.04,model,18.9,3.3789649999999996,4.631364023751533,0.9698806179701878,0.8,0.0024111199999999992,1.7959974599999997,1.1564269
2019,19,0.003,3.0,0.16,38.0,0.04,model,18.9,3.3970049999999987,4.638636018648154,0.9698806179701878,0.8,0.0028326200000000027,1.76997342,1.1544334
2019,19,0.003,3.0,0.16,12.0,0.0,model,18.9,3.394005,4.637530856662843,0.9698806179701878,0.8,0.0019874400000000005,1.8216802399999998,1.1744214599999998
2019,19,0.003,3.0,0.16,12.0,0.08,model,18.9,3.396475000000001,4.6396229033726435,0.9698806179701878,0.8,0.002921779999999999,1.7697379199999999,1.1547775200000001
2019,19,0.003,3.0,0.16,,0.16,model,18.9,3.416420000000001,4.657411325618557,0.9736456824809419,0.95,0.007294560000000006,1.6997550199999998,1.1358488199999999
2019,28,0.003,3.0,0.16,12.0,0.04,model,27.8,3.2263100000000007,3.939228205245286,0.9668685663615849,0.85,7.999999999999119e-08,1.79611264,1.44632128
2019,28,0.003,3.0,0.16,6.0,0.04,model,27.8,3.2263100000000007,3.939228205245286,0.9668685663615849,0.85,7.999999999999119e-08,1.79611264,1.44632128
2019,28,0.003,3.0,0.16,24.0,0.04,model,27.8,3.2263100000000007,3.939228205245286,0.9668685663615849,0.85,7.999999999999119e-08,1.79611264,1.44632128
2019,28,0.003,3.0,0.16,38.0,0.04,model,27.8,3.224820000000001,3.9375335197303407,0.9668685663615849,0.85,1.7999999999998017e-07,1.79639306,1.44635988
2019,28,0.003,3.0,0.16,12.0,0.0,model,27.8,3.23945,3.9538897482099826,0.9668685663615849,0.85,4.999999999999449e-07,1.80791474,1.460591
2019,28,0.003,3.0,0.16,12.0,0.08,model,27.8,3.1970199999999998,3.916192678482508,0.9668685663615849,0.85,1.2800000000000367e-06,1.7715189,1.44296956
2019,28,0.003,3.0,0.16,,0.16,model,27.8,3.1540850000000002,3.8884775054640603,0.9668685663615849,0.9,3.9199999999998795e-06,1.6925385399999997,1.42231354
2019,5,0.0045,2.0,0.16,12.0,0.04,model,5.0,6.621539999999999,9.423227783726762,0.7507538634443147,0.8,0.6112917800000002,0.8067687,2.2951284199999993
2019,5,0.0045,2.0,0.16,6.0,0.04,model,5.0,6.513445,9.189260799514834,0.7597900182701239,0.75,0.62514988,0.77600072,2.3356858000000007
2019,5,0.0045,2.0,0.16,24.0,0.04,model,5.0,6.72246,9.59230419987815,0.7507538634443147,0.85,0.6292721400000001,0.8308513399999999,2.2662881799999997
2019,5,0.0045,2.0,0.16,38.0,0.04,model,5.0,6.7698550000000015,9.658630906422504,0.7484948247378624,0.85,0.6325558,0.8571359199999999,2.25720348
2019,5,0.0045,2.0,0.16,12.0,0.0,model,5.0,6.621539999999999,9.423227783726762,0.7507538634443147,0.8,0.6112917800000002,0.8067687,2.2951284199999993
2019,5,0.0045,2.0,0.16,12.0,0.08,model,5.0,6.621539999999999,9.423227783726762,0.7507538634443147,0.8,0.6112917800000002,0.8067687,2.2951284199999993
2019,5,0.0045,2.0,0.16,,0.16,model,5.0,6.876455000000002,9.764349468577004,0.7484948247378624,0.85,0.6323073000000001,0.8778519399999999,2.2553499399999994
2019,10,0.0045,2.0,0.16,12.0,0.04,model,10.0,6.541929999999999,7.696881309075774,0.875754005201342,0.8,0.5106258400000001,1.26261482,1.54911846
2019,10,0.0045,2.0,0.16,6.0,0.04,model,10.0,6.541929999999999,7.696881309075774,0.875754005201342,0.8,0.5106258400000001,1.26261482,1.54911846
2019,10,0.0045,2.0,0.16,24.0,0.04,model,10.0,6.597550000000001,7.75840961789206,0.8825311213206989,0.8,0.5240923800000001,1.25369066,1.5819246599999996
2019,10,0.0045,2.0,0.16,38.0,0.04,model,10.0,6.612334999999999,7.788761233244988,0.8825311213206989,0.8,0.53221958,1.23706202,1.5981410200000001
2019,10,0.0045,2.0,0.16,12.0,0.0,model,10.0,6.541905,7.694718831347899,0.875754005201342,0.8,0.4990991,1.28011634,1.55725206
2019,10,0.0045,2.0,0.16,12.0,0.08,model,10.0,6.583525,7.741707159373829,0.8825311213206989,0.8,0.5264098800000001,1.2542252799999998,1.5818587400000004
2019,10,0.0045,2.0,0.16,,0.16,model,10.0,6.633114999999999,7.854077666569131,0.8840371471250005,0.85,0.54664442,1.24177696,1.63215862
2019,19,0.0045,2.0,0.16,12.0,0.04,model,18.9,3.4213400000000007,4.692860222614776,0.9698806179701878,0.8,0.0022627799999999985,1.8163819,1.1932870600000003
2019,19,0.0045,2.0,0.16,6.0,0.04,model,18.9,3.4213400000000007,4.692860222614776,0.9698806179701878,0.8,0.0022627799999999985,1.8163819,1.1932870600000003
2019,19,0.0045,2.0,0.16,24.0,0.04,model,18.9,3.4213400000000007,4.692860222614776,0.9698806179701878,0.8,0.0022627799999999985,1.8163819,1.1932870600000003
2019,19,0.0045,2.0,0.16,38.0,0.04,model,18.9,3.4361400000000004,4.6955590791725745,0.9698806179701878,0.8,0.002428980000000004,1.78633048,1.19200138
2019,19,0.0045,2.0,0.16,12.0,0.0,model,18.9,3.4418549999999994,4.69738365204504,0.9698806179701878,0.8,0.0020680800000000004,1.8331124,1.1981011600000002
2019,19,0.0045,2.0,0.16,12.0,0.08,model,18.9,3.435945000000001,4.695502982375797,0.9698806179701878,0.8,0.00249878,1.7885208400000003,1.19272
2019,19,0.0045,2.0,0.16,,0.16,model,18.9,3.45608,4.714181631524181,0.9781637598938462,0.95,0.007120379999999992,1.71880206,1.1593661399999997
2019,28,0.0045,2.0,0.16,12.0,0.04,model,27.8,3.2443150000000003,3.9741971877978073,0.9608444631443785,0.85,4.999999999999449e-07,1.8094820399999998,1.48264758
2019,28,0.0045,2.0,0.16,6.0,0.04,model,27.8,3.2443150000000003,3.9741971877978073,0.9608444631443785,0.85,4.999999999999449e-07,1.8094820399999998,1.48264758
2019,28,0.0045,2.0,0.16,24.0,0.04,model,27.8,3.2443150000000003,3.9741971877978073,0.9608444631443785,0.85,4.999999999999449e-07,1.8094820399999998,1.48264758
2019,28,0.0045,2.0,0.16,38.0,0.04,model,27.8,3.241205000000001,3.9699973378454554,0.9608444631443785,0.85,3.1999999999996475e-07,1.8080803599999997,1.4875236600000001
2019,28,0.0045,2.0,0.16,12.0,0.0,model,27.8,3.258905,3.9907392235649777,0.9548203599271724,0.85,2.000000000000002e-06,1.8138730200000002,1.4851605
2019,28,0.0045,2.0,0.16,12.0,0.08,model,27.8,3.213504999999999,3.9521976144292172,0.9668685663615849,0.85,7.200000000000539e-07,1.7806665400000001,1.4635525000000003
2019,28,0.0045,2.0,0.16,,0.16,model,27.8,3.157655000000001,3.9269993182454215,0.9668685663615849,0.85,6.480000000000085e-06,1.7091787,1.45411124
2019,5,0.0045,3.0,0.16,12.0,0.04,model,5.0,6.436280000000001,9.43181792036933,0.7597900182701239,0.85,0.6094189600000001,0.7349621400000003,2.2805122000000004
2019,5,0.0045,3.0,0.16,6.0,0.04,model,5.0,6.31278,9.187292101702221,0.7597900182701239,0.75,0.5893671,0.7039427000000001,2.32110154
2019,5,0.0045,3.0,0.16,24.0,0.04,model,5.0,6.581964999999999,9.592743119645183,0.7597900182701239,0.85,0.60217988,0.78265528,2.2412021200000005
2019,5,0.0045,3.0,0.16,38.0,0.04,model,5.0,6.664425000000001,9.66510621697972,0.7394586699120531,0.85,0.6081725600000001,0.7988342600000001,2.2333413400000004
2019,5,0.0045,3.0,0.16,12.0,0.0,model,5.0,6.436280000000001,9.43181792036933,0.7597900182701239,0.85,0.6094189600000001,0.7349621400000003,2.2805122000000004
2019,5,0.0045,3.0,0.16,12.0,0.08,model,5.0,6.436280000000001,9.43181792036933,0.7597900182701239,0.85,0.6094189600000001,0.7349621400000003,2.2805122000000004
2019,5,0.0045,3.0,0.16,,0.16,model,5.0,6.781479999999999,9.791881176004946,0.7311755279883947,0.85,0.6266655400000001,0.8283926199999999,2.2294215
2019,10,0.0045,3.0,0.16,12.0,0.04,model,10.0,6.749555000000001,7.813501373232106,0.8825311213206989,0.75,0.47364864,1.3080993800000003,1.64026496
2019,10,0.0045,3.0,0.16,6.0,0.04,model,10.0,6.749555000000001,7.813501373232106,0.8825311213206989,0.75,0.47364864,1.3080993800000003,1.64026496
2019,10,0.0045,3.0,0.16,24.0,0.04,model,10.0,6.775165000000001,7.8686724819057,0.8825311213206989,0.75,0.49765036,1.2885563,1.6488111600000002
2019,10,0.0045,3.0,0.16,38.0,0.04,model,10.0,6.771730000000001,7.889599953356317,0.885543172929302,0.75,0.50554052,1.2878152399999998,1.65877922
2019,10,0.0045,3.0,0.16,12.0,0.0,model,10.0,6.740485000000001,7.803836656574764,0.8825311213206989,0.75,0.4722587199999999,1.33155884,1.6326914999999997
2019,10,0.0045,3.0,0.16,12.0,0.08,model,10.0,6.774115,7.857915147193942,0.8825311213206989,0.75,0.48940206000000014,1.30172946,1.6487743400000003
2019,10,0.0045,3.0,0.16,,0.16,model,10.0,6.788905,7.955633207262639,0.8893082374400558,0.85,0.5277446200000002,1.28105896,1.6535171799999997
2019,19,0.0045,3.0,0.16,12.0,0.04,model,18.9,3.5007000000000006,4.71961294376986,0.9698806179701878,0.8,0.0018670200000000027,1.8253673400000003,1.18478812
2019,19,0.0045,3.0,0.16,6.0,0.04,model,18.9,3.5007000000000006,4.71961294376986,0.9698806179701878,0.8,0.0018670200000000027,1.8253673400000003,1.18478812
2019,19,0.0045,3.0,0.16,24.0,0.04,model,18.9,3.5007000000000006,4.71961294376986,0.9698806179701878,0.8,0.0018670200000000027,1.8253673400000003,1.18478812
2019,19,0.0045,3.0,0.16,38.0,0.04,model,18.9,3.5033499999999997,4.726222817853598,0.9743986953830925,0.8,0.002349620000000001,1.8007081600000001,1.17804828
2019,19,0.0045,3.0,0.16,12.0,0.0,model,18.9,3.509684999999999,4.729615492140982,0.9698806179701878,0.8,0.0018086400000000002,1.8484707000000002,1.20002192
2019,19,0.0045,3.0,0.16,12.0,0.08,model,18.9,3.502135,4.7263749296368776,0.9743986953830925,0.8,0.0022874599999999977,1.8017605600000004,1.17681894
2019,19,0.0045,3.0,0.16,,0.16,model,18.9,3.526980000000001,4.740818673921204,0.9766577340895447,0.9,0.006532960000000003,1.7479230799999999,1.15926742
2019,28,0.0045,3.0,0.16,12.0,0.04,model,27.8,3.25824,3.97081544219824,0.9563263857314741,0.85,7.999999999999119e-08,1.81421242,1.47617838
2019,28,0.0045,3.0,0.16,6.0,0.04,model,27.8,3.25824,3.97081544219824,0.9563263857314741,0.85,7.999999999999119e-08,1.81421242,1.47617838
2019,28,0.0045,3.0,0.16,24.0,0.04,model,27.8,3.25824,3.97081544219824,0.9563263857314741,0.85,7.999999999999119e-08,1.81421242,1.47617838
2019,28,0.0045,3.0,0.16,38.0,0.04,model,27.8,3.259259999999999,3.97173301632927,0.9563263857314741,0.85,7.999999999999119e-08,1.81032224,1.47147098
2019,28,0.0045,3.0,0.16,12.0,0.0,model,27.8,3.276650000000001,3.9949847104838843,0.9563263857314741,0.85,7.200000000000539e-07,1.83537632,1.46832668
2019,28,0.0045,3.0,0.16,12.0,0.08,model,27.8,3.2352949999999994,3.958323457538557,0.9608444631443785,0.85,1.9999999999997797e-08,1.7906634000000003,1.46935196
2019,28,0.0045,3.0,0.16,,0.16,model,27.8,3.1802050000000004,3.926636716899083,0.9668685663615849,0.85,3.9199999999998795e-06,1.7169622200000003,1.4434171
2019,5,0.007,2.0,0.16,12.0,0.04,model,5.0,6.7008399999999995,9.433739880185374,0.7424707215206562,0.8,0.5803886800000001,0.7323314000000001,2.2271868199999996
2019,5,0.007,2.0,0.16,6.0,0.04,model,5.0,6.494579999999999,9.188850184870793,0.7695791859980838,0.8,0.5638505200000001,0.6961231800000001,2.2640586999999996
2019,5,0.007,2.0,0.16,24.0,0.04,model,5.0,6.854470000000001,9.619103753936745,0.7341875795969978,0.85,0.5901634200000001,0.7770659199999999,2.2062544199999996
2019,5,0.007,2.0,0.16,38.0,0.04,model,5.0,6.911579999999999,9.687046602189955,0.7296695021840933,0.85,0.5916270200000001,0.7975866199999999,2.20405838
2019,5,0.007,2.0,0.16,12.0,0.0,model,5.0,6.7008399999999995,9.433739880185374,0.7424707215206562,0.8,0.5803886800000001,0.7323314000000001,2.2271868199999996
2019,5,0.007,2.0,0.16,12.0,0.08,model,5.0,6.7008399999999995,9.433739880185374,0.7424707215206562,0.8,0.5803886800000001,0.7323314000000001,2.2271868199999996
2019,5,0.007,2.0,0.16,,0.16,model,5.0,7.024055,9.808735356023222,0.7296695021840933,0.85,0.5939748800000001,0.82708694,2.19363076
2019,10,0.007,2.0,0.16,12.0,0.04,model,10.0,7.019159999999999,8.083312431299438,0.8893082374400558,0.7,0.51137794,1.3940305599999998,1.61635158
2019,10,0.007,2.0,0.16,6.0,0.04,model,10.0,7.019159999999999,8.083312431299438,0.8893082374400558,0.7,0.51137794,1.3940305599999998,1.61635158
2019,10,0.007,2.0,0.16,24.0,0.04,model,10.0,7.043615,8.14166965852214,0.8772600310056435,0.75,0.5329161399999999,1.3562847799999997,1.6332419999999999
2019,10,0.007,2.0,0.16,38.0,0.04,model,10.0,7.04227,8.164598491046574,0.8772600310056435,0.8,0.5417138999999999,1.3521868599999995,1.62402172
2019,10,0.007,2.0,0.16,12.0,0.0,model,10.0,7.008185,8.066116611387416,0.8893082374400558,0.7,0.5025964,1.3832214399999998,1.6238700399999997
2019,10,0.007,2.0,0.16,12.0,0.08,model,10.0,7.040605000000001,8.129242453974417,0.8795190697120958,0.75,0.5090658200000002,1.3599169999999996,1.63030344
2019,10,0.007,2.0,0.16,,0.16,model,10.0,7.053755000000001,8.229246279915314,0.868976889081985,0.85,0.5557414000000002,1.33283076,1.65174566
2019,19,0.007,2.0,0.16,12.0,0.04,model,18.9,3.5466400000000013,4.765046265567629,0.9698806179701878,0.8,0.0022061800000000007,1.8468337,1.2402849399999998
2019,19,0.007,2.0,0.16,6.0,0.04,model,18.9,3.5466400000000013,4.765046265567629,0.9698806179701878,0.8,0.0022061800000000007,1.8468337,1.2402849399999998
2019,19,0.007,2.0,0.16,24.0,0.04,model,18.9,3.5466400000000013,4.765046265567629,0.9698806179701878,0.8,0.0022061800000000007,1.8468337,1.2402849399999998
2019,19,0.007,2.0,0.16,38.0,0.04,model,18.9,3.543710000000001,4.769596812415071,0.9743986953830925,0.8,0.0023909599999999993,1.82340228,1.2173176599999997
2019,19,0.007,2.0,0.16,12.0,0.0,model,18.9,3.558935000000001,4.776989493342015,0.9698806179701878,0.8,0.0021328999999999975,1.86272558,1.24021398
2019,19,0.007,2.0,0.16,12.0,0.08,model,18.9,3.544125,4.770367710407657,0.9743986953830925,0.8,0.0024746600000000035,1.8270706399999999,1.22072104
2019,19,0.007,2.0,0.16,,0.16,model,18.9,3.561280000000001,4.782233702988594,0.9781637598938462,0.9,0.006561040000000003,1.7566056400000003,1.1850186799999998
2019,28,0.007,2.0,0.16,12.0,0.04,model,27.8,3.265894999999999,4.012734318454188,0.9563263857314741,0.85,9.800000000000474e-07,1.8280487799999998,1.5193602200000003
2019,28,0.007,2.0,0.16,6.0,0.04,model,27.8,3.265894999999999,4.012734318454188,0.9563263857314741,0.85,9.800000000000474e-07,1.8280487799999998,1.5193602200000003
2019,28,0.007,2.0,0.16,24.0,0.04,model,27.8,3.265894999999999,4.012734318454188,0.9563263857314741,0.85,9.800000000000474e-07,1.8280487799999998,1.5193602200000003
2019,28,0.007,2.0,0.16,38.0,0.04,model,27.8,3.263199999999999,4.010614853236346,0.9563263857314741,0.85,9.800000000000474e-07,1.83010882,1.5201060000000002
2019,28,0.007,2.0,0.16,12.0,0.0,model,27.8,3.2819150000000006,4.030708146281494,0.9563263857314741,0.85,1.2800000000000367e-06,1.84244478,1.5153886199999997
2019,28,0.007,2.0,0.16,12.0,0.08,model,27.8,3.2448750000000004,3.9965290418687065,0.9563263857314741,0.85,4.999999999999449e-07,1.7975356,1.5170249199999999
2019,28,0.007,2.0,0.16,,0.16,model,27.8,3.2060299999999997,3.9791657964955416,0.9608444631443785,0.85,2.000000000000002e-06,1.7172694599999998,1.48701542
2019,5,0.007,3.0,0.16,12.0,0.04,model,5.0,6.465880000000001,9.447437269175172,0.7266574505754901,0.85,0.5697934000000001,0.6827443800000003,2.26411284
2019,5,0.007,3.0,0.16,6.0,0.04,model,5.0,6.30039,9.203157445029396,0.7484948247378624,0.8,0.5397709,0.6144462200000002,2.3179471
2019,5,0.007,3.0,0.16,24.0,0.04,model,5.0,6.647590000000001,9.62981526255826,0.7243984118690378,0.85,0.5812082799999999,0.72538156,2.23277056
2019,5,0.007,3.0,0.16,38.0,0.04,model,5.0,6.722395000000001,9.691961752220237,0.7243984118690378,0.85,0.58695762,0.7343683200000001,2.20732216
2019,5,0.007,3.0,0.16,12.0,0.0,model,5.0,6.465880000000001,9.447437269175172,0.7266574505754901,0.85,0.5697934000000001,0.6827443800000003,2.26411284
2019,5,0.007,3.0,0.16,12.0,0.08,model,5.0,6.465880000000001,9.447437269175172,0.7266574505754901,0.85,0.5697934000000001,0.6827443800000003,2.26411284
2019,5,0.007,3.0,0.16,,0.16,model,5.0,6.8332549999999985,9.809313884543606,0.7243984118690378,0.85,0.5978628600000001,0.77585094,2.198003
2019,10,0.007,3.0,0.16,12.0,0.04,model,10.0,7.169375,8.204708452986004,0.8840371471250005,0.75,0.48297058000000015,1.4100782600000001,1.6894445200000001
2019,10,0.007,3.0,0.16,6.0,0.04,model,10.0,7.169375,8.204708452986004,0.8840371471250005,0.75,0.48297058000000015,1.4100782600000001,1.6894445200000001
2019,10,0.007,3.0,0.16,24.0,0.04,model,10.0,7.193724999999999,8.259872917030867,0.8825311213206989,0.75,0.49673892,1.3754588200000002,1.6993537
2019,10,0.007,3.0,0.16,38.0,0.04,model,10.0,7.194725,8.285036509605737,0.875754005201342,0.8,0.5082410999999999,1.3631530600000001,1.6976552399999998
2019,10,0.007,3.0,0.16,12.0,0.0,model,10.0,7.15402,8.184848164077328,0.8825311213206989,0.75,0.47051170000000003,1.4063233400000001,1.6870613799999998
2019,10,0.007,3.0,0.16,12.0,0.08,model,10.0,7.1859699999999975,8.24211900023289,0.8825311213206989,0.75,0.4902709599999999,1.38352566,1.6935865599999997
2019,10,0.007,3.0,0.16,,0.16,model,10.0,7.207200000000002,8.334953811449708,0.8614467600604775,0.8,0.518443,1.3559030399999998,1.6983350199999998
2019,19,0.007,3.0,0.16,12.0,0.04,model,18.9,3.5878949999999987,4.777928780601485,0.9653625405572833,0.8,0.001828139999999999,1.85870112,1.2184121399999999
2019,19,0.007,3.0,0.16,6.0,0.04,model,18.9,3.5878949999999987,4.777928780601485,0.9653625405572833,0.8,0.001828139999999999,1.85870112,1.2184121399999999
2019,19,0.007,3.0,0.16,24.0,0.04,model,18.9,3.5878949999999987,4.777928780601485,0.9653625405572833,0.8,0.001828139999999999,1.85870112,1.2184121399999999
2019,19,0.007,3.0,0.16,38.0,0.04,model,18.9,3.5841899999999995,4.782913541033332,0.9691276050680371,0.8,0.0021688800000000037,1.8458225200000005,1.2115127999999997
2019,19,0.007,3.0,0.16,12.0,0.0,model,18.9,3.6142599999999994,4.804926896738389,0.9653625405572833,0.8,0.0017184800000000003,1.8701227599999999,1.2344258
2019,19,0.007,3.0,0.16,12.0,0.08,model,18.9,3.585560000000001,4.785474013303175,0.9691276050680371,0.8,0.0021863400000000028,1.84459396,1.21496122
2019,19,0.007,3.0,0.16,,0.16,model,18.9,3.613109999999998,4.805181367336719,0.9713866437744895,0.9,0.006013020000000001,1.7826841,1.18647874
2019,28,0.007,3.0,0.16,12.0,0.04,model,27.8,3.2937849999999997,4.015738131589259,0.9563263857314741,0.85,1.2800000000000367e-06,1.8305234000000001,1.51794074
2019,28,0.007,3.0,0.16,6.0,0.04,model,27.8,3.2937849999999997,4.015738131589259,0.9563263857314741,0.85,1.2800000000000367e-06,1.8305234000000001,1.51794074
2019,28,0.007,3.0,0.16,24.0,0.04,model,27.8,3.2937849999999997,4.015738131589259,0.9563263857314741,0.85,1.2800000000000367e-06,1.8305234000000001,1.51794074
2019,28,0.007,3.0,0.16,38.0,0.04,model,27.8,3.29135,4.012597414767646,0.9563263857314741,0.85,1.2800000000000367e-06,1.82876606,1.5187278200000003
2019,28,0.007,3.0,0.16,12.0,0.0,model,27.8,3.3049049999999993,4.03531813250207,0.9563263857314741,0.85,1.2800000000000367e-06,1.85810178,1.49855872
2019,28,0.007,3.0,0.16,12.0,0.08,model,27.8,3.2726100000000002,4.002114785710175,0.9563263857314741,0.85,4.999999999999449e-07,1.8132878399999999,1.51643478
2019,28,0.007,3.0,0.16,,0.16,model,27.8,3.222980000000001,3.9801111494529904,0.9608444631443785,0.85,7.200000000000539e-07,1.73627442,1.4796981399999996
2019,5,0.01,1.0,0.16,12.0,0.04,model,5.0,7.281595000000001,9.690146701908079,0.7808743795303453,0.75,0.5507870799999999,0.81665874,2.17509148
2019,5,0.01,1.0,0.16,6.0,0.04,model,5.0,7.092865000000001,9.424293492591367,0.7831334182367977,0.75,0.53447436,0.7805391199999999,2.1798158999999995
2019,5,0.01,1.0,0.16,24.0,0.04,model,5.0,7.4135149999999985,9.858838952508554,0.7635550827808776,0.75,0.57485294,0.8724282799999998,2.15907258
2019,5,0.01,1.0,0.16,38.0,0.04,model,5.0,7.4781650000000015,9.93165296672714,0.743223734422807,0.85,0.5763936,0.8922354800000001,2.1582604599999997
2019,5,0.01,1.0,0.16,12.0,0.0,model,5.0,7.281595000000001,9.690146701908079,0.7808743795303453,0.75,0.5507870799999999,0.81665874,2.17509148
2019,5,0.01,1.0,0.16,12.0,0.08,model,5.0,7.281595000000001,9.690146701908079,0.7808743795303453,0.75,0.5507870799999999,0.81665874,2.17509148
2019,5,0.01,1.0,0.16,,0.16,model,5.0,7.556094999999999,10.036606323080527,0.743223734422807,0.85,0.5986792599999999,0.92455656,2.1484197800000007
2019,10,0.01,1.0,0.16,12.0,0.04,model,10.0,7.015180000000001,8.310582694251949,0.8554226568432712,0.7,0.5710321799999999,1.4036545,1.5274081400000001
2019,10,0.01,1.0,0.16,6.0,0.04,model,10.0,7.015180000000001,8.310582694251949,0.8554226568432712,0.7,0.5710321799999999,1.4036545,1.5274081400000001
2019,10,0.01,1.0,0.16,24.0,0.04,model,10.0,7.0431,8.388564739572557,0.853163618136819,0.7,0.5732485799999999,1.37113236,1.5550237000000002
2019,10,0.01,1.0,0.16,38.0,0.04,model,10.0,7.053019999999999,8.435354940131448,0.8463865020174621,0.75,0.58767618,1.3663865800000001,1.5721977600000003
2019,10,0.01,1.0,0.16,12.0,0.0,model,10.0,7.003595,8.291443120380192,0.8554226568432712,0.7,0.5630809600000001,1.39903868,1.52660292
2019,10,0.01,1.0,0.16,12.0,0.08,model,10.0,7.043515000000001,8.37664048903258,0.853163618136819,0.7,0.5719865000000001,1.3785744199999999,1.54776292
2019,10,0.01,1.0,0.16,,0.16,model,10.0,7.053960000000001,8.493018925917921,0.850151566528216,0.85,0.59238902,1.34499956,1.60416874
2019,19,0.01,1.0,0.16,12.0,0.04,model,18.9,3.697715,4.860645405344851,0.9698806179701878,0.8,0.002799259999999996,1.8585512999999998,1.2862482800000001
2019,19,0.01,1.0,0.16,6.0,0.04,model,18.9,3.697715,4.860645405344851,0.9698806179701878,0.8,0.002799259999999996,1.8585512999999998,1.2862482800000001
2019,19,0.01,1.0,0.16,24.0,0.04,model,18.9,3.697715,4.860645405344851,0.9698806179701878,0.8,0.002799259999999996,1.8585512999999998,1.2862482800000001
2019,19,0.01,1.0,0.16,38.0,0.04,model,18.9,3.692969999999998,4.8508461535076535,0.9736456824809419,0.8,0.0035218399999999957,1.8236600399999998,1.2746368199999998
2019,19,0.01,1.0,0.16,12.0,0.0,model,18.9,3.71327,4.856478833167092,0.9698806179701878,0.8,0.00231952,1.8626468200000001,1.2985754399999998
2019,19,0.01,1.0,0.16,12.0,0.08,model,18.9,3.693395000000001,4.851634993741801,0.9736456824809419,0.8,0.003555020000000003,1.82208912,1.2745784999999998
2019,19,0.01,1.0,0.16,,0.16,model,18.9,3.714994999999999,4.8715389369787445,0.9759047211873939,0.9,0.009180259999999996,1.7529305600000002,1.2265264599999999
2019,28,0.01,1.0,0.16,12.0,0.04,model,27.8,3.2977600000000002,4.060692462991996,0.9608444631443785,0.85,7.200000000000539e-07,1.8034569000000003,1.5968398
2019,28,0.01,1.0,0.16,6.0,0.04,model,27.8,3.2977600000000002,4.060692462991996,0.9608444631443785,0.85,7.200000000000539e-07,1.8034569000000003,1.5968398
2019,28,0.01,1.0,0.16,24.0,0.04,model,27.8,3.2977600000000002,4.060692462991996,0.9608444631443785,0.85,7.200000000000539e-07,1.8034569000000003,1.5968398
2019,28,0.01,1.0,0.16,38.0,0.04,model,27.8,3.2943699999999985,4.058650794167933,0.9608444631443785,0.85,7.200000000000539e-07,1.79854656,1.59431758
2019,28,0.01,1.0,0.16,12.0,0.0,model,27.8,3.3290049999999995,4.087698655906523,0.9608444631443785,0.85,4.999999999999449e-07,1.81774402,1.5955607600000001
2019,28,0.01,1.0,0.16,12.0,0.08,model,27.8,3.2803150000000003,4.048693384846523,0.9608444631443785,0.85,7.200000000000539e-07,1.7730643199999998,1.58731252
2019,28,0.01,1.0,0.16,,0.16,model,27.8,3.26499,4.034679965251271,0.9608444631443785,0.85,5.120000000000147e-06,1.6949050600000002,1.54028978
2019,5,0.01,2.0,0.16,12.0,0.04,model,5.0,6.921250000000001,9.598247167738494,0.7349405924991486,0.85,0.5422929400000001,0.70499354,2.2015999
2019,5,0.01,2.0,0.16,6.0,0.04,model,5.0,6.746959999999999,9.318689201491805,0.7349405924991486,0.8,0.51588766,0.66237006,2.25798054
2019,5,0.01,2.0,0.16,24.0,0.04,model,5.0,7.026865000000001,9.760061290150796,0.7191273215539825,0.85,0.56345794,0.7654855,2.1870441400000002
2019,5,0.01,2.0,0.16,38.0,0.04,model,5.0,7.085155,9.82431949640788,0.7100911667281732,0.85,0.5722399399999998,0.7853095199999999,2.17635616
2019,5,0.01,2.0,0.16,12.0,0.0,model,5.0,6.921250000000001,9.598247167738494,0.7349405924991486,0.85,0.5422929400000001,0.70499354,2.2015999
2019,5,0.01,2.0,0.16,12.0,0.08,model,5.0,6.921250000000001,9.598247167738494,0.7349405924991486,0.85,0.5422929400000001,0.70499354,2.2015999
2019,5,0.01,2.0,0.16,,0.16,model,5.0,7.20488,9.944185489571279,0.7100911667281732,0.85,0.57903018,0.81824994,2.1644961800000004
2019,10,0.01,2.0,0.16,12.0,0.04,model,10.0,7.300774999999999,8.42270697878657,0.853163618136819,0.65,0.53388534,1.42565338,1.64424796
2019,10,0.01,2.0,0.16,6.0,0.04,model,10.0,7.300774999999999,8.42270697878657,0.853163618136819,0.65,0.53388534,1.42565338,1.64424796
2019,10,0.01,2.0,0.16,24.0,0.04,model,10.0,7.326469999999999,8.486550815437328,0.8448804762131605,0.75,0.5490401800000001,1.4063071200000001,1.66748598
2019,10,0.01,2.0,0.16,38.0,0.04,model,10.0,7.335625000000002,8.517146979857753,0.8448804762131605,0.8,0.5477419000000002,1.3908216800000002,1.66441986
2019,10,0.01,2.0,0.16,12.0,0.0,model,10.0,7.296094999999999,8.40921704598591,0.8576816955497235,0.65,0.5209077400000002,1.42682544,1.6581751400000002
2019,10,0.01,2.0,0.16,12.0,0.08,model,10.0,7.317705000000001,8.464996289810173,0.8463865020174621,0.7,0.5295481,1.40412358,1.6702122400000001
2019,10,0.01,2.0,0.16,,0.16,model,10.0,7.337304999999999,8.572143108435602,0.843374450408859,0.85,0.5632177200000001,1.3890790400000002,1.6821069
2019,19,0.01,2.0,0.16,12.0,0.04,model,18.9,3.6126349999999987,4.796267263456031,0.9608444631443785,0.8,0.0018421000000000017,1.8743834,1.2682220600000003
2019,19,0.01,2.0,0.16,6.0,0.04,model,18.9,3.6126349999999987,4.796267263456031,0.9608444631443785,0.8,0.0018421000000000017,1.8743834,1.2682220600000003
2019,19,0.01,2.0,0.16,24.0,0.04,model,18.9,3.6126349999999987,4.796267263456031,0.9608444631443785,0.8,0.0018421000000000017,1.8743834,1.2682220600000003
2019,19,0.01,2.0,0.16,38.0,0.04,model,18.9,3.611444999999999,4.806309073135019,0.9623504889486801,0.8,0.0022470200000000015,1.84979182,1.24369582
2019,19,0.01,2.0,0.16,12.0,0.0,model,18.9,3.63342,4.819612172571564,0.9608444631443785,0.8,0.0016364200000000017,1.8932495,1.2948911
2019,19,0.01,2.0,0.16,12.0,0.08,model,18.9,3.6103249999999987,4.80507974881791,0.9623504889486801,0.8,0.0021679399999999993,1.8524516199999996,1.2451384399999998
2019,19,0.01,2.0,0.16,,0.16,model,18.9,3.6373800000000016,4.81869195882036,0.9713866437744895,0.95,0.006565039999999995,1.76749458,1.2268138599999998
2019,28,0.01,2.0,0.16,12.0,0.04,model,27.8,3.325540000000001,4.060653796742589,0.9563263857314741,0.85,4.999999999999449e-07,1.8294759600000003,1.58107324
2019,28,0.01,2.0,0.16,6.0,0.04,model,27.8,3.325540000000001,4.060653796742589,0.9563263857314741,0.85,4.999999999999449e-07,1.8294759600000003,1.58107324
2019,28,0.01,2.0,0.16,24.0,0.04,model,27.8,3.325540000000001,4.060653796742589,0.9563263857314741,0.85,4.999999999999449e-07,1.8294759600000003,1.58107324
2019,28,0.01,2.0,0.16,38.0,0.04,model,27.8,3.3243849999999995,4.058202366996992,0.9563263857314741,0.85,4.999999999999449e-07,1.8212741400000003,1.58210064
2019,28,0.01,2.0,0.16,12.0,0.0,model,27.8,3.3628699999999996,4.080013498016887,0.9563263857314741,0.85,7.200000000000539e-07,1.8468047600000002,1.5628464200000003
2019,28,0.01,2.0,0.16,12.0,0.08,model,27.8,3.3036699999999994,4.046552291642849,0.9563263857314741,0.85,3.1999999999996475e-07,1.8082559999999999,1.57968972
2019,28,0.01,2.0,0.16,,0.16,model,27.8,3.269780000000001,4.022868972636321,0.9608444631443785,0.85,2.879999999999949e-06,1.72883876,1.53540088
2019,5,0.01,3.0,0.16,12.0,0.04,model,5.0,6.8360199999999995,9.606183498611713,0.7447297602271086,0.85,0.54930798,0.64690734,2.25843314
2019,5,0.01,3.0,0.16,6.0,0.04,model,5.0,6.616015,9.322951425943396,0.7522598892486161,0.8,0.52812516,0.6027669399999999,2.3080472800000003
2019,5,0.01,3.0,0.16,24.0,0.04,model,5.0,6.96511,9.774632441478298,0.7379526441077516,0.85,0.5623766999999998,0.69866768,2.2250063
2019,5,0.01,3.0,0.16,38.0,0.04,model,5.0,7.006925000000001,9.830820276329947,0.7356936054012994,0.85,0.5625798799999999,0.7168343800000001,2.2173516
2019,5,0.01,3.0,0.16,12.0,0.0,model,5.0,6.8360199999999995,9.606183498611713,0.7447297602271086,0.85,0.54930798,0.64690734,2.25843314
2019,5,0.01,3.0,0.16,12.0,0.08,model,5.0,6.8360199999999995,9.606183498611713,0.7447297602271086,0.85,0.54930798,0.64690734,2.25843314
2019,5,0.01,3.0,0.16,,0.16,model,5.0,7.097195000000001,9.937516403936147,0.7356936054012994,0.85,0.5755887800000001,0.76494692,2.1944406599999997
2019,10,0.01,3.0,0.16,12.0,0.04,model,10.0,7.407840000000002,8.5121154922851,0.8546696439411205,0.75,0.49222992,1.4421084999999998,1.72017744
2019,10,0.01,3.0,0.16,6.0,0.04,model,10.0,7.407840000000002,8.5121154922851,0.8546696439411205,0.75,0.49222992,1.4421084999999998,1.72017744
2019,10,0.01,3.0,0.16,24.0,0.04,model,10.0,7.414569999999999,8.54961597611261,0.8463865020174621,0.8,0.51584792,1.4072337999999998,1.7275616999999999
2019,10,0.01,3.0,0.16,38.0,0.04,model,10.0,7.43139,8.590102287400308,0.8463865020174621,0.8,0.53256316,1.4067181999999998,1.73195224
2019,10,0.01,3.0,0.16,12.0,0.0,model,10.0,7.391195000000001,8.491739438154,0.843374450408859,0.7,0.48750615999999997,1.44528394,1.72221446
2019,10,0.01,3.0,0.16,12.0,0.08,model,10.0,7.414189999999998,8.535188768562767,0.856175669745422,0.75,0.51017966,1.4181407399999997,1.7273591999999998
2019,10,0.01,3.0,0.16,,0.16,model,10.0,7.4384000000000015,8.63691432659836,0.8463865020174621,0.8,0.5414751999999999,1.39242262,1.7262971600000003
2019,19,0.01,3.0,0.16,12.0,0.04,model,18.9,3.651960000000001,4.820011370111072,0.9593384373400771,0.85,0.0016382800000000002,1.8894773,1.26281068
2019,19,0.01,3.0,0.16,6.0,0.04,model,18.9,3.651960000000001,4.820011370111072,0.9593384373400771,0.85,0.0016382800000000002,1.8894773,1.26281068
2019,19,0.01,3.0,0.16,24.0,0.04,model,18.9,3.651960000000001,4.820011370111072,0.9593384373400771,0.85,0.0016382800000000002,1.8894773,1.26281068
2019,19,0.01,3.0,0.16,38.0,0.04,model,18.9,3.643420000000001,4.826429882946608,0.9608444631443785,0.85,0.0022378200000000023,1.8684844200000004,1.25416114
2019,19,0.01,3.0,0.16,12.0,0.0,model,18.9,3.674495000000001,4.835791603398558,0.9593384373400771,0.85,0.0013334200000000014,1.89447362,1.2920137600000001
2019,19,0.01,3.0,0.16,12.0,0.08,model,18.9,3.6430600000000006,4.826029077409295,0.9608444631443785,0.85,0.00215894,1.8694099199999998,1.25552896
2019,19,0.01,3.0,0.16,,0.16,model,18.9,3.6707150000000013,4.837169525921126,0.9668685663615849,0.9,0.0057898600000000034,1.7999255800000002,1.23205856
2019,28,0.01,3.0,0.16,12.0,0.04,model,27.8,3.3461250000000007,4.070555557844655,0.9563263857314741,0.85,1.2800000000000367e-06,1.8492245399999998,1.57336158
2019,28,0.01,3.0,0.16,6.0,0.04,model,27.8,3.3461250000000007,4.070555557844655,0.9563263857314741,0.85,1.2800000000000367e-06,1.8492245399999998,1.57336158
2019,28,0.01,3.0,0.16,24.0,0.04,model,27.8,3.3461250000000007,4.070555557844655,0.9563263857314741,0.85,1.2800000000000367e-06,1.8492245399999998,1.57336158
2019,28,0.01,3.0,0.16,38.0,0.04,model,27.8,3.342765,4.067289197917945,0.9563263857314741,0.85,7.200000000000539e-07,1.8438868800000003,1.57429154
2019,28,0.01,3.0,0.16,12.0,0.0,model,27.8,3.3771950000000004,4.085238156399209,0.9563263857314741,0.85,1.2800000000000367e-06,1.86170822,1.56279846
2019,28,0.01,3.0,0.16,12.0,0.08,model,27.8,3.329684999999999,4.055194036233038,0.9563263857314741,0.85,3.1999999999996475e-07,1.8268339599999999,1.55707456
2019,28,0.01,3.0,0.16,,0.16,model,27.8,3.2908,4.033613450369284,0.9563263857314741,0.85,3.3799999999999164e-06,1.7525508199999997,1.5300519799999999
2020,5,0.003,1.0,0.16,12.0,0.04,model,4.9,5.571880000000001,7.334974320473113,0.884876096998151,0.8,0.23919929999999998,1.12318724,0.6038341400000001
2020,5,0.003,1.0,0.16,6.0,0.04,model,4.9,5.452749999999999,7.264172458442876,0.8863809883195765,0.8,0.19981642000000002,1.07031832,0.6233945999999999
2020,5,0.003,1.0,0.16,24.0,0.04,model,4.9,5.642615000000001,7.373339085550047,0.8863809883195765,0.85,0.2739366600000001,1.1653664000000001,0.6117890800000001
2020,5,0.003,1.0,0.16,38.0,0.04,model,4.9,5.673890000000002,7.401009073633136,0.8863809883195765,0.85,0.29751910000000004,1.17534484,0.6133198200000001
2020,5,0.003,1.0,0.16,12.0,0.0,model,4.9,5.571880000000001,7.334974320473113,0.884876096998151,0.8,0.23919929999999998,1.12318724,0.6038341400000001
2020,5,0.003,1.0,0.16,12.0,0.08,model,4.9,5.571880000000001,7.334974320473113,0.884876096998151,0.8,0.23919929999999998,1.12318724,0.6038341400000001
2020,5,0.003,1.0,0.16,,0.16,model,4.9,5.71107,7.428920114054262,0.8781040860517365,0.85,0.31522866,1.20905094,0.6294203399999999
2020,10,0.003,1.0,0.16,12.0,0.04,model,9.8,5.489854999999999,6.799333222566753,0.9044396841766814,0.8,0.34863549999999993,0.8058231,0.30057010000000006
2020,10,0.003,1.0,0.16,6.0,0.04,model,9.8,5.489854999999999,6.799333222566753,0.9044396841766814,0.8,0.34863549999999993,0.8058231,0.30057010000000006
2020,10,0.003,1.0,0.16,24.0,0.04,model,9.8,5.639009999999999,6.966809947170942,0.9044396841766814,0.8,0.39581844000000016,0.7798605000000003,0.3362012799999999
2020,10,0.003,1.0,0.16,38.0,0.04,model,9.8,5.691525,7.042792600133843,0.8886383253017145,0.8,0.41947467999999993,0.7861495600000001,0.36049388
2020,10,0.003,1.0,0.16,12.0,0.0,model,9.8,5.46953,6.768344155183009,0.9044396841766814,0.75,0.34740636,0.8113914199999999,0.30145693999999995
2020,10,0.003,1.0,0.16,12.0,0.08,model,9.8,5.600980000000001,6.921368043241164,0.9044396841766814,0.8,0.38397692,0.7720311399999998,0.32052270000000005
2020,10,0.003,1.0,0.16,,0.16,model,9.8,5.789705,7.173467897154067,0.8863809883195765,0.85,0.45357091999999993,0.8080863400000001,0.4224934600000001
2020,19,0.003,1.0,0.16,12.0,0.04,model,18.9,3.81112,4.714738582996941,0.9382997389087535,0.85,0.04307708000000001,1.1869310199999998,0.16952076
2020,19,0.003,1.0,0.16,6.0,0.04,model,18.9,3.81112,4.714738582996941,0.9382997389087535,0.85,0.04307708000000001,1.1869310199999998,0.16952076
2020,19,0.003,1.0,0.16,24.0,0.04,model,18.9,3.81112,4.714738582996941,0.9382997389087535,0.85,0.04307708000000001,1.1869310199999998,0.16952076
2020,19,0.003,1.0,0.16,38.0,0.04,model,18.9,3.745774999999999,4.685557499113632,0.9480815324980189,0.85,0.058196839999999986,1.2286304600000002,0.17951504
2020,19,0.003,1.0,0.16,12.0,0.0,model,18.9,3.85796,4.735254690827094,0.9382997389087535,0.85,0.03749486000000001,1.1368628999999997,0.17258942000000005
2020,19,0.003,1.0,0.16,12.0,0.08,model,18.9,3.7454550000000006,4.684423161660355,0.9480815324980189,0.85,0.05737962,1.2251444599999999,0.18011498000000004
2020,19,0.003,1.0,0.16,,0.16,model,18.9,3.6504549999999996,4.669384982254087,0.9480815324980189,0.95,0.09639584000000002,1.3373475199999998,0.23275894000000005
2020,28,0.003,1.0,0.16,12.0,0.04,model,27.7,3.243145000000001,4.270629434345716,0.9586157717479968,0.8,4.940000000000119e-06,1.4183561,0.46081736
2020,28,0.003,1.0,0.16,6.0,0.04,model,27.7,3.243145000000001,4.270629434345716,0.9586157717479968,0.8,4.940000000000119e-06,1.4183561,0.46081736
2020,28,0.003,1.0,0.16,24.0,0.04,model,27.7,3.243145000000001,4.270629434345716,0.9586157717479968,0.8,4.940000000000119e-06,1.4183561,0.46081736
2020,28,0.003,1.0,0.16,38.0,0.04,model,27.7,3.2463000000000006,4.274844241139085,0.9586157717479968,0.8,4.100000000000146e-06,1.41561406,0.4626162000000001
2020,28,0.003,1.0,0.16,12.0,0.0,model,27.7,3.2299400000000005,4.247013070617985,0.9631304457122731,0.75,1.8200000000000016e-06,1.42216094,0.45428170000000007
2020,28,0.003,1.0,0.16,12.0,0.08,model,27.7,3.264819999999999,4.302949191891533,0.9586157717479968,0.8,2.1599999999999497e-06,1.4190373800000002,0.46757345999999994
2020,28,0.003,1.0,0.16,,0.16,model,27.7,3.271254999999999,4.33147580837063,0.9586157717479968,0.8,6.399999999999961e-06,1.38903304,0.4763184399999999
2020,5,0.003,2.0,0.16,12.0,0.04,model,4.9,5.459720000000002,7.225566037481077,0.8630551728374821,0.85,0.34734742,1.4651869400000002,0.55087262
2020,5,0.003,2.0,0.16,6.0,0.04,model,4.9,5.326614999999999,7.161560072323629,0.8826187600160129,0.8,0.2878097,1.4530685799999998,0.5605266400000001
2020,5,0.003,2.0,0.16,24.0,0.04,model,4.9,5.52697,7.27187172954804,0.8562831618910678,0.85,0.37647758,1.4860301400000002,0.55533972
2020,5,0.003,2.0,0.16,38.0,0.04,model,4.9,5.553375,7.295987475078339,0.8562831618910678,0.85,0.3890123399999999,1.49058574,0.5634020200000001
2020,5,0.003,2.0,0.16,12.0,0.0,model,4.9,5.459720000000002,7.225566037481077,0.8630551728374821,0.85,0.34734742,1.4651869400000002,0.55087262
2020,5,0.003,2.0,0.16,12.0,0.08,model,4.9,5.459720000000002,7.225566037481077,0.8630551728374821,0.85,0.34734742,1.4651869400000002,0.55087262
2020,5,0.003,2.0,0.16,,0.16,model,4.9,5.606665,7.3488601108947496,0.8540258249089298,0.85,0.40923051999999993,1.5179014,0.5685246
2020,10,0.003,2.0,0.16,12.0,0.04,model,9.8,5.4998249999999995,6.653587270074692,0.9059445754981068,0.85,0.44712437999999993,0.97001802,0.28378509999999996
2020,10,0.003,2.0,0.16,6.0,0.04,model,9.8,5.4998249999999995,6.653587270074692,0.9059445754981068,0.85,0.44712437999999993,0.97001802,0.28378509999999996
2020,10,0.003,2.0,0.16,24.0,0.04,model,9.8,5.59537,6.823612370438403,0.8961627819088416,0.85,0.48449311999999994,0.9460605599999999,0.31207776000000004
2020,10,0.003,2.0,0.16,38.0,0.04,model,9.8,5.631704999999999,6.901893490883498,0.8961627819088416,0.85,0.5077865,0.95644642,0.32698675999999993
2020,10,0.003,2.0,0.16,12.0,0.0,model,9.8,5.487085,6.628008600590377,0.9142214777659469,0.85,0.44396336,0.9884367400000001,0.28854952000000006
2020,10,0.003,2.0,0.16,12.0,0.08,model,9.8,5.570645,6.777655978028097,0.8961627819088416,0.85,0.47625327999999995,0.9532524399999998,0.29815988
2020,10,0.003,2.0,0.16,,0.16,model,9.8,5.703975,7.024944380100101,0.884876096998151,0.9,0.53071412,0.9596335999999999,0.37063426
2020,19,0.003,2.0,0.16,12.0,0.04,model,18.9,3.7796399999999992,4.770241622915971,0.9458241955158806,0.85,0.04439894000000001,1.2736406799999997,0.21576778000000005
2020,19,0.003,2.0,0.16,6.0,0.04,model,18.9,3.7796399999999992,4.770241622915971,0.9458241955158806,0.85,0.04439894000000001,1.2736406799999997,0.21576778000000005
2020,19,0.003,2.0,0.16,24.0,0.04,model,18.9,3.7796399999999992,4.770241622915971,0.9458241955158806,0.85,0.04439894000000001,1.2736406799999997,0.21576778000000005
2020,19,0.003,2.0,0.16,38.0,0.04,model,18.9,3.7342749999999993,4.743673570714999,0.9473290868373061,0.85,0.05845504000000001,1.3294819199999999,0.23031236000000002
2020,19,0.003,2.0,0.16,12.0,0.0,model,18.9,3.8174600000000005,4.792533492110411,0.9382997389087535,0.85,0.037947499999999995,1.2425326399999999,0.22130499999999997
2020,19,0.003,2.0,0.16,12.0,0.08,model,18.9,3.7341499999999996,4.7430408672074496,0.9473290868373061,0.85,0.05839862000000002,1.3262251200000001,0.23131024
2020,19,0.003,2.0,0.16,,0.16,model,18.9,3.6747150000000004,4.727893760809352,0.9443193041944553,0.9,0.10646078000000005,1.4256008199999999,0.26924797999999994
2020,28,0.003,2.0,0.16,12.0,0.04,model,27.7,3.148364999999999,4.23023042274295,0.9525962064622949,0.8,1.2800000000000367e-06,1.4674030000000002,0.5086021000000001
2020,28,0.003,2.0,0.16,6.0,0.04,model,27.7,3.148364999999999,4.23023042274295,0.9525962064622949,0.8,1.2800000000000367e-06,1.4674030000000002,0.5086021000000001
2020,28,0.003,2.0,0.16,24.0,0.04,model,27.7,3.148364999999999,4.23023042274295,0.9525962064622949,0.8,1.2800000000000367e-06,1.4674030000000002,0.5086021000000001
2020,28,0.003,2.0,0.16,38.0,0.04,model,27.7,3.149919999999999,4.231801900963701,0.9525962064622949,0.8,2.219999999999978e-06,1.45987628,0.5057262800000001
2020,28,0.003,2.0,0.16,12.0,0.0,model,27.7,3.13586,4.20290906170952,0.9525962064622949,0.8,1.8200000000000018e-06,1.48313632,0.4951712400000001
2020,28,0.003,2.0,0.16,12.0,0.08,model,27.7,3.1573199999999995,4.253162288580109,0.9525962064622949,0.8,3.840000000000146e-06,1.4575599,0.5174619800000001
2020,28,0.003,2.0,0.16,,0.16,model,27.7,3.1772649999999993,4.286132737503587,0.9525962064622949,0.8,8.099999999999856e-06,1.45508892,0.53045084
2020,5,0.0045,1.0,0.16,12.0,0.04,model,4.9,5.4533900000000015,7.079915573931655,0.8878858796410017,0.85,0.30432346,1.2055092399999998,0.52524966
2020,5,0.0045,1.0,0.16,6.0,0.04,model,4.9,5.3439549999999985,7.019972795139593,0.8991725645516925,0.8,0.25015050000000005,1.1677535,0.5448423600000001
2020,5,0.0045,1.0,0.16,24.0,0.04,model,4.9,5.5326450000000005,7.145957389706435,0.8878858796410017,0.9,0.3392579999999999,1.2524415399999997,0.5381931999999999
2020,5,0.0045,1.0,0.16,38.0,0.04,model,4.9,5.5622300000000005,7.171035485200167,0.8878858796410017,0.9,0.35869388,1.26802962,0.5386382999999999
2020,5,0.0045,1.0,0.16,12.0,0.0,model,4.9,5.4533900000000015,7.079915573931655,0.8878858796410017,0.85,0.30432346,1.2055092399999998,0.52524966
2020,5,0.0045,1.0,0.16,12.0,0.08,model,4.9,5.4533900000000015,7.079915573931655,0.8878858796410017,0.85,0.30432346,1.2055092399999998,0.52524966
2020,5,0.0045,1.0,0.16,,0.16,model,4.9,5.604900000000001,7.208058670196851,0.8811138686945874,0.9,0.38237578000000005,1.2992456599999997,0.55195524
2020,10,0.0045,1.0,0.16,12.0,0.04,model,9.8,5.487850000000001,6.822443893869703,0.8976676732302671,0.75,0.4136369399999999,0.8243279199999999,0.27837991999999995
2020,10,0.0045,1.0,0.16,6.0,0.04,model,9.8,5.487850000000001,6.822443893869703,0.8976676732302671,0.75,0.4136369399999999,0.8243279199999999,0.27837991999999995
2020,10,0.0045,1.0,0.16,24.0,0.04,model,9.8,5.598549999999999,7.009400322923495,0.8976676732302671,0.8,0.45731274,0.81556586,0.31432402000000004
2020,10,0.0045,1.0,0.16,38.0,0.04,model,9.8,5.661109999999999,7.0948400757169985,0.8976676732302671,0.8,0.47284496,0.8258332399999999,0.3334835000000001
2020,10,0.0045,1.0,0.16,12.0,0.0,model,9.8,5.480809999999998,6.790150854583422,0.8976676732302671,0.75,0.40593512,0.8415156400000001,0.2756033799999999
2020,10,0.0045,1.0,0.16,12.0,0.08,model,9.8,5.569265,6.966082481746824,0.8976676732302671,0.75,0.4423879,0.81390778,0.30050047999999996
2020,10,0.0045,1.0,0.16,,0.16,model,9.8,5.805165,7.248041030892416,0.8863809883195765,0.9,0.5133134800000001,0.8453686800000001,0.39469776000000006
2020,19,0.0045,1.0,0.16,12.0,0.04,model,18.9,3.8079050000000003,4.842813821891154,0.9458241955158806,0.85,0.057819940000000014,1.2779467000000002,0.21298915999999998
2020,19,0.0045,1.0,0.16,6.0,0.04,model,18.9,3.8079050000000003,4.842813821891154,0.9458241955158806,0.85,0.057819940000000014,1.2779467000000002,0.21298915999999998
2020,19,0.0045,1.0,0.16,24.0,0.04,model,18.9,3.8079050000000003,4.842813821891154,0.9458241955158806,0.85,0.057819940000000014,1.2779467000000002,0.21298915999999998
2020,19,0.0045,1.0,0.16,38.0,0.04,model,18.9,3.7831400000000004,4.8232908557332514,0.9480815324980189,0.85,0.07902729999999998,1.3325807,0.21883600000000006
2020,19,0.0045,1.0,0.16,12.0,0.0,model,18.9,3.8370099999999994,4.862945827376653,0.9413095215516043,0.85,0.04975822000000002,1.25149554,0.20920629999999993
2020,19,0.0045,1.0,0.16,12.0,0.08,model,18.9,3.7838049999999988,4.82325198880382,0.9480815324980189,0.85,0.07902079999999997,1.3287007,0.21860504000000006
2020,19,0.0045,1.0,0.16,,0.16,model,18.9,3.7797650000000003,4.798491022133937,0.9435668585337426,0.95,0.12736256,1.4537387399999997,0.26366093999999995
2020,28,0.0045,1.0,0.16,12.0,0.04,model,27.7,3.16351,4.305229068818522,0.9525962064622949,0.8,2.659999999999949e-06,1.50506906,0.49237104
2020,28,0.0045,1.0,0.16,6.0,0.04,model,27.7,3.16351,4.305229068818522,0.9525962064622949,0.8,2.659999999999949e-06,1.50506906,0.49237104
2020,28,0.0045,1.0,0.16,24.0,0.04,model,27.7,3.16351,4.305229068818522,0.9525962064622949,0.8,2.659999999999949e-06,1.50506906,0.49237104
2020,28,0.0045,1.0,0.16,38.0,0.04,model,27.7,3.165069999999999,4.307587102659678,0.9525962064622949,0.8,3.439999999999879e-06,1.50757398,0.49658364000000005
2020,28,0.0045,1.0,0.16,12.0,0.0,model,27.7,3.146070000000001,4.273921089819044,0.9525962064622949,0.75,5.500000000000049e-06,1.5024703,0.48330218
2020,28,0.0045,1.0,0.16,12.0,0.08,model,27.7,3.1790700000000003,4.329413918765449,0.9525962064622949,0.8,4.4400000000001184e-06,1.4981683200000002,0.50642242
2020,28,0.0045,1.0,0.16,,0.16,model,27.7,3.1977349999999993,4.367688499252208,0.9480815324980189,0.8,7.2999999999999115e-06,1.4808334399999998,0.51513406
2020,5,0.003,3.0,0.16,12.0,0.04,model,4.9,5.917135,7.391682385932176,0.8314524550875482,0.9,0.4487602800000001,1.7387593199999998,0.5215382399999998
2020,5,0.003,3.0,0.16,6.0,0.04,model,4.9,5.789999999999999,7.330228256132274,0.8314524550875482,0.9,0.39943302,1.72338694,0.54357182
2020,5,0.003,3.0,0.16,24.0,0.04,model,4.9,5.99585,7.455089099467558,0.8359671290518247,0.9,0.47364643999999995,1.74144598,0.5333528599999998
2020,5,0.003,3.0,0.16,38.0,0.04,model,4.9,6.015855,7.473242237041429,0.8246804441411338,0.9,0.49428424000000015,1.73932236,0.5338509199999999
2020,5,0.003,3.0,0.16,12.0,0.0,model,4.9,5.917135,7.391682385932176,0.8314524550875482,0.9,0.4487602800000001,1.7387593199999998,0.5215382399999998
2020,5,0.003,3.0,0.16,12.0,0.08,model,4.9,5.917135,7.391682385932176,0.8314524550875482,0.9,0.4487602800000001,1.7387593199999998,0.5215382399999998
2020,5,0.003,3.0,0.16,,0.16,model,4.9,6.069280000000001,7.521368891631364,0.8246804441411338,0.9,0.51824446,1.74846068,0.5367767200000001
2020,10,0.003,3.0,0.16,12.0,0.04,model,9.8,5.745,6.738365652589655,0.9247557170159247,0.8,0.5211053000000001,1.10330482,0.30634144
2020,10,0.003,3.0,0.16,6.0,0.04,model,9.8,5.745,6.738365652589655,0.9247557170159247,0.8,0.5211053000000001,1.10330482,0.30634144
2020,10,0.003,3.0,0.16,24.0,0.04,model,9.8,5.8241049999999985,6.899175421563071,0.9036872385159688,0.8,0.56934764,1.08313062,0.31384144
2020,10,0.003,3.0,0.16,38.0,0.04,model,9.8,5.842604999999999,6.9585490395987,0.8946578905874162,0.85,0.5839207199999998,1.07158576,0.32250407999999997
2020,10,0.003,3.0,0.16,12.0,0.0,model,9.8,5.737524999999999,6.718892288949124,0.9247557170159247,0.8,0.5178017399999999,1.12517362,0.3081058200000001
2020,10,0.003,3.0,0.16,12.0,0.08,model,9.8,5.80398,6.857577667004582,0.9036872385159688,0.8,0.5512801799999999,1.0881224600000001,0.30986404
2020,10,0.003,3.0,0.16,,0.16,model,9.8,5.895884999999998,7.095743528094853,0.8946578905874162,0.85,0.60004104,1.08190404,0.36332074
2020,19,0.003,3.0,0.16,12.0,0.04,model,18.9,3.7907050000000004,4.844655437954282,0.9292703909802011,0.85,0.04766458000000001,1.3501055999999998,0.24726825999999996
2020,19,0.003,3.0,0.16,6.0,0.04,model,18.9,3.7907050000000004,4.844655437954282,0.9292703909802011,0.85,0.04766458000000001,1.3501055999999998,0.24726825999999996
2020,19,0.003,3.0,0.16,24.0,0.04,model,18.9,3.7907050000000004,4.844655437954282,0.9292703909802011,0.85,0.04766458000000001,1.3501055999999998,0.24726825999999996
2020,19,0.003,3.0,0.16,38.0,0.04,model,18.9,3.7452900000000016,4.8204827796601455,0.9262606083373501,0.85,0.06260056,1.3905775999999999,0.26673774000000006
2020,19,0.003,3.0,0.16,12.0,0.0,model,18.9,3.83262,4.872190251416707,0.9292703909802011,0.85,0.04197903999999998,1.3141215400000001,0.25629566
2020,19,0.003,3.0,0.16,12.0,0.08,model,18.9,3.74603,4.821928174496174,0.9262606083373501,0.85,0.06215257999999999,1.39001262,0.26581566
2020,19,0.003,3.0,0.16,,0.16,model,18.9,3.707015000000001,4.808287616241358,0.9337850649444772,0.9,0.10718458000000002,1.5051306400000002,0.29017311999999995
2020,28,0.003,3.0,0.16,12.0,0.04,model,27.7,3.1282549999999993,4.226555052108039,0.9525962064622949,0.8,1.2000000000000213e-06,1.4968671000000002,0.5489273599999999
2020,28,0.003,3.0,0.16,6.0,0.04,model,27.7,3.1282549999999993,4.226555052108039,0.9525962064622949,0.8,1.2000000000000213e-06,1.4968671000000002,0.5489273599999999
2020,28,0.003,3.0,0.16,24.0,0.04,model,27.7,3.1282549999999993,4.226555052108039,0.9525962064622949,0.8,1.2000000000000213e-06,1.4968671000000002,0.5489273599999999
2020,28,0.003,3.0,0.16,38.0,0.04,model,27.7,3.12861,4.225919973567886,0.9525962064622949,0.8,9.400000000000366e-07,1.49471964,0.55266308
2020,28,0.003,3.0,0.16,12.0,0.0,model,27.7,3.10946,4.19725996812206,0.9525962064622949,0.8,2.2799999999999494e-06,1.51209782,0.5293841200000001
2020,28,0.003,3.0,0.16,12.0,0.08,model,27.7,3.1431199999999997,4.241923783379423,0.9525962064622949,0.8,2.999999999999879e-06,1.48898276,0.54057552
2020,28,0.003,3.0,0.16,,0.16,model,27.7,3.171195,4.28359584163819,0.9525962064622949,0.8,6.699999999999911e-06,1.4859869399999999,0.5485189399999999
2020,5,0.0045,2.0,0.16,12.0,0.04,model,4.9,5.777615,7.242402583915093,0.8547782705696423,0.9,0.4649118200000001,1.6642899400000002,0.49184649999999996
2020,5,0.0045,2.0,0.16,6.0,0.04,model,4.9,5.640424999999999,7.153757175393919,0.8502635966053661,0.9,0.40990488,1.63561726,0.5035561599999999
2020,5,0.0045,2.0,0.16,24.0,0.04,model,4.9,5.839875000000001,7.297467649979684,0.844996476980377,0.9,0.49392563999999994,1.6823332600000003,0.49430567999999997
2020,5,0.0045,2.0,0.16,38.0,0.04,model,4.9,5.867694999999999,7.323496669863379,0.8382244660339627,0.9,0.50788066,1.6874211399999999,0.5003058
2020,5,0.0045,2.0,0.16,12.0,0.0,model,4.9,5.777615,7.242402583915093,0.8547782705696423,0.9,0.4649118200000001,1.6642899400000002,0.49184649999999996
2020,5,0.0045,2.0,0.16,12.0,0.08,model,4.9,5.777615,7.242402583915093,0.8547782705696423,0.9,0.4649118200000001,1.6642899400000002,0.49184649999999996
2020,5,0.0045,2.0,0.16,,0.16,model,4.9,5.921495000000001,7.381219337040461,0.826937781123272,0.95,0.5303710399999998,1.6840690800000002,0.5079727
2020,10,0.0045,2.0,0.16,12.0,0.04,model,9.8,5.855065,6.861524266043224,0.9066970211588196,0.75,0.53018118,1.0344618600000002,0.30595352
2020,10,0.0045,2.0,0.16,6.0,0.04,model,9.8,5.855065,6.861524266043224,0.9066970211588196,0.75,0.53018118,1.0344618600000002,0.30595352
2020,10,0.0045,2.0,0.16,24.0,0.04,model,9.8,5.919309999999999,7.021957446253857,0.9036872385159688,0.8,0.5805897199999999,1.0141623200000003,0.30873372
2020,10,0.0045,2.0,0.16,38.0,0.04,model,9.8,5.943199999999999,7.095724031133116,0.8946578905874162,0.8,0.5958409,1.0229898599999998,0.32143113999999995
2020,10,0.0045,2.0,0.16,12.0,0.0,model,9.8,5.845145000000001,6.829818548577995,0.9066970211588196,0.75,0.52623884,1.0442202600000001,0.30454692
2020,10,0.0045,2.0,0.16,12.0,0.08,model,9.8,5.912385000000002,6.986376362714795,0.9036872385159688,0.8,0.5623262800000001,1.01941618,0.30429606000000003
2020,10,0.0045,2.0,0.16,,0.16,model,9.8,6.000015,7.2460447356126645,0.8946578905874162,0.85,0.6134730199999999,1.02985456,0.36478940000000004
2020,19,0.0045,2.0,0.16,12.0,0.04,model,18.9,3.823854999999999,4.908100570230809,0.9262606083373501,0.85,0.05543883999999998,1.3687035999999997,0.2608574999999999
2020,19,0.0045,2.0,0.16,6.0,0.04,model,18.9,3.823854999999999,4.908100570230809,0.9262606083373501,0.85,0.05543883999999998,1.3687035999999997,0.2608574999999999
2020,19,0.0045,2.0,0.16,24.0,0.04,model,18.9,3.823854999999999,4.908100570230809,0.9262606083373501,0.85,0.05543883999999998,1.3687035999999997,0.2608574999999999
2020,19,0.0045,2.0,0.16,38.0,0.04,model,18.9,3.79414,4.887959846500378,0.9307752823016264,0.85,0.07093672000000002,1.4267089599999998,0.2737824799999999
2020,19,0.0045,2.0,0.16,12.0,0.0,model,18.9,3.8578850000000005,4.942615809821759,0.9292703909802011,0.85,0.04942428000000002,1.3429449599999996,0.27166584
2020,19,0.0045,2.0,0.16,12.0,0.08,model,18.9,3.7955299999999994,4.889223543876881,0.9307752823016264,0.85,0.07018459999999997,1.4260628400000002,0.27242500000000003
2020,19,0.0045,2.0,0.16,,0.16,model,18.9,3.774575,4.878034956363065,0.9277654996587756,0.9,0.12193551999999999,1.54258182,0.3071222
2020,28,0.0045,2.0,0.16,12.0,0.04,model,27.7,3.1233299999999993,4.272900580753078,0.9525962064622949,0.8,3.719999999999837e-06,1.5383177600000002,0.56024048
2020,28,0.0045,2.0,0.16,6.0,0.04,model,27.7,3.1233299999999993,4.272900580753078,0.9525962064622949,0.8,3.719999999999837e-06,1.5383177600000002,0.56024048
2020,28,0.0045,2.0,0.16,24.0,0.04,model,27.7,3.1233299999999993,4.272900580753078,0.9525962064622949,0.8,3.719999999999837e-06,1.5383177600000002,0.56024048
2020,28,0.0045,2.0,0.16,38.0,0.04,model,27.7,3.125375000000001,4.273760468896215,0.9525962064622949,0.8,2.5599999999999166e-06,1.5365197999999998,0.55561836
2020,28,0.0045,2.0,0.16,12.0,0.0,model,27.7,3.1100150000000006,4.245434853404302,0.9525962064622949,0.8,2.739999999999916e-06,1.5421035,0.55456688
2020,28,0.0045,2.0,0.16,12.0,0.08,model,27.7,3.136595,4.284951513086233,0.9525962064622949,0.8,4.640000000000118e-06,1.5334288600000001,0.5531766399999999
2020,28,0.0045,2.0,0.16,,0.16,model,27.7,3.162755,4.323491875035734,0.9525962064622949,0.8,1.445999999999995e-05,1.52803854,0.56734274
2020,5,0.007,1.0,0.16,12.0,0.04,model,4.9,5.56017,7.108512837858563,0.8893907709624272,0.9,0.42408952,1.47539254,0.4516987999999999
2020,5,0.007,1.0,0.16,6.0,0.04,model,4.9,5.4392249999999995,7.036763038393435,0.9142214777659469,0.85,0.38204267999999997,1.4504537,0.46365718000000006
2020,5,0.007,1.0,0.16,24.0,0.04,model,4.9,5.6401699999999995,7.170596467519282,0.8893907709624272,0.95,0.46001822000000003,1.5007356200000002,0.46885669999999996
2020,5,0.007,1.0,0.16,38.0,0.04,model,4.9,5.6747700000000005,7.2007658490607795,0.8781040860517365,0.95,0.4757711199999999,1.51463778,0.4743123800000001
2020,5,0.007,1.0,0.16,12.0,0.0,model,4.9,5.56017,7.108512837858563,0.8893907709624272,0.9,0.42408952,1.47539254,0.4516987999999999
2020,5,0.007,1.0,0.16,12.0,0.08,model,4.9,5.56017,7.108512837858563,0.8893907709624272,0.9,0.42408952,1.47539254,0.4516987999999999
2020,5,0.007,1.0,0.16,,0.16,model,4.9,5.7432349999999985,7.263763009590828,0.8781040860517365,0.95,0.49731933999999994,1.54272206,0.4914289
2020,10,0.007,1.0,0.16,12.0,0.04,model,9.8,5.9236249999999995,7.135688812826691,0.9119641407838086,0.8,0.5292662599999999,0.96107076,0.29548756000000004
2020,10,0.007,1.0,0.16,6.0,0.04,model,9.8,5.9236249999999995,7.135688812826691,0.9119641407838086,0.8,0.5292662599999999,0.96107076,0.29548756000000004
2020,10,0.007,1.0,0.16,24.0,0.04,model,9.8,6.056965,7.321392902822522,0.9142214777659469,0.85,0.56328896,0.9380325599999998,0.3161714199999999
2020,10,0.007,1.0,0.16,38.0,0.04,model,9.8,6.107820000000001,7.399489369544361,0.9051921298373942,0.85,0.5796904599999999,0.94941128,0.33674636
2020,10,0.007,1.0,0.16,12.0,0.0,model,9.8,5.90357,7.110231549816082,0.9119641407838086,0.8,0.5130936600000001,0.9560061799999999,0.29914704
2020,10,0.007,1.0,0.16,12.0,0.08,model,9.8,6.023180000000001,7.271538833424464,0.9142214777659469,0.8,0.55672086,0.9398031600000001,0.3104557
2020,10,0.007,1.0,0.16,,0.16,model,9.8,6.221344999999998,7.571674076351939,0.8720845207660348,0.85,0.6083072399999999,0.9927736599999999,0.37557302
2020,19,0.007,1.0,0.16,12.0,0.04,model,18.9,3.929665,5.002006460361681,0.9307752823016264,0.85,0.07112361999999998,1.4371547,0.25844379999999995
2020,19,0.007,1.0,0.16,6.0,0.04,model,18.9,3.929665,5.002006460361681,0.9307752823016264,0.85,0.07112361999999998,1.4371547,0.25844379999999995
2020,19,0.007,1.0,0.16,24.0,0.04,model,18.9,3.929665,5.002006460361681,0.9307752823016264,0.85,0.07112361999999998,1.4371547,0.25844379999999995
2020,19,0.007,1.0,0.16,38.0,0.04,model,18.9,3.8987350000000007,4.980634636921284,0.9307752823016264,0.85,0.09215012000000004,1.4795700400000003,0.26687912
2020,19,0.007,1.0,0.16,12.0,0.0,model,18.9,3.9515699999999994,5.0202554663084635,0.921745934373074,0.85,0.06064632,1.3991582200000001,0.25657971999999996
2020,19,0.007,1.0,0.16,12.0,0.08,model,18.9,3.898635000000001,4.980746780001971,0.9307752823016264,0.85,0.09195137999999997,1.4759864600000001,0.2662289
2020,19,0.007,1.0,0.16,,0.16,model,18.9,3.8941450000000004,4.977961837087545,0.9277654996587756,0.85,0.14189010000000005,1.59413406,0.30277464000000004
2020,28,0.007,1.0,0.16,12.0,0.04,model,27.7,3.0945100000000005,4.34390964109522,0.9525962064622949,0.8,5.060000000000085e-06,1.591075,0.53987248
2020,28,0.007,1.0,0.16,6.0,0.04,model,27.7,3.0945100000000005,4.34390964109522,0.9525962064622949,0.8,5.060000000000085e-06,1.591075,0.53987248
2020,28,0.007,1.0,0.16,24.0,0.04,model,27.7,3.0945100000000005,4.34390964109522,0.9525962064622949,0.8,5.060000000000085e-06,1.591075,0.53987248
2020,28,0.007,1.0,0.16,38.0,0.04,model,27.7,3.095555,4.346951949182323,0.9525962064622949,0.8,4.800000000000085e-06,1.5920810200000002,0.53884674
2020,28,0.007,1.0,0.16,12.0,0.0,model,27.7,3.0831449999999996,4.320214610352129,0.9525962064622949,0.8,3.439999999999879e-06,1.6069414799999997,0.5405097599999998
2020,28,0.007,1.0,0.16,12.0,0.08,model,27.7,3.111709999999999,4.365368513768338,0.9525962064622949,0.8,4.640000000000086e-06,1.58416926,0.5368533400000001
2020,28,0.007,1.0,0.16,,0.16,model,27.7,3.1409000000000007,4.401418532359767,0.9525962064622949,0.8,2.482000000000003e-05,1.5667504600000002,0.55021112
2020,5,0.0045,3.0,0.16,12.0,0.04,model,4.9,6.28645,7.650501244624433,0.8314524550875482,0.9,0.6108142799999999,1.9872846800000001,0.4824680999999999
2020,5,0.0045,3.0,0.16,6.0,0.04,model,4.9,6.143635000000001,7.557837513832909,0.8344622377303992,0.9,0.5867676399999999,1.9791372999999997,0.48966328000000003
2020,5,0.0045,3.0,0.16,24.0,0.04,model,4.9,6.362715,7.711996945441564,0.8314524550875482,0.9,0.63133792,1.9816677200000001,0.48341288000000004
2020,5,0.0045,3.0,0.16,38.0,0.04,model,4.9,6.387474999999999,7.735172515432347,0.8209182158375703,0.9,0.6497525200000001,1.9866106399999999,0.49478557999999995
2020,5,0.0045,3.0,0.16,12.0,0.0,model,4.9,6.28645,7.650501244624433,0.8314524550875482,0.9,0.6108142799999999,1.9872846800000001,0.4824680999999999
2020,5,0.0045,3.0,0.16,12.0,0.08,model,4.9,6.28645,7.650501244624433,0.8314524550875482,0.9,0.6108142799999999,1.9872846800000001,0.4824680999999999
2020,5,0.0045,3.0,0.16,,0.16,model,4.9,6.424015,7.773847980601371,0.8209182158375703,0.9,0.6603974,1.9840480999999996,0.49792980000000014
2020,10,0.0045,3.0,0.16,12.0,0.04,model,9.8,6.126934999999999,7.052429440164573,0.8976676732302671,0.75,0.6198224800000002,1.1825175599999997,0.3293894999999999
2020,10,0.0045,3.0,0.16,6.0,0.04,model,9.8,6.126934999999999,7.052429440164573,0.8976676732302671,0.75,0.6198224800000002,1.1825175599999997,0.3293894999999999
2020,10,0.0045,3.0,0.16,24.0,0.04,model,9.8,6.20152,7.209637478056716,0.8946578905874162,0.8,0.6623388,1.16678566,0.3364683400000001
2020,10,0.0045,3.0,0.16,38.0,0.04,model,9.8,6.219904999999999,7.274032846674533,0.8946578905874162,0.8,0.67122406,1.1562586400000001,0.33518598
2020,10,0.0045,3.0,0.16,12.0,0.0,model,9.8,6.110510000000001,7.028113466002098,0.8976676732302671,0.75,0.6146012599999999,1.1805334399999998,0.33415962
2020,10,0.0045,3.0,0.16,12.0,0.08,model,9.8,6.184,7.168262920401287,0.8946578905874162,0.8,0.6501396000000002,1.15998386,0.3293061
2020,10,0.0045,3.0,0.16,,0.16,model,9.8,6.257795,7.397174961057769,0.8946578905874162,0.85,0.6987276399999999,1.1602641599999999,0.37732508
2020,19,0.0045,3.0,0.16,12.0,0.04,model,18.9,3.8491399999999993,4.987638690202008,0.9232508256944993,0.85,0.05423224000000002,1.4357215999999997,0.2988167400000001
2020,19,0.0045,3.0,0.16,6.0,0.04,model,18.9,3.8491399999999993,4.987638690202008,0.9232508256944993,0.85,0.05423224000000002,1.4357215999999997,0.2988167400000001
2020,19,0.0045,3.0,0.16,24.0,0.04,model,18.9,3.8491399999999993,4.987638690202008,0.9232508256944993,0.85,0.05423224000000002,1.4357215999999997,0.2988167400000001
2020,19,0.0045,3.0,0.16,38.0,0.04,model,18.9,3.821554999999999,4.971657757981737,0.9232508256944993,0.85,0.07158392000000002,1.478059,0.31299066
2020,19,0.0045,3.0,0.16,12.0,0.0,model,18.9,3.889215,5.016907470294823,0.9232508256944993,0.8,0.045869839999999974,1.3977632000000002,0.29940372000000004
2020,19,0.0045,3.0,0.16,12.0,0.08,model,18.9,3.8201449999999992,4.969737994854458,0.9232508256944993,0.85,0.07180624000000001,1.4744357000000001,0.31252772
2020,19,0.0045,3.0,0.16,,0.16,model,18.9,3.778085,4.958692028297381,0.9277654996587756,0.9,0.11713738000000003,1.58186846,0.3412680600000001
2020,28,0.0045,3.0,0.16,12.0,0.04,model,27.7,3.1170999999999998,4.271283291471077,0.9525962064622949,0.8,3.339999999999837e-06,1.5568695999999997,0.5779158999999999
2020,28,0.0045,3.0,0.16,6.0,0.04,model,27.7,3.1170999999999998,4.271283291471077,0.9525962064622949,0.8,3.339999999999837e-06,1.5568695999999997,0.5779158999999999
2020,28,0.0045,3.0,0.16,24.0,0.04,model,27.7,3.1170999999999998,4.271283291471077,0.9525962064622949,0.8,3.339999999999837e-06,1.5568695999999997,0.5779158999999999
2020,28,0.0045,3.0,0.16,38.0,0.04,model,27.7,3.1163150000000006,4.269036147949559,0.9525962064622949,0.8,3.519999999999837e-06,1.5543989200000001,0.575191
2020,28,0.0045,3.0,0.16,12.0,0.0,model,27.7,3.0976050000000006,4.24067709965048,0.9541010977837204,0.8,2.1799999999999495e-06,1.5630960399999998,0.57506832
2020,28,0.0045,3.0,0.16,12.0,0.08,model,27.7,3.1334100000000005,4.284133092470402,0.9525962064622949,0.8,3.1799999999998374e-06,1.5573801600000001,0.5845092
2020,28,0.0045,3.0,0.16,,0.16,model,27.7,3.154634999999999,4.321826442200102,0.9525962064622949,0.8,1.0340000000000192e-05,1.54700302,0.5903997599999999
2020,5,0.007,2.0,0.16,12.0,0.04,model,4.9,6.26299,7.684595030383839,0.8299475637661228,0.85,0.6480798600000001,2.08581656,0.43164212
2020,5,0.007,2.0,0.16,6.0,0.04,model,4.9,6.121525000000001,7.586231250990178,0.8344622377303992,0.85,0.63298162,2.0593266999999997,0.44856384
2020,5,0.007,2.0,0.16,24.0,0.04,model,4.9,6.349080000000001,7.747119246532869,0.8367195747125372,0.85,0.6733070200000001,2.0728600000000004,0.4472515200000001
2020,5,0.007,2.0,0.16,38.0,0.04,model,4.9,6.380135,7.771820879401428,0.8367195747125372,0.85,0.6839998,2.07192754,0.44980921999999995
2020,5,0.007,2.0,0.16,12.0,0.0,model,4.9,6.26299,7.684595030383839,0.8299475637661228,0.85,0.6480798600000001,2.08581656,0.43164212
2020,5,0.007,2.0,0.16,12.0,0.08,model,4.9,6.26299,7.684595030383839,0.8299475637661228,0.85,0.6480798600000001,2.08581656,0.43164212
2020,5,0.007,2.0,0.16,,0.16,model,4.9,6.44062,7.823628071425686,0.8367195747125372,0.9,0.6938245399999999,2.05429062,0.4604523399999999
2020,10,0.007,2.0,0.16,12.0,0.04,model,9.8,6.321205000000001,7.308489008098733,0.8976676732302671,0.75,0.6488683199999999,1.1816304600000003,0.34580910000000004
2020,10,0.007,2.0,0.16,6.0,0.04,model,9.8,6.321205000000001,7.308489008098733,0.8976676732302671,0.75,0.6488683199999999,1.1816304600000003,0.34580910000000004
2020,10,0.007,2.0,0.16,24.0,0.04,model,9.8,6.394165000000001,7.48515579767716,0.8939054449267035,0.8,0.69014878,1.17245898,0.3457346
2020,10,0.007,2.0,0.16,38.0,0.04,model,9.8,6.409000000000001,7.546753799548518,0.8939054449267035,0.85,0.6993084999999999,1.16577654,0.35586114
2020,10,0.007,2.0,0.16,12.0,0.0,model,9.8,6.316660000000001,7.292253637662366,0.8976676732302671,0.75,0.6365296600000001,1.1861928800000001,0.34909647999999993
2020,10,0.007,2.0,0.16,12.0,0.08,model,9.8,6.383360000000001,7.443533518027577,0.8939054449267035,0.8,0.6729657400000001,1.15858768,0.3464605799999999
2020,10,0.007,2.0,0.16,,0.16,model,9.8,6.460535000000002,7.677655773965124,0.8758467490695983,0.85,0.7342896199999999,1.18006332,0.39390907999999997
2020,19,0.007,2.0,0.16,12.0,0.04,model,18.9,3.891510000000001,5.0714722073575444,0.9202410430516484,0.85,0.06127990000000002,1.4944765,0.32912242
2020,19,0.007,2.0,0.16,6.0,0.04,model,18.9,3.891510000000001,5.0714722073575444,0.9202410430516484,0.85,0.06127990000000002,1.4944765,0.32912242
2020,19,0.007,2.0,0.16,24.0,0.04,model,18.9,3.891510000000001,5.0714722073575444,0.9202410430516484,0.85,0.06127990000000002,1.4944765,0.32912242
2020,19,0.007,2.0,0.16,38.0,0.04,model,18.9,3.8667000000000007,5.059651364965773,0.9202410430516484,0.85,0.07697904000000001,1.5438141600000002,0.3369134
2020,19,0.007,2.0,0.16,12.0,0.0,model,18.9,3.9329949999999996,5.093474172850981,0.9202410430516484,0.8,0.0507536,1.4734291999999998,0.33147712000000007
2020,19,0.007,2.0,0.16,12.0,0.08,model,18.9,3.8666150000000004,5.058996900424035,0.9202410430516484,0.85,0.07657392,1.54441364,0.33860594
2020,19,0.007,2.0,0.16,,0.16,model,18.9,3.849055,5.042283497136987,0.9277654996587756,0.85,0.12345270000000001,1.64397876,0.35937468000000006
2020,28,0.007,2.0,0.16,12.0,0.04,model,27.7,3.0936149999999993,4.322875362360103,0.9488145195897524,0.8,5.260000000000085e-06,1.6012532400000004,0.5945384599999999
2020,28,0.007,2.0,0.16,6.0,0.04,model,27.7,3.0936149999999993,4.322875362360103,0.9488145195897524,0.8,5.260000000000085e-06,1.6012532400000004,0.5945384599999999
2020,28,0.007,2.0,0.16,24.0,0.04,model,27.7,3.0936149999999993,4.322875362360103,0.9488145195897524,0.8,5.260000000000085e-06,1.6012532400000004,0.5945384599999999
2020,28,0.007,2.0,0.16,38.0,0.04,model,27.7,3.0921899999999996,4.321684640276289,0.9541010977837204,0.8,5.680000000000048e-06,1.59857066,0.60325522
2020,28,0.007,2.0,0.16,12.0,0.0,model,27.7,3.077165,4.293308086138239,0.9541010977837204,0.8,1.660000000000002e-06,1.6230815,0.5917478
2020,28,0.007,2.0,0.16,12.0,0.08,model,27.7,3.105755,4.338533112297289,0.9525962064622949,0.8,6.97999999999991e-06,1.5985782000000004,0.6000055999999999
2020,28,0.007,2.0,0.16,,0.16,model,27.7,3.125564999999999,4.366857100535808,0.9525962064622949,0.8,1.3119999999999949e-05,1.58089096,0.60114436
2020,5,0.01,1.0,0.16,12.0,0.04,model,4.9,6.12285,7.6063404957969105,0.8856285426588637,0.85,0.58930386,1.8842139199999997,0.41204874
2020,5,0.01,1.0,0.16,6.0,0.04,model,4.9,6.010225000000001,7.54273677291605,0.8901432166231398,0.85,0.5406414599999999,1.8877711000000001,0.41927879999999984
2020,5,0.01,1.0,0.16,24.0,0.04,model,4.9,6.2078299999999995,7.676610858054484,0.8826187600160129,0.85,0.60501024,1.9041112199999999,0.43475855999999996
2020,5,0.01,1.0,0.16,38.0,0.04,model,4.9,6.233510000000001,7.698377879852353,0.8826187600160129,0.9,0.6151391200000002,1.8992248200000006,0.4387128599999999
2020,5,0.01,1.0,0.16,12.0,0.0,model,4.9,6.12285,7.6063404957969105,0.8856285426588637,0.85,0.58930386,1.8842139199999997,0.41204874
2020,5,0.01,1.0,0.16,12.0,0.08,model,4.9,6.12285,7.6063404957969105,0.8856285426588637,0.85,0.58930386,1.8842139199999997,0.41204874
2020,5,0.01,1.0,0.16,,0.16,model,4.9,6.284885,7.747609617068997,0.8653125098196204,0.9,0.6350959400000001,1.9220317800000002,0.45301272
2020,10,0.01,1.0,0.16,12.0,0.04,model,9.8,6.36421,7.601183575272998,0.9021823471945433,0.75,0.62930822,1.1213976399999999,0.33494574000000005
2020,10,0.01,1.0,0.16,6.0,0.04,model,9.8,6.36421,7.601183575272998,0.9021823471945433,0.75,0.62930822,1.1213976399999999,0.33494574000000005
2020,10,0.01,1.0,0.16,24.0,0.04,model,9.8,6.494974999999999,7.78241650058001,0.8863809883195765,0.8,0.6532328200000002,1.12177342,0.34346662000000006
2020,10,0.01,1.0,0.16,38.0,0.04,model,9.8,6.543259999999999,7.855530801543584,0.8750943034088856,0.85,0.67974188,1.12545758,0.35911124000000005
2020,10,0.01,1.0,0.16,12.0,0.0,model,9.8,6.34578,7.5747839421332674,0.9021823471945433,0.8,0.61858078,1.1255834799999997,0.33418948000000004
2020,10,0.01,1.0,0.16,12.0,0.08,model,9.8,6.45732,7.734614510497598,0.8863809883195765,0.8,0.6524311600000001,1.1179412199999998,0.32667192
2020,10,0.01,1.0,0.16,,0.16,model,9.8,6.6431700000000005,8.018340076225254,0.8720845207660348,0.85,0.7095920600000001,1.16553808,0.40152941999999997
2020,19,0.01,1.0,0.16,12.0,0.04,model,18.9,4.02251,5.146104008956679,0.9202410430516484,0.85,0.07730448000000002,1.5841468399999998,0.29276541999999994
2020,19,0.01,1.0,0.16,6.0,0.04,model,18.9,4.02251,5.146104008956679,0.9202410430516484,0.85,0.07730448000000002,1.5841468399999998,0.29276541999999994
2020,19,0.01,1.0,0.16,24.0,0.04,model,18.9,4.02251,5.146104008956679,0.9202410430516484,0.85,0.07730448000000002,1.5841468399999998,0.29276541999999994
2020,19,0.01,1.0,0.16,38.0,0.04,model,18.9,3.99416,5.124530341992328,0.9277654996587756,0.85,0.09277238,1.60832382,0.31185672000000003
2020,19,0.01,1.0,0.16,12.0,0.0,model,18.9,4.04939,5.160678503452815,0.9202410430516484,0.85,0.06700824000000001,1.5408285599999998,0.29658924000000003
2020,19,0.01,1.0,0.16,12.0,0.08,model,18.9,3.9929650000000003,5.1234446731178815,0.9277654996587756,0.85,0.09284992,1.6080791199999998,0.30980914000000004
2020,19,0.01,1.0,0.16,,0.16,model,18.9,3.98899,5.12264082041675,0.9277654996587756,0.85,0.14762329999999999,1.72080222,0.33199998000000003
2020,28,0.01,1.0,0.16,12.0,0.04,model,27.7,3.0511649999999997,4.392550669542696,0.9525962064622949,0.8,5.860000000000007e-06,1.6443946399999998,0.56476442
2020,28,0.01,1.0,0.16,6.0,0.04,model,27.7,3.0511649999999997,4.392550669542696,0.9525962064622949,0.8,5.860000000000007e-06,1.6443946399999998,0.56476442
2020,28,0.01,1.0,0.16,24.0,0.04,model,27.7,3.0511649999999997,4.392550669542696,0.9525962064622949,0.8,5.860000000000007e-06,1.6443946399999998,0.56476442
2020,28,0.01,1.0,0.16,38.0,0.04,model,27.7,3.0507499999999994,4.394310866336154,0.9525962064622949,0.8,7.279999999999911e-06,1.6434149200000001,0.5655776
2020,28,0.01,1.0,0.16,12.0,0.0,model,27.7,3.0378,4.371525405050279,0.9525962064622949,0.8,8.379999999999855e-06,1.6657124200000002,0.56527268
2020,28,0.01,1.0,0.16,12.0,0.08,model,27.7,3.0686349999999996,4.4167083965890255,0.9525962064622949,0.8,7.279999999999911e-06,1.653095,0.56735376
2020,28,0.01,1.0,0.16,,0.16,model,27.7,3.1079900000000005,4.445987805763754,0.9525962064622949,0.8,1.9640000000000344e-05,1.62492194,0.5661200000000002
2020,5,0.01,2.0,0.16,12.0,0.04,model,4.9,6.818769999999999,8.45617592360755,0.8179084331947194,0.85,0.8336384,2.6027588999999995,0.41078026
2020,5,0.01,2.0,0.16,6.0,0.04,model,4.9,6.683624999999999,8.375626681240037,0.8141462048911559,0.85,0.8254640200000003,2.5916342799999996,0.4374544399999999
2020,5,0.01,2.0,0.16,24.0,0.04,model,4.9,6.902000000000001,8.521256561974882,0.8179084331947194,0.85,0.8385546199999999,2.5688887599999997,0.4227550799999999
2020,5,0.01,2.0,0.16,38.0,0.04,model,4.9,6.942949999999999,8.557370671882808,0.8179084331947194,0.85,0.8428861000000001,2.5559035200000007,0.42878528
2020,5,0.01,2.0,0.16,12.0,0.0,model,4.9,6.818769999999999,8.45617592360755,0.8179084331947194,0.85,0.8336384,2.6027588999999995,0.41078026
2020,5,0.01,2.0,0.16,12.0,0.08,model,4.9,6.818769999999999,8.45617592360755,0.8179084331947194,0.85,0.8336384,2.6027588999999995,0.41078026
2020,5,0.01,2.0,0.16,,0.16,model,4.9,6.99286,8.59238822016324,0.8224231071589957,0.85,0.8402982399999999,2.5481822600000004,0.44704266000000004
2020,10,0.01,2.0,0.16,12.0,0.04,model,9.8,6.6912,7.7739906281780415,0.8773516403910238,0.8,0.72618296,1.32126346,0.40098182
2020,10,0.01,2.0,0.16,6.0,0.04,model,9.8,6.6912,7.7739906281780415,0.8773516403910238,0.8,0.72618296,1.32126346,0.40098182
2020,10,0.01,2.0,0.16,24.0,0.04,model,9.8,6.732559999999999,7.908255765590791,0.8668174011410459,0.8,0.7667728999999999,1.29474654,0.39761636000000006
2020,10,0.01,2.0,0.16,38.0,0.04,model,9.8,6.769915,7.993498893194395,0.8592929445339186,0.8,0.7717273199999999,1.3061630400000002,0.4022245399999999
2020,10,0.01,2.0,0.16,12.0,0.0,model,9.8,6.685095,7.750138871820298,0.8773516403910238,0.8,0.7150901199999999,1.3120345000000002,0.40402217999999995
2020,10,0.01,2.0,0.16,12.0,0.08,model,9.8,6.722385,7.8715030808289725,0.8668174011410459,0.8,0.75355224,1.3071138,0.38988645999999993
2020,10,0.01,2.0,0.16,,0.16,model,9.8,6.851585,8.106705911990394,0.848006259623228,0.9,0.7955702400000001,1.3148150800000002,0.43243238
2020,19,0.01,2.0,0.16,12.0,0.04,model,18.9,3.945215,5.187803469147613,0.9202410430516484,0.8,0.06108864000000001,1.5932512799999998,0.37855675999999994
2020,19,0.01,2.0,0.16,6.0,0.04,model,18.9,3.945215,5.187803469147613,0.9202410430516484,0.8,0.06108864000000001,1.5932512799999998,0.37855675999999994
2020,19,0.01,2.0,0.16,24.0,0.04,model,18.9,3.945215,5.187803469147613,0.9202410430516484,0.8,0.06108864000000001,1.5932512799999998,0.37855675999999994
2020,19,0.01,2.0,0.16,38.0,0.04,model,18.9,3.921450000000001,5.175137619522789,0.9202410430516484,0.8,0.07586621999999998,1.6322162999999998,0.37773651999999996
2020,19,0.01,2.0,0.16,12.0,0.0,model,18.9,3.9845699999999993,5.19900480015166,0.9202410430516484,0.8,0.05150162,1.56478936,0.38912068000000005
2020,19,0.01,2.0,0.16,12.0,0.08,model,18.9,3.9202500000000002,5.174356392828001,0.9202410430516484,0.8,0.07530796000000003,1.6340927000000003,0.379244
2020,19,0.01,2.0,0.16,,0.16,model,18.9,3.9312299999999993,5.163160445405508,0.921745934373074,0.85,0.12199990000000002,1.70429356,0.40732452
2020,28,0.01,2.0,0.16,12.0,0.04,model,27.7,3.0813199999999994,4.365021886199425,0.9458241955158806,0.8,6.340000000000007e-06,1.64923602,0.6432429599999999
2020,28,0.01,2.0,0.16,6.0,0.04,model,27.7,3.0813199999999994,4.365021886199425,0.9458241955158806,0.8,6.340000000000007e-06,1.64923602,0.6432429599999999
2020,28,0.01,2.0,0.16,24.0,0.04,model,27.7,3.0813199999999994,4.365021886199425,0.9458241955158806,0.8,6.340000000000007e-06,1.64923602,0.6432429599999999
2020,28,0.01,2.0,0.16,38.0,0.04,model,27.7,3.081945,4.365378025956057,0.9458241955158806,0.8,7.059999999999961e-06,1.64773712,0.64327442
2020,28,0.01,2.0,0.16,12.0,0.0,model,27.7,3.069909999999999,4.342494097865879,0.9458241955158806,0.8,2.919999999999916e-06,1.6631033,0.6221126199999999
2020,28,0.01,2.0,0.16,12.0,0.08,model,27.7,3.0869849999999994,4.383127010308964,0.9458241955158806,0.8,5.680000000000048e-06,1.630922,0.63849114
2020,28,0.01,2.0,0.16,,0.16,model,27.7,3.1001149999999997,4.41550294683403,0.9443193041944553,0.8,1.1180000000000139e-05,1.61943906,0.6441453800000001
2020,5,0.007,3.0,0.16,12.0,0.04,model,4.9,6.753210000000001,8.342548049786707,0.826937781123272,0.85,0.81687032,2.49030084,0.44048414
2020,5,0.007,3.0,0.16,6.0,0.04,model,4.9,6.615715,8.26394160739898,0.826937781123272,0.85,0.8160614199999999,2.4845128599999997,0.45602455999999997
2020,5,0.007,3.0,0.16,24.0,0.04,model,4.9,6.860640000000001,8.426659466656996,0.8148986505518686,0.85,0.83005818,2.4774785000000006,0.45592184
2020,5,0.007,3.0,0.16,38.0,0.04,model,4.9,6.8892750000000005,8.446234696685856,0.8148986505518686,0.85,0.83086144,2.4583193,0.45721738000000006
2020,5,0.007,3.0,0.16,12.0,0.0,model,4.9,6.753210000000001,8.342548049786707,0.826937781123272,0.85,0.81687032,2.49030084,0.44048414
2020,5,0.007,3.0,0.16,12.0,0.08,model,4.9,6.753210000000001,8.342548049786707,0.826937781123272,0.85,0.81687032,2.49030084,0.44048414
2020,5,0.007,3.0,0.16,,0.16,model,4.9,6.9342549999999985,8.481537851622194,0.8148986505518686,0.85,0.8311402000000001,2.43225092,0.4654669599999999
2020,10,0.007,3.0,0.16,12.0,0.04,model,9.8,6.581235000000001,7.551219780240807,0.8833712056767254,0.8,0.72947434,1.3251945600000001,0.39275644
2020,10,0.007,3.0,0.16,6.0,0.04,model,9.8,6.581235000000001,7.551219780240807,0.8833712056767254,0.8,0.72947434,1.3251945600000001,0.39275644
2020,10,0.007,3.0,0.16,24.0,0.04,model,9.8,6.6325,7.689729971266872,0.8939054449267035,0.85,0.76750086,1.30101594,0.38467451999999996
2020,10,0.007,3.0,0.16,38.0,0.04,model,9.8,6.660660000000002,7.763768284924532,0.8788565317124492,0.9,0.77153244,1.2932848599999998,0.38223098000000005
2020,10,0.007,3.0,0.16,12.0,0.0,model,9.8,6.565345000000001,7.525575008363148,0.8893907709624272,0.8,0.7188629999999999,1.32959202,0.39146069999999994
2020,10,0.007,3.0,0.16,12.0,0.08,model,9.8,6.6206749999999985,7.655163331471118,0.8833712056767254,0.8,0.7578653399999998,1.30613908,0.37979214000000017
2020,10,0.007,3.0,0.16,,0.16,model,9.8,6.6825,7.873417187727322,0.8517684879267915,0.9,0.7922644399999998,1.3017765000000001,0.4127680400000001
2020,19,0.007,3.0,0.16,12.0,0.04,model,18.9,3.9249100000000015,5.133343704740605,0.9202410430516484,0.8,0.057227099999999975,1.5225487,0.35580085999999994
2020,19,0.007,3.0,0.16,6.0,0.04,model,18.9,3.9249100000000015,5.133343704740605,0.9202410430516484,0.8,0.057227099999999975,1.5225487,0.35580085999999994
2020,19,0.007,3.0,0.16,24.0,0.04,model,18.9,3.9249100000000015,5.133343704740605,0.9202410430516484,0.8,0.057227099999999975,1.5225487,0.35580085999999994
2020,19,0.007,3.0,0.16,38.0,0.04,model,18.9,3.8959400000000004,5.120356045921026,0.9202410430516484,0.8,0.07089058,1.5791470199999997,0.37566054
2020,19,0.007,3.0,0.16,12.0,0.0,model,18.9,3.9643150000000005,5.160554373853646,0.9232508256944993,0.8,0.04949593999999999,1.4864512800000003,0.37919688
2020,19,0.007,3.0,0.16,12.0,0.08,model,18.9,3.896885,5.121453465033144,0.9202410430516484,0.8,0.07130038000000001,1.57866248,0.37743015999999996
2020,19,0.007,3.0,0.16,,0.16,model,18.9,3.8706999999999994,5.110182521006466,0.9277654996587756,0.85,0.11916381999999998,1.65737364,0.39546240000000005
2020,28,0.007,3.0,0.16,12.0,0.04,model,27.7,3.108715000000001,4.320162609844681,0.9458241955158806,0.8,1.5400000000000018e-06,1.61083688,0.63171246
2020,28,0.007,3.0,0.16,6.0,0.04,model,27.7,3.108715000000001,4.320162609844681,0.9458241955158806,0.8,1.5400000000000018e-06,1.61083688,0.63171246
2020,28,0.007,3.0,0.16,24.0,0.04,model,27.7,3.108715000000001,4.320162609844681,0.9458241955158806,0.8,1.5400000000000018e-06,1.61083688,0.63171246
2020,28,0.007,3.0,0.16,38.0,0.04,model,27.7,3.1076249999999996,4.318504348903679,0.9458241955158806,0.8,2.5999999999999167e-06,1.6130287,0.6271383399999999
2020,28,0.007,3.0,0.16,12.0,0.0,model,27.7,3.088605,4.288004445485102,0.9458241955158806,0.8,2.039999999999978e-06,1.6224408399999999,0.6201768999999999
2020,28,0.007,3.0,0.16,12.0,0.08,model,27.7,3.115705,4.330309449161803,0.9458241955158806,0.8,6.5199999999999604e-06,1.60070274,0.6227907399999999
2020,28,0.007,3.0,0.16,,0.16,model,27.7,3.12254,4.358781077319668,0.9458241955158806,0.8,6.639999999999961e-06,1.58644848,0.6325209799999999
2020,5,0.01,3.0,0.16,12.0,0.04,model,4.9,7.280690000000002,9.223071236415773,0.7930777263911999,0.85,0.97593438,3.013037040000001,0.4419189
2020,5,0.01,3.0,0.16,6.0,0.04,model,4.9,7.1492249999999995,9.155113638098653,0.8013546286590397,0.85,0.9820212799999999,3.03521004,0.45985834
2020,5,0.01,3.0,0.16,24.0,0.04,model,4.9,7.352815,9.267622511976844,0.7930777263911999,0.85,0.96504774,2.9655309599999997,0.44896396000000005
2020,5,0.01,3.0,0.16,38.0,0.04,model,4.9,7.378450000000001,9.286876249148582,0.7930777263911999,0.85,0.95749582,2.95016174,0.45689938
2020,5,0.01,3.0,0.16,12.0,0.0,model,4.9,7.280690000000002,9.223071236415773,0.7930777263911999,0.85,0.97593438,3.013037040000001,0.4419189
2020,5,0.01,3.0,0.16,12.0,0.08,model,4.9,7.280690000000002,9.223071236415773,0.7930777263911999,0.85,0.97593438,3.013037040000001,0.4419189
2020,5,0.01,3.0,0.16,,0.16,model,4.9,7.4316549999999975,9.32214826804959,0.7968399546947634,0.9,0.95987708,2.9232870400000004,0.46367452
2020,10,0.01,3.0,0.16,12.0,0.04,model,9.8,6.902805000000001,7.958149545497371,0.8502635966053661,0.85,0.7815927399999998,1.40688848,0.43951298
2020,10,0.01,3.0,0.16,6.0,0.04,model,9.8,6.902805000000001,7.958149545497371,0.8502635966053661,0.85,0.7815927399999998,1.40688848,0.43951298
2020,10,0.01,3.0,0.16,24.0,0.04,model,9.8,6.94109,8.07517926544049,0.8352146833911119,0.85,0.8179064400000001,1.4017387600000002,0.4341834999999999
2020,10,0.01,3.0,0.16,38.0,0.04,model,9.8,6.9664350000000015,8.153670346690502,0.8397293573553882,0.85,0.8218834599999999,1.3984774,0.43000713999999995
2020,10,0.01,3.0,0.16,12.0,0.0,model,9.8,6.889645,7.9302484064813505,0.8502635966053661,0.85,0.77520992,1.41484834,0.44182738
2020,10,0.01,3.0,0.16,12.0,0.08,model,9.8,6.940994999999999,8.052889455437718,0.8352146833911119,0.85,0.8173857199999999,1.4047558000000002,0.4366965
2020,10,0.01,3.0,0.16,,0.16,model,9.8,6.980250000000001,8.25278317684404,0.8397293573553882,0.9,0.8462018600000001,1.4146310200000003,0.45866003999999994
2020,19,0.01,3.0,0.16,12.0,0.04,model,18.9,3.9515900000000017,5.219435749484805,0.9202410430516484,0.8,0.055398759999999984,1.5951907199999997,0.40990172
2020,19,0.01,3.0,0.16,6.0,0.04,model,18.9,3.9515900000000017,5.219435749484805,0.9202410430516484,0.8,0.055398759999999984,1.5951907199999997,0.40990172
2020,19,0.01,3.0,0.16,24.0,0.04,model,18.9,3.9515900000000017,5.219435749484805,0.9202410430516484,0.8,0.055398759999999984,1.5951907199999997,0.40990172
2020,19,0.01,3.0,0.16,38.0,0.04,model,18.9,3.9232,5.215140682282693,0.9202410430516484,0.8,0.06509162000000002,1.6426066,0.41826082
2020,19,0.01,3.0,0.16,12.0,0.0,model,18.9,3.994744999999999,5.246525754392138,0.9202410430516484,0.8,0.04624066000000002,1.5687127399999998,0.42557280000000003
2020,19,0.01,3.0,0.16,12.0,0.08,model,18.9,3.9244749999999997,5.214727211034149,0.9202410430516484,0.8,0.06387292,1.63811052,0.41960433999999996
2020,19,0.01,3.0,0.16,,0.16,model,18.9,3.97432,5.207545161494042,0.9142214777659469,0.85,0.11234453999999999,1.6956541200000002,0.44207733999999993
2020,28,0.01,3.0,0.16,12.0,0.04,model,27.7,3.09385,4.35895965283002,0.9458241955158806,0.8,5.6600000000000475e-06,1.6432145,0.6753759400000001
2020,28,0.01,3.0,0.16,6.0,0.04,model,27.7,3.09385,4.35895965283002,0.9458241955158806,0.8,5.6600000000000475e-06,1.6432145,0.6753759400000001
2020,28,0.01,3.0,0.16,24.0,0.04,model,27.7,3.09385,4.35895965283002,0.9458241955158806,0.8,5.6600000000000475e-06,1.6432145,0.6753759400000001
2020,28,0.01,3.0,0.16,38.0,0.04,model,27.7,3.0936049999999993,4.360567083591307,0.9458241955158806,0.8,5.420000000000048e-06,1.6388791999999999,0.6746564800000001
2020,28,0.01,3.0,0.16,12.0,0.0,model,27.7,3.078510000000001,4.333456687218646,0.9458241955158806,0.8,2.559999999999916e-06,1.6481090800000002,0.6548169999999999
2020,28,0.01,3.0,0.16,12.0,0.08,model,27.7,3.0997650000000005,4.3758107842433045,0.9458241955158806,0.8,3.4400000000001466e-06,1.63087006,0.6647726
2020,28,0.01,3.0,0.16,,0.16,model,27.7,3.104780000000001,4.404753512513499,0.9458241955158806,0.8,6.359999999999961e-06,1.62314496,0.65778452
2021,5,0.003,1.0,0.16,12.0,0.04,model,5.0,8.361684999999998,10.1198335883798,0.8108311968669438,0.6,0.33705628,1.3065666400000002,1.13635126
2021,5,0.003,1.0,0.16,6.0,0.04,model,5.0,8.333224999999999,10.010024226519134,0.8251222847523538,0.6,0.27878260000000005,1.37957876,1.0774198
2021,5,0.003,1.0,0.16,24.0,0.04,model,5.0,8.406870000000001,10.217024950248483,0.7950357839409644,0.65,0.36441503999999997,1.2762476999999999,1.17291082
2021,5,0.003,1.0,0.16,38.0,0.04,model,5.0,8.42529,10.245328076347775,0.7950357839409644,0.65,0.38152146000000003,1.27464446,1.1927371399999998
2021,5,0.003,1.0,0.16,12.0,0.0,model,5.0,8.361684999999998,10.1198335883798,0.8108311968669438,0.6,0.33705628,1.3065666400000002,1.13635126
2021,5,0.003,1.0,0.16,12.0,0.08,model,5.0,8.361684999999998,10.1198335883798,0.8108311968669438,0.6,0.33705628,1.3065666400000002,1.13635126
2021,5,0.003,1.0,0.16,,0.16,model,5.0,8.46137,10.30861855812892,0.7905228088192559,0.65,0.40059875999999994,1.2636823599999998,1.2137140200000003
2021,10,0.003,1.0,0.16,12.0,0.04,model,10.0,7.109219999999998,8.715094688068511,0.8913125865374104,0.65,0.37672194000000003,1.107039,1.23539812
2021,10,0.003,1.0,0.16,6.0,0.04,model,10.0,7.109219999999998,8.715094688068511,0.8913125865374104,0.65,0.37672194000000003,1.107039,1.23539812
2021,10,0.003,1.0,0.16,24.0,0.04,model,10.0,7.225750000000002,8.833587703928682,0.8958255616591188,0.65,0.39694191999999995,1.1084246800000002,1.25424656
2021,10,0.003,1.0,0.16,38.0,0.04,model,10.0,7.283789999999999,8.896462660743312,0.8973298866996882,0.65,0.41108974000000004,1.09952774,1.2677555200000001
2021,10,0.003,1.0,0.16,12.0,0.0,model,10.0,7.0774,8.688988375639596,0.8883039364562715,0.65,0.37381314000000004,1.10697496,1.2115326799999995
2021,10,0.003,1.0,0.16,12.0,0.08,model,10.0,7.20279,8.808441656558779,0.8958255616591188,0.65,0.3954651399999999,1.1047098800000001,1.24112402
2021,10,0.003,1.0,0.16,,0.16,model,10.0,7.380754999999999,9.003393945868412,0.8920647490576952,0.75,0.43013623999999995,1.1128756000000002,1.2999616
2021,19,0.003,1.0,0.16,12.0,0.04,model,19.0,4.620375,6.5087075092141,0.9379466627950638,0.8,0.0034325399999999974,0.6952450000000001,1.1312662599999999
2021,19,0.003,1.0,0.16,6.0,0.04,model,19.0,4.620375,6.5087075092141,0.9379466627950638,0.8,0.0034325399999999974,0.6952450000000001,1.1312662599999999
2021,19,0.003,1.0,0.16,24.0,0.04,model,19.0,4.620375,6.5087075092141,0.9379466627950638,0.8,0.0034325399999999974,0.6952450000000001,1.1312662599999999
2021,19,0.003,1.0,0.16,38.0,0.04,model,19.0,4.617165000000002,6.541390671523908,0.9379466627950638,0.85,0.0040304600000000005,0.7002532,1.1310515400000003
2021,19,0.003,1.0,0.16,12.0,0.0,model,19.0,4.636175,6.492409659864355,0.9379466627950638,0.8,0.0042100200000000036,0.6980094,1.1000157799999999
2021,19,0.003,1.0,0.16,12.0,0.08,model,19.0,4.617165000000002,6.541390671523908,0.9379466627950638,0.85,0.0040304600000000005,0.7002532,1.1310515400000003
2021,19,0.003,1.0,0.16,,0.16,model,19.0,4.598545,6.5737164309468055,0.9364423377544945,0.85,0.00593736,0.6685329999999998,1.1440108199999999
2021,28,0.003,1.0,0.16,12.0,0.04,model,28.0,4.209480000000001,4.815579758658348,0.9612637009238906,0.5,0.06459768,1.1625494,0.52430402
2021,28,0.003,1.0,0.16,6.0,0.04,model,28.0,4.209480000000001,4.815579758658348,0.9612637009238906,0.5,0.06459768,1.1625494,0.52430402
2021,28,0.003,1.0,0.16,24.0,0.04,model,28.0,4.209480000000001,4.815579758658348,0.9612637009238906,0.5,0.06459768,1.1625494,0.52430402
2021,28,0.003,1.0,0.16,38.0,0.04,model,28.0,4.208215,4.8130768457920965,0.9612637009238906,0.5,0.06485041999999999,1.1628066,0.5190892600000001
2021,28,0.003,1.0,0.16,12.0,0.0,model,28.0,4.218099999999998,4.836746563135182,0.9650245135253144,0.5,0.057230060000000006,1.2038184,0.5226200000000001
2021,28,0.003,1.0,0.16,12.0,0.08,model,28.0,4.1998500000000005,4.790475985953796,0.9612637009238906,0.5,0.06580086,1.1181341000000002,0.5075421600000001
2021,28,0.003,1.0,0.16,,0.16,model,28.0,4.21026,4.7589355838254415,0.9642723510050297,0.5,0.08072681999999999,1.02136396,0.5115662999999999
2021,5,0.003,2.0,0.16,12.0,0.04,model,5.0,8.422849999999997,10.392064881966432,0.7574276579267276,0.6,0.36031628000000004,1.3843355800000001,1.0726300800000002
2021,5,0.003,2.0,0.16,6.0,0.04,model,5.0,8.3807,10.295788834907214,0.7619406330484361,0.6,0.3114957200000001,1.44222432,1.0274433200000002
2021,5,0.003,2.0,0.16,24.0,0.04,model,5.0,8.47255,10.478626339888258,0.7641971206092902,0.6,0.3993628199999999,1.35024874,1.1121093
2021,5,0.003,2.0,0.16,38.0,0.04,model,5.0,8.491475,10.507415126066924,0.7506581952441649,0.6,0.42079164,1.33540488,1.13069604
2021,5,0.003,2.0,0.16,12.0,0.0,model,5.0,8.422849999999997,10.392064881966432,0.7574276579267276,0.6,0.36031628000000004,1.3843355800000001,1.0726300800000002
2021,5,0.003,2.0,0.16,12.0,0.08,model,5.0,8.422849999999997,10.392064881966432,0.7574276579267276,0.6,0.36031628000000004,1.3843355800000001,1.0726300800000002
2021,5,0.003,2.0,0.16,,0.16,model,5.0,8.532765000000001,10.564739316731862,0.7521625202847345,0.65,0.44339407999999997,1.31227282,1.1660612199999998
2021,10,0.003,2.0,0.16,12.0,0.04,model,10.0,7.1871550000000015,8.802765604087162,0.8777736611722851,0.65,0.42941028000000003,1.1351582,1.28438974
2021,10,0.003,2.0,0.16,6.0,0.04,model,10.0,7.1871550000000015,8.802765604087162,0.8777736611722851,0.65,0.42941028000000003,1.1351582,1.28438974
2021,10,0.003,2.0,0.16,24.0,0.04,model,10.0,7.221584999999999,8.892629560793589,0.8777736611722851,0.7,0.45432132,1.1284025399999997,1.28888804
2021,10,0.003,2.0,0.16,38.0,0.04,model,10.0,7.26018,8.957838400306182,0.8777736611722851,0.7,0.4697593400000001,1.12583114,1.2852471399999996
2021,10,0.003,2.0,0.16,12.0,0.0,model,10.0,7.177785,8.778374722891474,0.8777736611722851,0.65,0.43318951999999994,1.1438397999999999,1.2599368800000004
2021,10,0.003,2.0,0.16,12.0,0.08,model,10.0,7.214060000000001,8.869219691438476,0.8777736611722851,0.65,0.44970261999999994,1.13047332,1.2850871000000001
2021,10,0.003,2.0,0.16,,0.16,model,10.0,7.359579999999999,9.07803444573769,0.8740128485708615,0.8,0.47911496,1.1239227800000002,1.31612042
2021,19,0.003,2.0,0.16,12.0,0.04,model,19.0,4.329989999999999,6.351078390950626,0.9364423377544945,0.85,0.0034545799999999953,0.6585567000000001,1.1873469799999998
2021,19,0.003,2.0,0.16,6.0,0.04,model,19.0,4.329989999999999,6.351078390950626,0.9364423377544945,0.85,0.0034545799999999953,0.6585567000000001,1.1873469799999998
2021,19,0.003,2.0,0.16,24.0,0.04,model,19.0,4.329989999999999,6.351078390950626,0.9364423377544945,0.85,0.0034545799999999953,0.6585567000000001,1.1873469799999998
2021,19,0.003,2.0,0.16,38.0,0.04,model,19.0,4.327934999999999,6.356733651687792,0.9379466627950638,0.85,0.004382400000000004,0.6481685799999999,1.1806128799999998
2021,19,0.003,2.0,0.16,12.0,0.0,model,19.0,4.326079999999999,6.326679496860893,0.9379466627950638,0.85,0.0040987399999999966,0.65758122,1.16078408
2021,19,0.003,2.0,0.16,12.0,0.08,model,19.0,4.327934999999999,6.356733651687792,0.9379466627950638,0.85,0.004382400000000004,0.6481685799999999,1.1806128799999998
2021,19,0.003,2.0,0.16,,0.16,model,19.0,4.342295,6.410385920714914,0.9394509878356333,0.85,0.005802459999999996,0.64362588,1.18135316
2021,28,0.003,2.0,0.16,12.0,0.04,model,28.0,4.223305000000001,4.799173995647585,0.9559985632818976,0.5,0.07059577999999998,1.15846466,0.59845622
2021,28,0.003,2.0,0.16,6.0,0.04,model,28.0,4.223305000000001,4.799173995647585,0.9559985632818976,0.5,0.07059577999999998,1.15846466,0.59845622
2021,28,0.003,2.0,0.16,24.0,0.04,model,28.0,4.223305000000001,4.799173995647585,0.9559985632818976,0.5,0.07059577999999998,1.15846466,0.59845622
2021,28,0.003,2.0,0.16,38.0,0.04,model,28.0,4.222709999999999,4.798909901529721,0.9559985632818976,0.5,0.07150033999999998,1.15493572,0.6040630199999999
2021,28,0.003,2.0,0.16,12.0,0.0,model,28.0,4.235359999999998,4.8208876243903465,0.9559985632818976,0.5,0.06641101999999997,1.19586724,0.6064434000000001
2021,28,0.003,2.0,0.16,12.0,0.08,model,28.0,4.2103649999999995,4.777671899942481,0.9559985632818976,0.5,0.07815878,1.11750618,0.59220864
2021,28,0.003,2.0,0.16,,0.16,model,28.0,4.1934999999999985,4.745014332749691,0.9559985632818976,0.6,0.09244014000000003,1.0055458400000001,0.6013869
2021,5,0.0045,1.0,0.16,12.0,0.04,model,5.0,8.628845000000002,10.32733388970745,0.7837533461366933,0.6,0.40209796000000003,1.3683999,1.0065781400000002
2021,5,0.0045,1.0,0.16,6.0,0.04,model,5.0,8.55433,10.22252774831157,0.7837533461366933,0.6,0.34937464,1.42338442,0.94631228
2021,5,0.0045,1.0,0.16,24.0,0.04,model,5.0,8.676754999999998,10.40379490746045,0.7739752333729918,0.6,0.43617802,1.3404168799999998,1.05338982
2021,5,0.0045,1.0,0.16,38.0,0.04,model,5.0,8.697509999999998,10.437068654607959,0.7739752333729918,0.65,0.45259923999999996,1.3286660799999999,1.0749427999999999
2021,5,0.0045,1.0,0.16,12.0,0.0,model,5.0,8.628845000000002,10.32733388970745,0.7837533461366933,0.6,0.40209796000000003,1.3683999,1.0065781400000002
2021,5,0.0045,1.0,0.16,12.0,0.08,model,5.0,8.628845000000002,10.32733388970745,0.7837533461366933,0.6,0.40209796000000003,1.3683999,1.0065781400000002
2021,5,0.0045,1.0,0.16,,0.16,model,5.0,8.739794999999999,10.510844044580814,0.7860098336975476,0.65,0.47577731999999995,1.3335877,1.10746176
2021,10,0.0045,1.0,0.16,12.0,0.04,model,10.0,7.11589,8.757912903483339,0.9048515119025355,0.65,0.47580597999999996,1.1570981599999999,1.17134394
2021,10,0.0045,1.0,0.16,6.0,0.04,model,10.0,7.11589,8.757912903483339,0.9048515119025355,0.65,0.47580597999999996,1.1570981599999999,1.17134394
2021,10,0.0045,1.0,0.16,24.0,0.04,model,10.0,7.225835000000001,8.866983226300814,0.9093644870242439,0.7,0.48829962,1.1442529199999998,1.1897662799999997
2021,10,0.0045,1.0,0.16,38.0,0.04,model,10.0,7.28267,8.924256049329827,0.9093644870242439,0.7,0.49686618000000005,1.1414730800000001,1.20339492
2021,10,0.0045,1.0,0.16,12.0,0.0,model,10.0,7.109944999999999,8.7406435778208,0.9048515119025355,0.65,0.47343013999999994,1.15966256,1.1563736799999997
2021,10,0.0045,1.0,0.16,12.0,0.08,model,10.0,7.192184999999998,8.835679296551,0.9093644870242439,0.65,0.48194297999999985,1.1475370999999999,1.1861787
2021,10,0.0045,1.0,0.16,,0.16,model,10.0,7.38667,9.036809201316581,0.9093644870242439,0.75,0.5212499400000001,1.1460745799999998,1.24298668
2021,19,0.0045,1.0,0.16,12.0,0.04,model,19.0,4.428984999999999,6.3346335095647,0.9364423377544945,0.85,0.004425140000000003,0.6727984999999999,1.1217469399999997
2021,19,0.0045,1.0,0.16,6.0,0.04,model,19.0,4.428984999999999,6.3346335095647,0.9364423377544945,0.85,0.004425140000000003,0.6727984999999999,1.1217469399999997
2021,19,0.0045,1.0,0.16,24.0,0.04,model,19.0,4.428984999999999,6.3346335095647,0.9364423377544945,0.85,0.004425140000000003,0.6727984999999999,1.1217469399999997
2021,19,0.0045,1.0,0.16,38.0,0.04,model,19.0,4.40856,6.349350417483665,0.9364423377544945,0.85,0.00505726,0.6661241400000001,1.1296875000000002
2021,19,0.0045,1.0,0.16,12.0,0.0,model,19.0,4.452730000000001,6.324266766906659,0.9379466627950638,0.85,0.004871540000000004,0.67927622,1.0893812999999999
2021,19,0.0045,1.0,0.16,12.0,0.08,model,19.0,4.40856,6.349350417483665,0.9364423377544945,0.85,0.00505726,0.6661241400000001,1.1296875000000002
2021,19,0.0045,1.0,0.16,,0.16,model,19.0,4.401384999999999,6.393569851225526,0.9379466627950638,0.85,0.006843460000000005,0.6385339200000001,1.1262792
2021,28,0.0045,1.0,0.16,12.0,0.04,model,28.0,4.243205000000001,4.792872768131865,0.9642723510050297,0.5,0.07951122,1.16976998,0.59297296
2021,28,0.0045,1.0,0.16,6.0,0.04,model,28.0,4.243205000000001,4.792872768131865,0.9642723510050297,0.5,0.07951122,1.16976998,0.59297296
2021,28,0.0045,1.0,0.16,24.0,0.04,model,28.0,4.243205000000001,4.792872768131865,0.9642723510050297,0.5,0.07951122,1.16976998,0.59297296
2021,28,0.0045,1.0,0.16,38.0,0.04,model,28.0,4.24401,4.792645481359956,0.9642723510050297,0.5,0.08066773999999997,1.1726627999999997,0.5888069200000001
2021,28,0.0045,1.0,0.16,12.0,0.0,model,28.0,4.263134999999999,4.821957274852194,0.9612637009238906,0.5,0.06857941999999999,1.20504628,0.60131936
2021,28,0.0045,1.0,0.16,12.0,0.08,model,28.0,4.2319249999999995,4.771103098603089,0.9642723510050297,0.5,0.08635914000000001,1.13672774,0.57813492
2021,28,0.0045,1.0,0.16,,0.16,model,28.0,4.22292,4.750303598297691,0.9642723510050297,0.55,0.10090878,1.01775668,0.58760902
2021,5,0.003,3.0,0.16,12.0,0.04,model,5.0,8.489595,10.644204431637904,0.7408800824804633,0.55,0.39284667999999995,1.4241948200000003,1.0598447399999997
2021,5,0.003,3.0,0.16,6.0,0.04,model,5.0,8.394245000000002,10.55516849289958,0.742384407521033,0.55,0.34343782000000006,1.4758611199999998,1.0029178399999996
2021,5,0.003,3.0,0.16,24.0,0.04,model,5.0,8.562815,10.730398520022451,0.7408800824804633,0.6,0.43241588000000003,1.3837527599999997,1.0939283000000002
2021,5,0.003,3.0,0.16,38.0,0.04,model,5.0,8.585070000000002,10.756691767220998,0.7408800824804633,0.6,0.44788589999999995,1.37198406,1.1066709799999999
2021,5,0.003,3.0,0.16,12.0,0.0,model,5.0,8.489595,10.644204431637904,0.7408800824804633,0.55,0.39284667999999995,1.4241948200000003,1.0598447399999997
2021,5,0.003,3.0,0.16,12.0,0.08,model,5.0,8.489595,10.644204431637904,0.7408800824804633,0.55,0.39284667999999995,1.4241948200000003,1.0598447399999997
2021,5,0.003,3.0,0.16,,0.16,model,5.0,8.62809,10.80673966481103,0.736367107358755,0.6,0.46920029999999996,1.3554504399999998,1.1339930200000001
2021,10,0.003,3.0,0.16,12.0,0.04,model,10.0,7.312984999999999,8.947642328485196,0.8702520359694378,0.7,0.47121208000000003,1.1632729000000002,1.3175832399999998
2021,10,0.003,3.0,0.16,6.0,0.04,model,10.0,7.312984999999999,8.947642328485196,0.8702520359694378,0.7,0.47121208000000003,1.1632729000000002,1.3175832399999998
2021,10,0.003,3.0,0.16,24.0,0.04,model,10.0,7.3511,9.0364425036626,0.8785258236925699,0.75,0.4810339,1.1420264999999998,1.3290786399999999
2021,10,0.003,3.0,0.16,38.0,0.04,model,10.0,7.397785000000001,9.100521908962147,0.8785258236925699,0.75,0.483496,1.1364455,1.3302731600000002
2021,10,0.003,3.0,0.16,12.0,0.0,model,10.0,7.295365000000001,8.918615099133946,0.8702520359694378,0.7,0.47322980000000003,1.17150028,1.31420362
2021,10,0.003,3.0,0.16,12.0,0.08,model,10.0,7.3384,9.009118558826941,0.8785258236925699,0.7,0.48406428,1.15153404,1.33534032
2021,10,0.003,3.0,0.16,,0.16,model,10.0,7.466620000000001,9.21772964178273,0.872508523530292,0.8,0.4986752,1.1286227599999998,1.3337577799999996
2021,19,0.003,3.0,0.16,12.0,0.04,model,19.0,4.199949999999999,6.291733700022593,0.9409553128762029,0.85,0.0037658599999999954,0.6361622199999999,1.21225612
2021,19,0.003,3.0,0.16,6.0,0.04,model,19.0,4.199949999999999,6.291733700022593,0.9409553128762029,0.85,0.0037658599999999954,0.6361622199999999,1.21225612
2021,19,0.003,3.0,0.16,24.0,0.04,model,19.0,4.199949999999999,6.291733700022593,0.9409553128762029,0.85,0.0037658599999999954,0.6361622199999999,1.21225612
2021,19,0.003,3.0,0.16,38.0,0.04,model,19.0,4.195024999999999,6.305105603437581,0.9424596379167723,0.85,0.00420342,0.62163346,1.21520822
2021,19,0.003,3.0,0.16,12.0,0.0,model,19.0,4.191025,6.268949438263162,0.9424596379167723,0.85,0.004630379999999996,0.65142664,1.1911268799999999
2021,19,0.003,3.0,0.16,12.0,0.08,model,19.0,4.195024999999999,6.305105603437581,0.9424596379167723,0.85,0.00420342,0.62163346,1.21520822
2021,19,0.003,3.0,0.16,,0.16,model,19.0,4.2064900000000005,6.341735932455719,0.9409553128762029,0.85,0.006377739999999995,0.6157547000000002,1.2178303799999999
2021,28,0.003,3.0,0.16,12.0,0.04,model,28.0,4.231035000000001,4.804291145163874,0.9559985632818976,0.5,0.07420896000000002,1.1545288200000001,0.6347337200000001
2021,28,0.003,3.0,0.16,6.0,0.04,model,28.0,4.231035000000001,4.804291145163874,0.9559985632818976,0.5,0.07420896000000002,1.1545288200000001,0.6347337200000001
2021,28,0.003,3.0,0.16,24.0,0.04,model,28.0,4.231035000000001,4.804291145163874,0.9559985632818976,0.5,0.07420896000000002,1.1545288200000001,0.6347337200000001
2021,28,0.003,3.0,0.16,38.0,0.04,model,28.0,4.230034999999999,4.804164942266241,0.9559985632818976,0.5,0.07398024000000003,1.15375192,0.63616576
2021,28,0.003,3.0,0.16,12.0,0.0,model,28.0,4.242595,4.824025328654484,0.9559985632818976,0.5,0.06846943999999999,1.190366,0.6613992
2021,28,0.003,3.0,0.16,12.0,0.08,model,28.0,4.215625000000001,4.7826214180614395,0.9559985632818976,0.5,0.08407165999999999,1.11063202,0.6364522399999999
2021,28,0.003,3.0,0.16,,0.16,model,28.0,4.21072,4.76559626216909,0.9559985632818976,0.65,0.09476826000000002,1.0015730799999998,0.6470897800000002
2021,5,0.0045,2.0,0.16,12.0,0.04,model,5.0,8.709385,10.665681359364717,0.7506581952441649,0.6,0.44386292,1.4355701200000002,0.9707998800000001
2021,5,0.0045,2.0,0.16,6.0,0.04,model,5.0,8.623185,10.583656982560424,0.764949283129575,0.6,0.39931118000000004,1.4927045199999998,0.9082529800000002
2021,5,0.0045,2.0,0.16,24.0,0.04,model,5.0,8.781949999999998,10.748945541121696,0.7453930576021719,0.6,0.48151166000000006,1.40168762,1.00983002
2021,5,0.0045,2.0,0.16,38.0,0.04,model,5.0,8.80494,10.773927782986112,0.7453930576021719,0.6,0.4880979800000001,1.3917102,1.0194802
2021,5,0.0045,2.0,0.16,12.0,0.0,model,5.0,8.709385,10.665681359364717,0.7506581952441649,0.6,0.44386292,1.4355701200000002,0.9707998800000001
2021,5,0.0045,2.0,0.16,12.0,0.08,model,5.0,8.709385,10.665681359364717,0.7506581952441649,0.6,0.44386292,1.4355701200000002,0.9707998800000001
2021,5,0.0045,2.0,0.16,,0.16,model,5.0,8.84999,10.824665619223534,0.758931982967297,0.6,0.5106692600000001,1.373934,1.0513979
2021,10,0.0045,2.0,0.16,12.0,0.04,model,10.0,7.324285000000001,8.934960717792778,0.8702520359694378,0.7,0.5295995400000001,1.19878424,1.2597454599999998
2021,10,0.0045,2.0,0.16,6.0,0.04,model,10.0,7.324285000000001,8.934960717792778,0.8702520359694378,0.7,0.5295995400000001,1.19878424,1.2597454599999998
2021,10,0.0045,2.0,0.16,24.0,0.04,model,10.0,7.384225000000001,9.0370177848392,0.8702520359694378,0.7,0.53281942,1.17804962,1.2743222
2021,10,0.0045,2.0,0.16,38.0,0.04,model,10.0,7.411085,9.088499888182868,0.8702520359694378,0.75,0.5310858199999999,1.16270188,1.2747534399999998
2021,10,0.0045,2.0,0.16,12.0,0.0,model,10.0,7.321079999999999,8.919655479557493,0.8657390608477293,0.7,0.52006182,1.20481526,1.25634378
2021,10,0.0045,2.0,0.16,12.0,0.08,model,10.0,7.363099999999998,9.00755474232602,0.8702520359694378,0.7,0.53177242,1.1795065999999998,1.27323014
2021,10,0.0045,2.0,0.16,,0.16,model,10.0,7.484209999999999,9.199342792069444,0.8702520359694378,0.85,0.54655794,1.16012024,1.27464208
2021,19,0.0045,2.0,0.16,12.0,0.04,model,19.0,4.1357800000000005,6.220938098791854,0.9424596379167723,0.85,0.004520420000000001,0.63673586,1.18226682
2021,19,0.0045,2.0,0.16,6.0,0.04,model,19.0,4.1357800000000005,6.220938098791854,0.9424596379167723,0.85,0.004520420000000001,0.63673586,1.18226682
2021,19,0.0045,2.0,0.16,24.0,0.04,model,19.0,4.1357800000000005,6.220938098791854,0.9424596379167723,0.85,0.004520420000000001,0.63673586,1.18226682
2021,19,0.0045,2.0,0.16,38.0,0.04,model,19.0,4.137795000000001,6.236059972490643,0.9424596379167723,0.85,0.005633640000000002,0.6284949999999998,1.1856542199999998
2021,19,0.0045,2.0,0.16,12.0,0.0,model,19.0,4.133774999999999,6.20849652279036,0.9424596379167723,0.85,0.004458539999999997,0.6387052199999999,1.1515200200000002
2021,19,0.0045,2.0,0.16,12.0,0.08,model,19.0,4.137795000000001,6.236059972490643,0.9424596379167723,0.85,0.005633640000000002,0.6284949999999998,1.1856542199999998
2021,19,0.0045,2.0,0.16,,0.16,model,19.0,4.1510549999999995,6.27611829099006,0.9424596379167723,0.85,0.006846620000000006,0.6171642200000002,1.1844331199999998
2021,28,0.0045,2.0,0.16,12.0,0.04,model,28.0,4.267455,4.807955664261058,0.9559985632818976,0.45,0.08370194000000002,1.16381812,0.6497821
2021,28,0.0045,2.0,0.16,6.0,0.04,model,28.0,4.267455,4.807955664261058,0.9559985632818976,0.45,0.08370194000000002,1.16381812,0.6497821
2021,28,0.0045,2.0,0.16,24.0,0.04,model,28.0,4.267455,4.807955664261058,0.9559985632818976,0.45,0.08370194000000002,1.16381812,0.6497821
2021,28,0.0045,2.0,0.16,38.0,0.04,model,28.0,4.26773,4.808230935177719,0.9559985632818976,0.45,0.08256265999999997,1.1631384999999999,0.6475014800000001
2021,28,0.0045,2.0,0.16,12.0,0.0,model,28.0,4.276940000000001,4.822859272568506,0.9559985632818976,0.45,0.08041225999999997,1.1892994600000002,0.6716819999999999
2021,28,0.0045,2.0,0.16,12.0,0.08,model,28.0,4.24821,4.785746032020504,0.9559985632818976,0.5,0.08923992,1.1293407000000002,0.65541366
2021,28,0.0045,2.0,0.16,,0.16,model,28.0,4.245755,4.772260180616726,0.9559985632818976,0.65,0.10393699999999999,1.02916356,0.66049148
2021,5,0.007,1.0,0.16,12.0,0.04,model,5.0,8.79336,10.581861958275585,0.7882663212584017,0.6,0.5266411800000002,1.41599968,0.9159420199999999
2021,5,0.007,1.0,0.16,6.0,0.04,model,5.0,8.700545,10.467640717301105,0.7927792963801102,0.6,0.47540897999999987,1.4504574799999999,0.84344362
2021,5,0.007,1.0,0.16,24.0,0.04,model,5.0,8.847425000000001,10.650217628973596,0.7784882084947002,0.6,0.5452186999999998,1.3963022799999998,0.9672641599999999
2021,5,0.007,1.0,0.16,38.0,0.04,model,5.0,8.872119999999999,10.67488510720373,0.764949283129575,0.65,0.5499398,1.3900829,0.9890616200000001
2021,5,0.007,1.0,0.16,12.0,0.0,model,5.0,8.79336,10.581861958275585,0.7882663212584017,0.6,0.5266411800000002,1.41599968,0.9159420199999999
2021,5,0.007,1.0,0.16,12.0,0.08,model,5.0,8.79336,10.581861958275585,0.7882663212584017,0.6,0.5266411800000002,1.41599968,0.9159420199999999
2021,5,0.007,1.0,0.16,,0.16,model,5.0,8.911904999999999,10.732957977160817,0.764949283129575,0.65,0.5809502799999999,1.37749882,1.01915816
2021,10,0.007,1.0,0.16,12.0,0.04,model,10.0,7.260530000000003,8.890965140185852,0.9033471868619661,0.7,0.5934989400000001,1.2170165,1.1636801199999998
2021,10,0.007,1.0,0.16,6.0,0.04,model,10.0,7.260530000000003,8.890965140185852,0.9033471868619661,0.7,0.5934989400000001,1.2170165,1.1636801199999998
2021,10,0.007,1.0,0.16,24.0,0.04,model,10.0,7.2914900000000005,8.991479923627702,0.8958255616591188,0.7,0.6004455000000001,1.1904004199999998,1.2013980000000002
2021,10,0.007,1.0,0.16,38.0,0.04,model,10.0,7.323385,9.050803492977847,0.8958255616591188,0.7,0.6025192600000001,1.1745386,1.21022998
2021,10,0.007,1.0,0.16,12.0,0.0,model,10.0,7.258835,8.880926017285585,0.9033471868619661,0.7,0.5855077000000002,1.2229774000000002,1.1564880400000002
2021,10,0.007,1.0,0.16,12.0,0.08,model,10.0,7.2796699999999985,8.9648518445092,0.8913125865374104,0.7,0.5986681000000001,1.2010949800000001,1.2044608399999996
2021,10,0.007,1.0,0.16,,0.16,model,10.0,7.404000000000002,9.160055629525402,0.8958255616591188,0.75,0.60408862,1.1807921599999998,1.20943948
2021,19,0.007,1.0,0.16,12.0,0.04,model,19.0,4.120610000000001,6.153622927918154,0.9409553128762029,0.85,0.005765059999999998,0.62622912,1.1421519999999998
2021,19,0.007,1.0,0.16,6.0,0.04,model,19.0,4.120610000000001,6.153622927918154,0.9409553128762029,0.85,0.005765059999999998,0.62622912,1.1421519999999998
2021,19,0.007,1.0,0.16,24.0,0.04,model,19.0,4.120610000000001,6.153622927918154,0.9409553128762029,0.85,0.005765059999999998,0.62622912,1.1421519999999998
2021,19,0.007,1.0,0.16,38.0,0.04,model,19.0,4.086555000000001,6.166707669940258,0.9424596379167723,0.85,0.006984339999999999,0.6160545399999999,1.15525098
2021,19,0.007,1.0,0.16,12.0,0.0,model,19.0,4.169395,6.1395038448965895,0.9409553128762029,0.85,0.00613312,0.6238466799999999,1.11043314
2021,19,0.007,1.0,0.16,12.0,0.08,model,19.0,4.086555000000001,6.166707669940258,0.9424596379167723,0.85,0.006984339999999999,0.6160545399999999,1.15525098
2021,19,0.007,1.0,0.16,,0.16,model,19.0,4.092645000000001,6.201462853835376,0.9409553128762029,0.85,0.009041239999999999,0.6043177,1.14869578
2021,28,0.007,1.0,0.16,12.0,0.04,model,28.0,4.313509999999999,4.816789096171847,0.9559985632818976,0.45,0.10173224000000002,1.18785268,0.6772134000000001
2021,28,0.007,1.0,0.16,6.0,0.04,model,28.0,4.313509999999999,4.816789096171847,0.9559985632818976,0.45,0.10173224000000002,1.18785268,0.6772134000000001
2021,28,0.007,1.0,0.16,24.0,0.04,model,28.0,4.313509999999999,4.816789096171847,0.9559985632818976,0.45,0.10173224000000002,1.18785268,0.6772134000000001
2021,28,0.007,1.0,0.16,38.0,0.04,model,28.0,4.312810000000001,4.816990948714768,0.9559985632818976,0.45,0.10263354,1.1819528199999998,0.67716726
2021,28,0.007,1.0,0.16,12.0,0.0,model,28.0,4.32419,4.832950431258323,0.9559985632818976,0.45,0.10077613999999997,1.21175888,0.67573558
2021,28,0.007,1.0,0.16,12.0,0.08,model,28.0,4.294195000000001,4.793097679945612,0.9559985632818976,0.5,0.11275808000000001,1.13978792,0.66943188
2021,28,0.007,1.0,0.16,,0.16,model,28.0,4.278625000000001,4.7712184016768715,0.9559985632818976,0.6,0.12518665999999998,1.04082276,0.6737664400000001
2021,5,0.0045,3.0,0.16,12.0,0.04,model,5.0,8.893215000000001,10.991029976417131,0.7529146828050193,0.55,0.4816470800000001,1.4695425,0.96380316
2021,5,0.0045,3.0,0.16,6.0,0.04,model,5.0,8.80504,10.898777070800191,0.7468973826427413,0.55,0.43580927999999997,1.5110805399999998,0.9154920399999998
2021,5,0.0045,3.0,0.16,24.0,0.04,model,5.0,8.944234999999997,11.055648015855965,0.7506581952441649,0.65,0.5059260600000001,1.4371493,0.9941048600000001
2021,5,0.0045,3.0,0.16,38.0,0.04,model,5.0,8.97017,11.083936004822474,0.7506581952441649,0.65,0.5165443200000002,1.4331571999999997,1.0139600599999998
2021,5,0.0045,3.0,0.16,12.0,0.0,model,5.0,8.893215000000001,10.991029976417131,0.7529146828050193,0.55,0.4816470800000001,1.4695425,0.96380316
2021,5,0.0045,3.0,0.16,12.0,0.08,model,5.0,8.893215000000001,10.991029976417131,0.7529146828050193,0.55,0.4816470800000001,1.4695425,0.96380316
2021,5,0.0045,3.0,0.16,,0.16,model,5.0,8.992469999999999,11.115476945457624,0.7461452201224567,0.65,0.5278302,1.4148146999999998,1.0506525800000002
2021,10,0.0045,3.0,0.16,12.0,0.04,model,10.0,7.535309999999998,9.140350044773998,0.8582174356448821,0.75,0.54034338,1.22276624,1.3083815799999998
2021,10,0.0045,3.0,0.16,6.0,0.04,model,10.0,7.535309999999998,9.140350044773998,0.8582174356448821,0.75,0.54034338,1.22276624,1.3083815799999998
2021,10,0.0045,3.0,0.16,24.0,0.04,model,10.0,7.603160000000003,9.244657218794,0.8582174356448821,0.8,0.55193508,1.1843315399999998,1.3067330599999998
2021,10,0.0045,3.0,0.16,38.0,0.04,model,10.0,7.6260900000000005,9.291416506270721,0.8567131106043127,0.8,0.55073742,1.16075384,1.2970020200000003
2021,10,0.0045,3.0,0.16,12.0,0.0,model,10.0,7.517070000000001,9.109296147946887,0.8582174356448821,0.75,0.5431803000000001,1.2241522999999999,1.30602282
2021,10,0.0045,3.0,0.16,12.0,0.08,model,10.0,7.583494999999999,9.217947843066808,0.8582174356448821,0.8,0.5421186000000001,1.18979392,1.30704822
2021,10,0.0045,3.0,0.16,,0.16,model,10.0,7.68912,9.39198381557379,0.8567131106043127,0.85,0.55426942,1.1653281999999996,1.31371128
2021,19,0.0045,3.0,0.16,12.0,0.04,model,19.0,4.0863499999999995,6.198289234377499,0.9424596379167723,0.85,0.004683239999999994,0.6113822,1.2122114000000002
2021,19,0.0045,3.0,0.16,6.0,0.04,model,19.0,4.0863499999999995,6.198289234377499,0.9424596379167723,0.85,0.004683239999999994,0.6113822,1.2122114000000002
2021,19,0.0045,3.0,0.16,24.0,0.04,model,19.0,4.0863499999999995,6.198289234377499,0.9424596379167723,0.85,0.004683239999999994,0.6113822,1.2122114000000002
2021,19,0.0045,3.0,0.16,38.0,0.04,model,19.0,4.090220000000002,6.218945465832612,0.9424596379167723,0.85,0.005176939999999998,0.6135573999999999,1.22195268
2021,19,0.0045,3.0,0.16,12.0,0.0,model,19.0,4.086829999999999,6.183438655877487,0.9424596379167723,0.85,0.005007199999999995,0.62389648,1.17525632
2021,19,0.0045,3.0,0.16,12.0,0.08,model,19.0,4.090220000000002,6.218945465832612,0.9424596379167723,0.85,0.005176939999999998,0.6135573999999999,1.22195268
2021,19,0.0045,3.0,0.16,,0.16,model,19.0,4.1008499999999986,6.248546150185657,0.9424596379167723,0.85,0.007049200000000007,0.5982371000000002,1.2138144800000001
2021,28,0.0045,3.0,0.16,12.0,0.04,model,28.0,4.2723900000000015,4.822505626020566,0.9559985632818976,0.45,0.08670983999999998,1.1599868199999996,0.6933948399999998
2021,28,0.0045,3.0,0.16,6.0,0.04,model,28.0,4.2723900000000015,4.822505626020566,0.9559985632818976,0.45,0.08670983999999998,1.1599868199999996,0.6933948399999998
2021,28,0.0045,3.0,0.16,24.0,0.04,model,28.0,4.2723900000000015,4.822505626020566,0.9559985632818976,0.45,0.08670983999999998,1.1599868199999996,0.6933948399999998
2021,28,0.0045,3.0,0.16,38.0,0.04,model,28.0,4.272065,4.822200393440737,0.9559985632818976,0.45,0.08687647999999998,1.15524688,0.68799568
2021,28,0.0045,3.0,0.16,12.0,0.0,model,28.0,4.285874999999999,4.838559557295952,0.9559985632818976,0.45,0.08001733999999999,1.1867449600000002,0.70139302
2021,28,0.0045,3.0,0.16,12.0,0.08,model,28.0,4.253644999999999,4.800197583589658,0.9559985632818976,0.55,0.09208394000000002,1.12229444,0.6942615000000001
2021,28,0.0045,3.0,0.16,,0.16,model,28.0,4.252689999999999,4.787445986536037,0.9559985632818976,0.65,0.10808356,1.0241470000000001,0.696275
2021,5,0.007,2.0,0.16,12.0,0.04,model,5.0,8.99085,11.026236526303977,0.758931982967297,0.6,0.56501118,1.4720055400000005,0.90535716
2021,5,0.007,2.0,0.16,6.0,0.04,model,5.0,8.90372,10.941516571435608,0.7687100957309986,0.6,0.5303617,1.5030905199999998,0.8527657999999998
2021,5,0.007,2.0,0.16,24.0,0.04,model,5.0,9.044945,11.09083745934003,0.7657014456498596,0.65,0.57964702,1.4390679199999996,0.9540261
2021,5,0.007,2.0,0.16,38.0,0.04,model,5.0,9.070979999999999,11.121679939604446,0.7634449580890056,0.65,0.58679324,1.4329927799999997,0.97135782
2021,5,0.007,2.0,0.16,12.0,0.0,model,5.0,8.99085,11.026236526303977,0.758931982967297,0.6,0.56501118,1.4720055400000005,0.90535716
2021,5,0.007,2.0,0.16,12.0,0.08,model,5.0,8.99085,11.026236526303977,0.758931982967297,0.6,0.56501118,1.4720055400000005,0.90535716
2021,5,0.007,2.0,0.16,,0.16,model,5.0,9.111990000000002,11.167219450069028,0.7431365700413177,0.65,0.5933335400000002,1.4318312800000002,1.00024022
2021,10,0.007,2.0,0.16,12.0,0.04,model,10.0,7.5810249999999995,9.173582446650817,0.8506958104420347,0.75,0.6049135600000001,1.24906878,1.2807680199999998
2021,10,0.007,2.0,0.16,6.0,0.04,model,10.0,7.5810249999999995,9.173582446650817,0.8506958104420347,0.75,0.6049135600000001,1.24906878,1.2807680199999998
2021,10,0.007,2.0,0.16,24.0,0.04,model,10.0,7.6459,9.274730069657014,0.855208785563743,0.75,0.6103813400000001,1.21158722,1.28019772
2021,10,0.007,2.0,0.16,38.0,0.04,model,10.0,7.680840000000001,9.327236130333574,0.8537044605231736,0.8,0.6024621600000001,1.1853905599999996,1.2789949200000001
2021,10,0.007,2.0,0.16,12.0,0.0,model,10.0,7.5622,9.148868081790228,0.8506958104420347,0.75,0.6024684800000001,1.2528308000000001,1.2761441199999999
2021,10,0.007,2.0,0.16,12.0,0.08,model,10.0,7.627084999999999,9.247565251540538,0.855208785563743,0.75,0.6126815599999998,1.2178737,1.2762140199999998
2021,10,0.007,2.0,0.16,,0.16,model,10.0,7.74915,9.431051138871,0.84994364792175,0.85,0.61369092,1.17876442,1.2840034000000002
2021,19,0.007,2.0,0.16,12.0,0.04,model,19.0,3.97821,6.125024581583326,0.9424596379167723,0.85,0.005429439999999999,0.5859258800000001,1.197096
2021,19,0.007,2.0,0.16,6.0,0.04,model,19.0,3.97821,6.125024581583326,0.9424596379167723,0.85,0.005429439999999999,0.5859258800000001,1.197096
2021,19,0.007,2.0,0.16,24.0,0.04,model,19.0,3.97821,6.125024581583326,0.9424596379167723,0.85,0.005429439999999999,0.5859258800000001,1.197096
2021,19,0.007,2.0,0.16,38.0,0.04,model,19.0,3.975099999999999,6.131820323280844,0.9424596379167723,0.85,0.00659678,0.5802754999999999,1.2051279399999997
2021,19,0.007,2.0,0.16,12.0,0.0,model,19.0,3.9962050000000007,6.106319009968281,0.9424596379167723,0.85,0.00663904,0.5878213999999999,1.1649479800000002
2021,19,0.007,2.0,0.16,12.0,0.08,model,19.0,3.975099999999999,6.131820323280844,0.9424596379167723,0.85,0.00659678,0.5802754999999999,1.2051279399999997
2021,19,0.007,2.0,0.16,,0.16,model,19.0,3.9979750000000003,6.157284311163486,0.9424596379167723,0.85,0.00857516,0.5731922400000001,1.20772952
2021,28,0.007,2.0,0.16,12.0,0.04,model,28.0,4.336460000000001,4.8486588662227,0.9559985632818976,0.45,0.10068865999999997,1.1781226800000002,0.7275078200000001
2021,28,0.007,2.0,0.16,6.0,0.04,model,28.0,4.336460000000001,4.8486588662227,0.9559985632818976,0.45,0.10068865999999997,1.1781226800000002,0.7275078200000001
2021,28,0.007,2.0,0.16,24.0,0.04,model,28.0,4.336460000000001,4.8486588662227,0.9559985632818976,0.45,0.10068865999999997,1.1781226800000002,0.7275078200000001
2021,28,0.007,2.0,0.16,38.0,0.04,model,28.0,4.336679999999999,4.848769000169011,0.9559985632818976,0.45,0.10104794,1.1776047000000003,0.73000598
2021,28,0.007,2.0,0.16,12.0,0.0,model,28.0,4.341514999999999,4.857649154117657,0.9559985632818976,0.45,0.09743864,1.20524302,0.7318896400000001
2021,28,0.007,2.0,0.16,12.0,0.08,model,28.0,4.319905,4.829329736464471,0.9559985632818976,0.5,0.10612663999999998,1.12386826,0.7308742199999999
2021,28,0.007,2.0,0.16,,0.16,model,28.0,4.3053550000000005,4.807639589601117,0.9559985632818976,0.65,0.13039405999999998,1.0321248,0.7404367599999998
2021,5,0.01,1.0,0.16,12.0,0.04,model,5.0,8.98908,10.921032886133068,0.7596841454875818,0.6,0.6281694600000002,1.4483862799999998,0.89526286
2021,5,0.01,1.0,0.16,6.0,0.04,model,5.0,8.875154999999998,10.800875945010203,0.7657014456498596,0.6,0.59410214,1.47025054,0.8381252800000001
2021,5,0.01,1.0,0.16,24.0,0.04,model,5.0,9.05119,11.001932826144687,0.7596841454875818,0.7,0.6459251999999999,1.43812686,0.9472773600000002
2021,5,0.01,1.0,0.16,38.0,0.04,model,5.0,9.068815,11.029049275322873,0.7596841454875818,0.7,0.64391936,1.4334705,0.96429538
2021,5,0.01,1.0,0.16,12.0,0.0,model,5.0,8.98908,10.921032886133068,0.7596841454875818,0.6,0.6281694600000002,1.4483862799999998,0.89526286
2021,5,0.01,1.0,0.16,12.0,0.08,model,5.0,8.98908,10.921032886133068,0.7596841454875818,0.6,0.6281694600000002,1.4483862799999998,0.89526286
2021,5,0.01,1.0,0.16,,0.16,model,5.0,9.10114,11.079719937344988,0.7596841454875818,0.7,0.6628042799999998,1.4358627400000001,1.00520776
2021,10,0.01,1.0,0.16,12.0,0.04,model,10.0,7.5929400000000005,9.170102019443405,0.8807823112534241,0.7,0.68301838,1.2549698599999999,1.2206393999999998
2021,10,0.01,1.0,0.16,6.0,0.04,model,10.0,7.5929400000000005,9.170102019443405,0.8807823112534241,0.7,0.68301838,1.2549698599999999,1.2206393999999998
2021,10,0.01,1.0,0.16,24.0,0.04,model,10.0,7.634375,9.278879331821273,0.8687477109288684,0.7,0.6721086999999999,1.2247992199999997,1.23703898
2021,10,0.01,1.0,0.16,38.0,0.04,model,10.0,7.656234999999998,9.328280928257897,0.867243385888299,0.7,0.68076064,1.2056783999999996,1.23386772
2021,10,0.01,1.0,0.16,12.0,0.0,model,10.0,7.598355000000001,9.1543261397276,0.8807823112534241,0.7,0.6747751000000001,1.26607158,1.2147791199999998
2021,10,0.01,1.0,0.16,12.0,0.08,model,10.0,7.620665,9.247653936729035,0.8687477109288684,0.7,0.6791936000000001,1.2352890200000002,1.2202116
2021,10,0.01,1.0,0.16,,0.16,model,10.0,7.72414,9.449012186572732,0.8679955484085836,0.8,0.6859858199999999,1.2072155800000002,1.24696066
2021,19,0.01,1.0,0.16,12.0,0.04,model,19.0,4.026975000000002,6.079976684371413,0.9424596379167723,0.85,0.008075420000000003,0.5684019599999999,1.17462422
2021,19,0.01,1.0,0.16,6.0,0.04,model,19.0,4.026975000000002,6.079976684371413,0.9424596379167723,0.85,0.008075420000000003,0.5684019599999999,1.17462422
2021,19,0.01,1.0,0.16,24.0,0.04,model,19.0,4.026975000000002,6.079976684371413,0.9424596379167723,0.85,0.008075420000000003,0.5684019599999999,1.17462422
2021,19,0.01,1.0,0.16,38.0,0.04,model,19.0,3.975455000000001,6.089504020977406,0.9424596379167723,0.85,0.007567180000000002,0.56055378,1.1863333400000002
2021,19,0.01,1.0,0.16,12.0,0.0,model,19.0,4.070635000000001,6.067051275496194,0.9424596379167723,0.85,0.009153859999999995,0.5723101800000001,1.1564178200000002
2021,19,0.01,1.0,0.16,12.0,0.08,model,19.0,3.975455000000001,6.089504020977406,0.9424596379167723,0.85,0.007567180000000002,0.56055378,1.1863333400000002
2021,19,0.01,1.0,0.16,,0.16,model,19.0,3.95076,6.114367058167182,0.9424596379167723,0.85,0.009829779999999996,0.5596095,1.1805692
2021,28,0.01,1.0,0.16,12.0,0.04,model,28.0,4.382054999999999,4.865939785745401,0.9559985632818976,0.45,0.12279913999999999,1.1706881199999999,0.73741294
2021,28,0.01,1.0,0.16,6.0,0.04,model,28.0,4.382054999999999,4.865939785745401,0.9559985632818976,0.45,0.12279913999999999,1.1706881199999999,0.73741294
2021,28,0.01,1.0,0.16,24.0,0.04,model,28.0,4.382054999999999,4.865939785745401,0.9559985632818976,0.45,0.12279913999999999,1.1706881199999999,0.73741294
2021,28,0.01,1.0,0.16,38.0,0.04,model,28.0,4.381830000000001,4.865945531035053,0.9559985632818976,0.45,0.12245725999999998,1.16638468,0.73664138
2021,28,0.01,1.0,0.16,12.0,0.0,model,28.0,4.3965000000000005,4.880517672747431,0.9559985632818976,0.5,0.12171457999999998,1.20801704,0.72318006
2021,28,0.01,1.0,0.16,12.0,0.08,model,28.0,4.363049999999999,4.842290621906123,0.9559985632818976,0.5,0.13536046000000002,1.1231938,0.73578152
2021,28,0.01,1.0,0.16,,0.16,model,28.0,4.351654999999999,4.828193664456719,0.9469726130384807,0.6,0.14877938000000002,1.03976888,0.73694924
2021,5,0.007,3.0,0.16,12.0,0.04,model,5.0,9.159585000000002,11.388325297843402,0.7122979067096435,0.6,0.5842377799999999,1.48343576,0.94369972
2021,5,0.007,3.0,0.16,6.0,0.04,model,5.0,9.07054,11.306513820891034,0.7220760194733452,0.6,0.57144932,1.5182581599999998,0.89364798
2021,5,0.007,3.0,0.16,24.0,0.04,model,5.0,9.209719999999997,11.455711051567247,0.7047762815067962,0.6,0.6030222,1.4679369800000002,0.97052362
2021,5,0.007,3.0,0.16,38.0,0.04,model,5.0,9.23506,11.474162595893436,0.7047762815067962,0.65,0.6049687799999999,1.4573827000000001,0.9935587999999999
2021,5,0.007,3.0,0.16,12.0,0.0,model,5.0,9.159585000000002,11.388325297843402,0.7122979067096435,0.6,0.5842377799999999,1.48343576,0.94369972
2021,5,0.007,3.0,0.16,12.0,0.08,model,5.0,9.159585000000002,11.388325297843402,0.7122979067096435,0.6,0.5842377799999999,1.48343576,0.94369972
2021,5,0.007,3.0,0.16,,0.16,model,5.0,9.275685,11.516526143872554,0.7047762815067962,0.65,0.62039444,1.4531462199999998,1.01229078
2021,10,0.007,3.0,0.16,12.0,0.04,model,10.0,7.798679999999999,9.428496953756733,0.8409176976783331,0.75,0.6046362399999999,1.24053582,1.3395556400000002
2021,10,0.007,3.0,0.16,6.0,0.04,model,10.0,7.798679999999999,9.428496953756733,0.8409176976783331,0.75,0.6046362399999999,1.24053582,1.3395556400000002
2021,10,0.007,3.0,0.16,24.0,0.04,model,10.0,7.841030000000002,9.523965004030623,0.8454306728000415,0.8,0.5990202000000001,1.2080513400000001,1.3418656599999998
2021,10,0.007,3.0,0.16,38.0,0.04,model,10.0,7.876435000000001,9.58583345445246,0.8454306728000415,0.85,0.6107773200000001,1.19481422,1.32225648
2021,10,0.007,3.0,0.16,12.0,0.0,model,10.0,7.78539,9.404574485270453,0.8409176976783331,0.75,0.59524468,1.2524299199999998,1.3406337
2021,10,0.007,3.0,0.16,12.0,0.08,model,10.0,7.824075000000001,9.496119676978592,0.8454306728000415,0.8,0.60211546,1.2144300000000001,1.33375652
2021,10,0.007,3.0,0.16,,0.16,model,10.0,7.92589,9.665165400033256,0.8454306728000415,0.9,0.6117660399999999,1.17641068,1.32752128
2021,19,0.007,3.0,0.16,12.0,0.04,model,19.0,3.9560000000000004,6.12564467709318,0.9424596379167723,0.85,0.005545599999999998,0.5772950600000002,1.213689
2021,19,0.007,3.0,0.16,6.0,0.04,model,19.0,3.9560000000000004,6.12564467709318,0.9424596379167723,0.85,0.005545599999999998,0.5772950600000002,1.213689
2021,19,0.007,3.0,0.16,24.0,0.04,model,19.0,3.9560000000000004,6.12564467709318,0.9424596379167723,0.85,0.005545599999999998,0.5772950600000002,1.213689
2021,19,0.007,3.0,0.16,38.0,0.04,model,19.0,3.966695,6.141615435738385,0.9424596379167723,0.85,0.005995400000000002,0.5619209399999999,1.22071586
2021,19,0.007,3.0,0.16,12.0,0.0,model,19.0,3.957045000000001,6.115310280149323,0.9424596379167723,0.85,0.0063318399999999974,0.5808496400000002,1.19294294
2021,19,0.007,3.0,0.16,12.0,0.08,model,19.0,3.966695,6.141615435738385,0.9424596379167723,0.85,0.005995400000000002,0.5619209399999999,1.22071586
2021,19,0.007,3.0,0.16,,0.16,model,19.0,3.974130000000001,6.161736290689501,0.9439639629573419,0.85,0.008354180000000004,0.5567762,1.22622406
2021,28,0.007,3.0,0.16,12.0,0.04,model,28.0,4.340894999999999,4.863940690479274,0.9529899132007584,0.45,0.09730982000000002,1.1698330000000001,0.74506102
2021,28,0.007,3.0,0.16,6.0,0.04,model,28.0,4.340894999999999,4.863940690479274,0.9529899132007584,0.45,0.09730982000000002,1.1698330000000001,0.74506102
2021,28,0.007,3.0,0.16,24.0,0.04,model,28.0,4.340894999999999,4.863940690479274,0.9529899132007584,0.45,0.09730982000000002,1.1698330000000001,0.74506102
2021,28,0.007,3.0,0.16,38.0,0.04,model,28.0,4.340529999999999,4.863160193845149,0.9529899132007584,0.45,0.09894518000000004,1.17110554,0.7487010000000001
2021,28,0.007,3.0,0.16,12.0,0.0,model,28.0,4.3570600000000015,4.88131508089777,0.9559985632818976,0.5,0.09379873999999999,1.1943682,0.75742004
2021,28,0.007,3.0,0.16,12.0,0.08,model,28.0,4.328645,4.848547108103622,0.9559985632818976,0.55,0.10491103999999998,1.11855418,0.7505687799999999
2021,28,0.007,3.0,0.16,,0.16,model,28.0,4.313685000000001,4.823111643897537,0.9559985632818976,0.65,0.12496536,1.0300126399999998,0.7591198199999999
2021,5,0.01,2.0,0.16,12.0,0.04,model,5.0,9.145595,11.426343158180574,0.7145543942704977,0.65,0.6688700200000001,1.4890360399999998,0.9387037999999996
2021,5,0.01,2.0,0.16,6.0,0.04,model,5.0,9.047255,11.325947080509426,0.7243325070341993,0.6,0.6460386400000002,1.52267942,0.8916657399999999
2021,5,0.01,2.0,0.16,24.0,0.04,model,5.0,9.207845,11.497616531894773,0.7085370941082197,0.65,0.6754735600000001,1.4771235200000001,0.9817773800000001
2021,5,0.01,2.0,0.16,38.0,0.04,model,5.0,9.230445,11.525222886239554,0.7085370941082197,0.65,0.6658356,1.4793955199999997,0.98921168
2021,5,0.01,2.0,0.16,12.0,0.0,model,5.0,9.145595,11.426343158180574,0.7145543942704977,0.65,0.6688700200000001,1.4890360399999998,0.9387037999999996
2021,5,0.01,2.0,0.16,12.0,0.08,model,5.0,9.145595,11.426343158180574,0.7145543942704977,0.65,0.6688700200000001,1.4890360399999998,0.9387037999999996
2021,5,0.01,2.0,0.16,,0.16,model,5.0,9.288410000000002,11.573408793177574,0.7085370941082197,0.65,0.6808926199999998,1.4719261000000001,1.0187764800000003
2021,10,0.01,2.0,0.16,12.0,0.04,model,10.0,7.927699999999999,9.469433983243137,0.8409176976783331,0.75,0.6598131800000001,1.259694,1.3243013
2021,10,0.01,2.0,0.16,6.0,0.04,model,10.0,7.927699999999999,9.469433983243137,0.8409176976783331,0.75,0.6598131800000001,1.259694,1.3243013
2021,10,0.01,2.0,0.16,24.0,0.04,model,10.0,7.975019999999998,9.572058407103459,0.8409176976783331,0.75,0.65382516,1.2249756399999998,1.3332815199999999
2021,10,0.01,2.0,0.16,38.0,0.04,model,10.0,8.001925,9.625191160828964,0.8409176976783331,0.8,0.66221658,1.2088252800000001,1.3386138399999996
2021,10,0.01,2.0,0.16,12.0,0.0,model,10.0,7.9222550000000025,9.452526713662332,0.8409176976783331,0.75,0.6633893200000003,1.2754200200000003,1.3337534399999997
2021,10,0.01,2.0,0.16,12.0,0.08,model,10.0,7.9569449999999975,9.537917530021948,0.8409176976783331,0.75,0.6604858400000001,1.22916688,1.3317534599999998
2021,10,0.01,2.0,0.16,,0.16,model,10.0,8.028355000000001,9.703205195011595,0.8454306728000415,0.9,0.66351636,1.1892399000000002,1.3170866399999999
2021,19,0.01,2.0,0.16,12.0,0.04,model,19.0,3.8739149999999993,6.068029836322495,0.9386988253153485,0.85,0.006858660000000002,0.5460237,1.2065574000000001
2021,19,0.01,2.0,0.16,6.0,0.04,model,19.0,3.8739149999999993,6.068029836322495,0.9386988253153485,0.85,0.006858660000000002,0.5460237,1.2065574000000001
2021,19,0.01,2.0,0.16,24.0,0.04,model,19.0,3.8739149999999993,6.068029836322495,0.9386988253153485,0.85,0.006858660000000002,0.5460237,1.2065574000000001
2021,19,0.01,2.0,0.16,38.0,0.04,model,19.0,3.8385949999999993,6.079040843381461,0.9386988253153485,0.85,0.008293,0.5306251399999999,1.214506
2021,19,0.01,2.0,0.16,12.0,0.0,model,19.0,3.9212399999999996,6.065937845791037,0.9386988253153485,0.85,0.007364560000000001,0.5519441399999998,1.20013534
2021,19,0.01,2.0,0.16,12.0,0.08,model,19.0,3.8385949999999993,6.079040843381461,0.9386988253153485,0.85,0.008293,0.5306251399999999,1.214506
2021,19,0.01,2.0,0.16,,0.16,model,19.0,3.8397499999999978,6.0949221231283985,0.9424596379167723,0.85,0.009095699999999995,0.5429991799999999,1.2261608400000001
2021,28,0.01,2.0,0.16,12.0,0.04,model,28.0,4.409795000000001,4.897060033275068,0.9529899132007584,0.45,0.11080962000000001,1.18443754,0.7770652199999999
2021,28,0.01,2.0,0.16,6.0,0.04,model,28.0,4.409795000000001,4.897060033275068,0.9529899132007584,0.45,0.11080962000000001,1.18443754,0.7770652199999999
2021,28,0.01,2.0,0.16,24.0,0.04,model,28.0,4.409795000000001,4.897060033275068,0.9529899132007584,0.45,0.11080962000000001,1.18443754,0.7770652199999999
2021,28,0.01,2.0,0.16,38.0,0.04,model,28.0,4.4097349999999995,4.895650194458342,0.9529899132007584,0.45,0.11070793999999999,1.18439572,0.77522112
2021,28,0.01,2.0,0.16,12.0,0.0,model,28.0,4.420885000000001,4.9081604397676335,0.9529899132007584,0.45,0.11359322,1.2079325400000003,0.7749057399999999
2021,28,0.01,2.0,0.16,12.0,0.08,model,28.0,4.39447,4.881623605215788,0.9529899132007584,0.45,0.11824922,1.13000916,0.7820138600000001
2021,28,0.01,2.0,0.16,,0.16,model,28.0,4.377400000000001,4.8590629753070695,0.9439639629573419,0.7,0.13902389999999998,1.03545738,0.7794116600000001
2021,5,0.01,3.0,0.16,12.0,0.04,model,5.0,9.499425,11.805857000086863,0.6611508553302816,0.65,0.6783172599999999,1.50677212,0.97706544
2021,5,0.01,3.0,0.16,6.0,0.04,model,5.0,9.387825,11.715226198221696,0.66566383045199,0.6,0.6763224599999998,1.5218309600000002,0.9419858600000001
2021,5,0.01,3.0,0.16,24.0,0.04,model,5.0,9.565125,11.870880554638735,0.6446032798840174,0.7,0.68514596,1.49115456,1.00742024
2021,5,0.01,3.0,0.16,38.0,0.04,model,5.0,9.58765,11.890665530490713,0.6446032798840174,0.7,0.6936376999999998,1.4895709799999999,1.02394648
2021,5,0.01,3.0,0.16,12.0,0.0,model,5.0,9.499425,11.805857000086863,0.6611508553302816,0.65,0.6783172599999999,1.50677212,0.97706544
2021,5,0.01,3.0,0.16,12.0,0.08,model,5.0,9.499425,11.805857000086863,0.6611508553302816,0.65,0.6783172599999999,1.50677212,0.97706544
2021,5,0.01,3.0,0.16,,0.16,model,5.0,9.616169999999999,11.920171725189196,0.662655180370851,0.7,0.7002083400000001,1.4813091,1.04424208
2021,10,0.01,3.0,0.16,12.0,0.04,model,10.0,8.12716,9.712741025889654,0.8371568850769096,0.85,0.6353998599999999,1.24579992,1.39075456
2021,10,0.01,3.0,0.16,6.0,0.04,model,10.0,8.12716,9.712741025889654,0.8371568850769096,0.85,0.6353998599999999,1.24579992,1.39075456
2021,10,0.01,3.0,0.16,24.0,0.04,model,10.0,8.174505,9.804552073883844,0.8206093096306453,0.85,0.6384479999999999,1.21245844,1.39186304
2021,10,0.01,3.0,0.16,38.0,0.04,model,10.0,8.207675,9.860451688310228,0.8251222847523538,0.85,0.64108936,1.20052074,1.37431806
2021,10,0.01,3.0,0.16,12.0,0.0,model,10.0,8.123655,9.701256994869272,0.8371568850769096,0.75,0.6451256,1.25712384,1.37618406
2021,10,0.01,3.0,0.16,12.0,0.08,model,10.0,8.16134,9.781555667888416,0.8206093096306453,0.85,0.63657708,1.2250123399999997,1.3830081799999998
2021,10,0.01,3.0,0.16,,0.16,model,10.0,8.22946,9.924806603002397,0.8251222847523538,0.9,0.6435793799999999,1.18898132,1.37163424
2021,19,0.01,3.0,0.16,12.0,0.04,model,19.0,3.8449000000000004,6.083833431233962,0.9386988253153485,0.85,0.006167620000000005,0.5254835600000001,1.2139359599999997
2021,19,0.01,3.0,0.16,6.0,0.04,model,19.0,3.8449000000000004,6.083833431233962,0.9386988253153485,0.85,0.006167620000000005,0.5254835600000001,1.2139359599999997
2021,19,0.01,3.0,0.16,24.0,0.04,model,19.0,3.8449000000000004,6.083833431233962,0.9386988253153485,0.85,0.006167620000000005,0.5254835600000001,1.2139359599999997
2021,19,0.01,3.0,0.16,38.0,0.04,model,19.0,3.830595000000001,6.093572403730017,0.9386988253153485,0.85,0.0064174400000000026,0.5211392800000001,1.23160262
2021,19,0.01,3.0,0.16,12.0,0.0,model,19.0,3.8723299999999994,6.073575563208216,0.9386988253153485,0.85,0.007049179999999998,0.5353888800000002,1.2005639200000002
2021,19,0.01,3.0,0.16,12.0,0.08,model,19.0,3.830595000000001,6.093572403730017,0.9386988253153485,0.85,0.0064174400000000026,0.5211392800000001,1.23160262
2021,19,0.01,3.0,0.16,,0.16,model,19.0,3.8441850000000004,6.1113789465635335,0.9386988253153485,0.85,0.008916640000000003,0.52379212,1.24043798
2021,28,0.01,3.0,0.16,12.0,0.04,model,28.0,4.419385000000001,4.911469542458754,0.9529899132007584,0.45,0.10879093999999997,1.1731713199999998,0.80810898
2021,28,0.01,3.0,0.16,6.0,0.04,model,28.0,4.419385000000001,4.911469542458754,0.9529899132007584,0.45,0.10879093999999997,1.1731713199999998,0.80810898
2021,28,0.01,3.0,0.16,24.0,0.04,model,28.0,4.419385000000001,4.911469542458754,0.9529899132007584,0.45,0.10879093999999997,1.1731713199999998,0.80810898
2021,28,0.01,3.0,0.16,38.0,0.04,model,28.0,4.419849999999999,4.912550139082551,0.9529899132007584,0.45,0.10758425999999999,1.17081948,0.8110309200000001
2021,28,0.01,3.0,0.16,12.0,0.0,model,28.0,4.431759999999999,4.927427968626229,0.9529899132007584,0.45,0.10335001999999999,1.20157526,0.8018507999999999
2021,28,0.01,3.0,0.16,12.0,0.08,model,28.0,4.410709999999999,4.9031116310971345,0.9529899132007584,0.5,0.11950975999999998,1.13166598,0.8100057799999999
2021,28,0.01,3.0,0.16,,0.16,model,28.0,4.39212,4.880198595344251,0.9439639629573419,0.65,0.13523238,1.0370265600000002,0.79346352
2022,5,0.003,1.0,0.16,12.0,0.04,model,5.0,10.42395,12.4897299337896,0.6706766917293233,0.6,0.053553619999999996,3.13520954,3.63412842
2022,5,0.003,1.0,0.16,6.0,0.04,model,5.0,10.64658,12.649797355570563,0.6796992481203006,0.55,0.04109578000000002,3.2476358800000003,3.77657038
2022,5,0.003,1.0,0.16,24.0,0.04,model,5.0,10.274040000000001,12.378145040513948,0.6706766917293233,0.65,0.07025409999999999,3.0326980400000005,3.5127104999999994
2022,5,0.003,1.0,0.16,38.0,0.04,model,5.0,10.223515,12.341678326690417,0.6812030075187969,0.65,0.07811778000000003,2.9866145799999995,3.45802486
2022,5,0.003,1.0,0.16,12.0,0.0,model,5.0,10.42395,12.4897299337896,0.6706766917293233,0.6,0.053553619999999996,3.13520954,3.63412842
2022,5,0.003,1.0,0.16,12.0,0.08,model,5.0,10.42395,12.4897299337896,0.6706766917293233,0.6,0.053553619999999996,3.13520954,3.63412842
2022,5,0.003,1.0,0.16,,0.16,model,5.0,10.126265,12.269122830524601,0.6812030075187969,0.65,0.09381955999999998,2.8906928799999996,3.3818544200000002
2022,10,0.003,1.0,0.16,12.0,0.04,model,9.9,10.186545000000002,11.856382436666761,0.7428571428571428,0.4,0.03803014000000001,3.0660236000000003,3.19103124
2022,10,0.003,1.0,0.16,6.0,0.04,model,9.9,10.186545000000002,11.856382436666761,0.7428571428571428,0.4,0.03803014000000001,3.0660236000000003,3.19103124
2022,10,0.003,1.0,0.16,24.0,0.04,model,9.9,10.073075,11.702723246385858,0.7428571428571428,0.45,0.04918342000000001,2.92205276,3.0695996599999993
2022,10,0.003,1.0,0.16,38.0,0.04,model,9.9,10.028945,11.642854816431408,0.7428571428571428,0.5,0.06007410000000001,2.8422755000000004,2.9911400799999996
2022,10,0.003,1.0,0.16,12.0,0.0,model,9.9,10.216380000000001,11.892683538882215,0.7428571428571428,0.4,0.03851156,3.08518512,3.2261598
2022,10,0.003,1.0,0.16,12.0,0.08,model,9.9,10.105799999999999,11.751029773258171,0.7428571428571428,0.45,0.044944300000000006,2.9664335000000004,3.1068288199999996
2022,10,0.003,1.0,0.16,,0.16,model,9.9,9.930594999999999,11.523817494281138,0.7503759398496239,0.5,0.08522845999999998,2.68482118,2.8527133
2022,19,0.003,1.0,0.16,12.0,0.04,model,18.9,4.490475000000001,6.098375645161588,0.8962406015037594,0.75,0.4499135799999999,0.7244964199999999,2.7666344599999997
2022,19,0.003,1.0,0.16,6.0,0.04,model,18.9,4.490475000000001,6.098375645161588,0.8962406015037594,0.75,0.4499135799999999,0.7244964199999999,2.7666344599999997
2022,19,0.003,1.0,0.16,24.0,0.04,model,18.9,4.490475000000001,6.098375645161588,0.8962406015037594,0.75,0.4499135799999999,0.7244964199999999,2.7666344599999997
2022,19,0.003,1.0,0.16,38.0,0.04,model,18.9,4.480935,6.087037238057608,0.8947368421052632,0.8,0.46745754,0.7334175599999999,2.6834833799999998
2022,19,0.003,1.0,0.16,12.0,0.0,model,18.9,4.537155000000001,6.132421263130903,0.8962406015037594,0.75,0.45846632,0.7258876199999998,2.7994795999999997
2022,19,0.003,1.0,0.16,12.0,0.08,model,18.9,4.481249999999999,6.087373932246975,0.8947368421052632,0.8,0.46967650000000005,0.7325771199999999,2.6860539599999997
2022,19,0.003,1.0,0.16,,0.16,model,18.9,4.4441799999999985,6.093404156627065,0.8962406015037594,0.8,0.51528404,0.7606146599999999,2.56356768
2022,28,0.003,1.0,0.16,12.0,0.04,model,28.0,3.8894250000000006,4.53945178644955,0.9398496240601503,0.75,0.5724499999999999,0.56344128,1.9649693199999998
2022,28,0.003,1.0,0.16,6.0,0.04,model,28.0,3.8894250000000006,4.53945178644955,0.9398496240601503,0.75,0.5724499999999999,0.56344128,1.9649693199999998
2022,28,0.003,1.0,0.16,24.0,0.04,model,28.0,3.8894250000000006,4.53945178644955,0.9398496240601503,0.75,0.5724499999999999,0.56344128,1.9649693199999998
2022,28,0.003,1.0,0.16,38.0,0.04,model,28.0,3.8900999999999994,4.540283902687143,0.9398496240601503,0.75,0.57974912,0.56635944,1.9612503399999996
2022,28,0.003,1.0,0.16,12.0,0.0,model,28.0,3.8882549999999996,4.528886149982134,0.9398496240601503,0.75,0.57373472,0.53914042,1.95610842
2022,28,0.003,1.0,0.16,12.0,0.08,model,28.0,3.8942300000000016,4.554602069665363,0.9398496240601503,0.75,0.5892636799999998,0.5863182,1.9592146
2022,28,0.003,1.0,0.16,,0.16,model,28.0,3.879694999999999,4.565885344322609,0.9398496240601503,0.75,0.6003888200000002,0.6564453400000001,1.8999561600000001
2022,5,0.003,2.0,0.16,12.0,0.04,model,5.0,10.226919999999998,12.352114345285182,0.6781954887218045,0.6,0.056513360000000006,2.98407652,3.80902452
2022,5,0.003,2.0,0.16,6.0,0.04,model,5.0,10.440570000000001,12.515733671463293,0.6676691729323309,0.6,0.04435709999999999,3.0747416000000003,3.9534622799999997
2022,5,0.003,2.0,0.16,24.0,0.04,model,5.0,10.080204999999998,12.240406036422975,0.6796992481203006,0.6,0.07398248000000002,2.89095348,3.7034176199999993
2022,5,0.003,2.0,0.16,38.0,0.04,model,5.0,10.026444999999999,12.199361958623081,0.6796992481203006,0.6,0.08244352,2.8525278599999995,3.6551771000000004
2022,5,0.003,2.0,0.16,12.0,0.0,model,5.0,10.226919999999998,12.352114345285182,0.6781954887218045,0.6,0.056513360000000006,2.98407652,3.80902452
2022,5,0.003,2.0,0.16,12.0,0.08,model,5.0,10.226919999999998,12.352114345285182,0.6781954887218045,0.6,0.056513360000000006,2.98407652,3.80902452
2022,5,0.003,2.0,0.16,,0.16,model,5.0,9.9425,12.135247900269693,0.6796992481203006,0.65,0.10162631999999998,2.7877583400000003,3.574797620000001
2022,10,0.003,2.0,0.16,12.0,0.04,model,9.9,9.792959999999999,11.38402417117954,0.7398496240601502,0.45,0.04255611999999999,2.82341066,3.23955686
2022,10,0.003,2.0,0.16,6.0,0.04,model,9.9,9.792959999999999,11.38402417117954,0.7398496240601502,0.45,0.04255611999999999,2.82341066,3.23955686
2022,10,0.003,2.0,0.16,24.0,0.04,model,9.9,9.680470000000001,11.224321246471877,0.7473684210526315,0.5,0.05377253999999999,2.6730354000000003,3.09845926
2022,10,0.003,2.0,0.16,38.0,0.04,model,9.9,9.63298,11.154992738590197,0.7473684210526315,0.5,0.06413120000000003,2.58396192,3.0232319999999997
2022,10,0.003,2.0,0.16,12.0,0.0,model,9.9,9.805765000000001,11.410122793270018,0.7398496240601502,0.45,0.03855260000000001,2.8333116,3.2455430400000003
2022,10,0.003,2.0,0.16,12.0,0.08,model,9.9,9.720895,11.277074873986606,0.7398496240601502,0.5,0.04962659999999999,2.72773154,3.153047559999999
2022,10,0.003,2.0,0.16,,0.16,model,9.9,9.538810000000002,11.03274090731764,0.7473684210526315,0.5,0.08777918000000001,2.44533532,2.87513306
2022,19,0.003,2.0,0.16,12.0,0.04,model,18.9,4.526390000000001,5.872629518197108,0.8962406015037594,0.75,0.7159867599999999,0.47662157999999993,2.8274397000000002
2022,19,0.003,2.0,0.16,6.0,0.04,model,18.9,4.526390000000001,5.872629518197108,0.8962406015037594,0.75,0.7159867599999999,0.47662157999999993,2.8274397000000002
2022,19,0.003,2.0,0.16,24.0,0.04,model,18.9,4.526390000000001,5.872629518197108,0.8962406015037594,0.75,0.7159867599999999,0.47662157999999993,2.8274397000000002
2022,19,0.003,2.0,0.16,38.0,0.04,model,18.9,4.499125000000001,5.8495813024096,0.8962406015037594,0.75,0.7457786000000001,0.49365322,2.7336573399999997
2022,19,0.003,2.0,0.16,12.0,0.0,model,18.9,4.551879999999999,5.891336121458357,0.8962406015037594,0.75,0.7130754,0.46703606,2.84752308
2022,19,0.003,2.0,0.16,12.0,0.08,model,18.9,4.500959999999999,5.850872898380206,0.8962406015037594,0.75,0.74442362,0.49483454000000004,2.738907239999999
2022,19,0.003,2.0,0.16,,0.16,model,18.9,4.4770150000000015,5.856929673771063,0.8962406015037594,0.8,0.75808836,0.54469272,2.6186098199999996
2022,28,0.003,2.0,0.16,12.0,0.04,model,28.0,3.7573250000000016,4.367128609567161,0.9383458646616539,0.75,0.68187842,0.42702335999999996,1.9500158200000002
2022,28,0.003,2.0,0.16,6.0,0.04,model,28.0,3.7573250000000016,4.367128609567161,0.9383458646616539,0.75,0.68187842,0.42702335999999996,1.9500158200000002
2022,28,0.003,2.0,0.16,24.0,0.04,model,28.0,3.7573250000000016,4.367128609567161,0.9383458646616539,0.75,0.68187842,0.42702335999999996,1.9500158200000002
2022,28,0.003,2.0,0.16,38.0,0.04,model,28.0,3.7566550000000007,4.367765287249305,0.9383458646616539,0.75,0.68117792,0.4304945,1.9557474999999998
2022,28,0.003,2.0,0.16,12.0,0.0,model,28.0,3.7557699999999996,4.355730254962995,0.9398496240601503,0.75,0.65688722,0.4087520800000001,1.9305383999999999
2022,28,0.003,2.0,0.16,12.0,0.08,model,28.0,3.7576899999999993,4.3787651110786925,0.9383458646616539,0.75,0.68702642,0.44775572,1.9427499
2022,28,0.003,2.0,0.16,,0.16,model,28.0,3.77881,4.393442487958617,0.9353383458646616,0.8,0.6874953800000001,0.5198732199999999,1.9030387000000002
2022,5,0.0045,1.0,0.16,12.0,0.04,model,5.0,10.16164,12.11539020283705,0.6977443609022556,0.6,0.06570114,3.1392645600000004,3.6004542799999992
2022,5,0.0045,1.0,0.16,6.0,0.04,model,5.0,10.400164999999998,12.289144027982584,0.7022556390977444,0.6,0.05083146,3.26122894,3.7649895000000004
2022,5,0.0045,1.0,0.16,24.0,0.04,model,5.0,10.006445000000001,12.013508779349186,0.7112781954887217,0.6,0.08649678,3.06447572,3.4928287399999998
2022,5,0.0045,1.0,0.16,38.0,0.04,model,5.0,9.946270000000002,11.974413538833542,0.7263157894736841,0.6,0.10043156000000002,3.01848128,3.4497806399999997
2022,5,0.0045,1.0,0.16,12.0,0.0,model,5.0,10.16164,12.11539020283705,0.6977443609022556,0.6,0.06570114,3.1392645600000004,3.6004542799999992
2022,5,0.0045,1.0,0.16,12.0,0.08,model,5.0,10.16164,12.11539020283705,0.6977443609022556,0.6,0.06570114,3.1392645600000004,3.6004542799999992
2022,5,0.0045,1.0,0.16,,0.16,model,5.0,9.856390000000001,11.915868020962638,0.7263157894736841,0.7,0.11736798,2.9381232600000002,3.36498378
2022,10,0.0045,1.0,0.16,12.0,0.04,model,9.9,9.850455,11.377664530144134,0.7428571428571428,0.45,0.05538012,2.96341392,3.1410101
2022,10,0.0045,1.0,0.16,6.0,0.04,model,9.9,9.850455,11.377664530144134,0.7428571428571428,0.45,0.05538012,2.96341392,3.1410101
2022,10,0.0045,1.0,0.16,24.0,0.04,model,9.9,9.743795000000002,11.23193141251762,0.7428571428571428,0.5,0.06849225999999999,2.8269530799999996,3.0065305400000004
2022,10,0.0045,1.0,0.16,38.0,0.04,model,9.9,9.705989999999998,11.175599245454357,0.7473684210526315,0.5,0.07883772,2.7403543,2.9432925
2022,10,0.0045,1.0,0.16,12.0,0.0,model,9.9,9.870115000000002,11.406967675219388,0.7428571428571428,0.45,0.054737799999999996,2.97696234,3.1569801199999996
2022,10,0.0045,1.0,0.16,12.0,0.08,model,9.9,9.768284999999999,11.266969129118088,0.7428571428571428,0.45,0.06146844000000003,2.8644427400000003,3.04684534
2022,10,0.0045,1.0,0.16,,0.16,model,9.9,9.60301,11.046791089497438,0.7473684210526315,0.5,0.10785702000000003,2.5809422799999995,2.7893798199999997
2022,19,0.0045,1.0,0.16,12.0,0.04,model,18.9,4.5396,5.879824371951938,0.8962406015037594,0.75,0.7482768400000002,0.5036261599999999,2.7739083200000003
2022,19,0.0045,1.0,0.16,6.0,0.04,model,18.9,4.5396,5.879824371951938,0.8962406015037594,0.75,0.7482768400000002,0.5036261599999999,2.7739083200000003
2022,19,0.0045,1.0,0.16,24.0,0.04,model,18.9,4.5396,5.879824371951938,0.8962406015037594,0.75,0.7482768400000002,0.5036261599999999,2.7739083200000003
2022,19,0.0045,1.0,0.16,38.0,0.04,model,18.9,4.520615,5.863727806140049,0.8962406015037594,0.8,0.7495197,0.52496236,2.7080184999999997
2022,19,0.0045,1.0,0.16,12.0,0.0,model,18.9,4.55147,5.895041922582061,0.8962406015037594,0.75,0.7256953399999999,0.49712238000000003,2.80661374
2022,19,0.0045,1.0,0.16,12.0,0.08,model,18.9,4.52096,5.86347473704799,0.8962406015037594,0.8,0.75037504,0.52384522,2.7085098
2022,19,0.0045,1.0,0.16,,0.16,model,18.9,4.4886800000000004,5.876412482288833,0.8962406015037594,0.8,0.75536486,0.5773888,2.5518413600000005
2022,28,0.0045,1.0,0.16,12.0,0.04,model,28.0,3.7934650000000003,4.409484145849716,0.9383458646616539,0.75,0.70400978,0.46022094,1.90431778
2022,28,0.0045,1.0,0.16,6.0,0.04,model,28.0,3.7934650000000003,4.409484145849716,0.9383458646616539,0.75,0.70400978,0.46022094,1.90431778
2022,28,0.0045,1.0,0.16,24.0,0.04,model,28.0,3.7934650000000003,4.409484145849716,0.9383458646616539,0.75,0.70400978,0.46022094,1.90431778
2022,28,0.0045,1.0,0.16,38.0,0.04,model,28.0,3.7951450000000007,4.41188967467456,0.9383458646616539,0.75,0.7018755200000001,0.46532467999999994,1.9102629600000003
2022,28,0.0045,1.0,0.16,12.0,0.0,model,28.0,3.7953950000000005,4.40020373533999,0.9383458646616539,0.75,0.6889032199999999,0.4416016399999999,1.90312928
2022,28,0.0045,1.0,0.16,12.0,0.08,model,28.0,3.8043949999999995,4.428852712441452,0.9383458646616539,0.75,0.70602846,0.48472872,1.9090779
2022,28,0.0045,1.0,0.16,,0.16,model,28.0,3.802039999999999,4.430394055386043,0.9353383458646616,0.75,0.71007446,0.55000342,1.87172144
2022,5,0.003,3.0,0.16,12.0,0.04,model,5.0,10.002870000000001,12.258107281958338,0.6842105263157895,0.6,0.06155142000000001,2.8972129200000003,3.8581211399999997
2022,5,0.003,3.0,0.16,6.0,0.04,model,5.0,10.220044999999999,12.42063474016123,0.6827067669172932,0.6,0.0479981,2.991834,3.9678287400000007
2022,5,0.003,3.0,0.16,24.0,0.04,model,5.0,9.87184,12.153202283513592,0.675187969924812,0.65,0.08125500000000001,2.8102705599999998,3.7772679199999994
2022,5,0.003,3.0,0.16,38.0,0.04,model,5.0,9.81738,12.11172272300683,0.675187969924812,0.65,0.09157187999999998,2.77288032,3.7380883600000003
2022,5,0.003,3.0,0.16,12.0,0.0,model,5.0,10.002870000000001,12.258107281958338,0.6842105263157895,0.6,0.06155142000000001,2.8972129200000003,3.8581211399999997
2022,5,0.003,3.0,0.16,12.0,0.08,model,5.0,10.002870000000001,12.258107281958338,0.6842105263157895,0.6,0.06155142000000001,2.8972129200000003,3.8581211399999997
2022,5,0.003,3.0,0.16,,0.16,model,5.0,9.732479999999999,12.048388340935894,0.675187969924812,0.65,0.10713406,2.70295298,3.64900718
2022,10,0.003,3.0,0.16,12.0,0.04,model,9.9,9.462665,11.034002409620003,0.7473684210526315,0.45,0.048336360000000016,2.6648937,3.1959971800000004
2022,10,0.003,3.0,0.16,6.0,0.04,model,9.9,9.462665,11.034002409620003,0.7473684210526315,0.45,0.048336360000000016,2.6648937,3.1959971800000004
2022,10,0.003,3.0,0.16,24.0,0.04,model,9.9,9.36586,10.88854301933918,0.7548872180451127,0.5,0.05926519999999997,2.4933939400000003,3.0586185199999996
2022,10,0.003,3.0,0.16,38.0,0.04,model,9.9,9.31506,10.814770407595347,0.7548872180451127,0.5,0.06941296000000001,2.42412984,2.9978800999999997
2022,10,0.003,3.0,0.16,12.0,0.0,model,9.9,9.482544999999998,11.0663883534557,0.7473684210526315,0.45,0.04574658000000001,2.66985446,3.1944771800000002
2022,10,0.003,3.0,0.16,12.0,0.08,model,9.9,9.395515,10.930155948544376,0.7548872180451127,0.5,0.057290920000000016,2.54639764,3.11668616
2022,10,0.003,3.0,0.16,,0.16,model,9.9,9.222605000000003,10.69122333989427,0.7548872180451127,0.5,0.09066098000000002,2.28157764,2.8688873800000008
2022,19,0.003,3.0,0.16,12.0,0.04,model,18.9,4.5533,5.826616156998846,0.900751879699248,0.75,0.8929587600000001,0.37826382000000003,2.8282563199999995
2022,19,0.003,3.0,0.16,6.0,0.04,model,18.9,4.5533,5.826616156998846,0.900751879699248,0.75,0.8929587600000001,0.37826382000000003,2.8282563199999995
2022,19,0.003,3.0,0.16,24.0,0.04,model,18.9,4.5533,5.826616156998846,0.900751879699248,0.75,0.8929587600000001,0.37826382000000003,2.8282563199999995
2022,19,0.003,3.0,0.16,38.0,0.04,model,18.9,4.534830000000001,5.810603241660886,0.8977443609022555,0.75,0.8905103999999999,0.40334216,2.77718272
2022,19,0.003,3.0,0.16,12.0,0.0,model,18.9,4.58172,5.844747193848508,0.8992481203007519,0.75,0.87156448,0.37748052000000004,2.8762466200000003
2022,19,0.003,3.0,0.16,12.0,0.08,model,18.9,4.535185,5.81081561052319,0.8977443609022555,0.75,0.8861013200000001,0.4026143599999999,2.77973178
2022,19,0.003,3.0,0.16,,0.16,model,18.9,4.52049,5.81169978440043,0.900751879699248,0.8,0.90097568,0.45990711999999995,2.6439964000000002
2022,28,0.003,3.0,0.16,12.0,0.04,model,28.0,3.6840800000000002,4.294616327333561,0.9353383458646616,0.75,0.73981448,0.37033066000000003,1.9588567
2022,28,0.003,3.0,0.16,6.0,0.04,model,28.0,3.6840800000000002,4.294616327333561,0.9353383458646616,0.75,0.73981448,0.37033066000000003,1.9588567
2022,28,0.003,3.0,0.16,24.0,0.04,model,28.0,3.6840800000000002,4.294616327333561,0.9353383458646616,0.75,0.73981448,0.37033066000000003,1.9588567
2022,28,0.003,3.0,0.16,38.0,0.04,model,28.0,3.6827250000000005,4.294692838667277,0.9353383458646616,0.75,0.7322920199999999,0.37392032,1.96290572
2022,28,0.003,3.0,0.16,12.0,0.0,model,28.0,3.6800100000000002,4.2789404429134095,0.9353383458646616,0.75,0.70900232,0.35502426,1.92949264
2022,28,0.003,3.0,0.16,12.0,0.08,model,28.0,3.70076,4.306003571874969,0.9353383458646616,0.75,0.72890738,0.39626882,1.9400186200000002
2022,28,0.003,3.0,0.16,,0.16,model,28.0,3.7216949999999995,4.321323003490945,0.9353383458646616,0.8,0.7228829199999999,0.46006020000000003,1.89580386
2022,5,0.0045,2.0,0.16,12.0,0.04,model,5.0,9.823835,12.004875280505832,0.7413533834586465,0.6,0.07101366,2.9984458399999996,3.7286267399999997
2022,5,0.0045,2.0,0.16,6.0,0.04,model,5.0,10.062735,12.162859229905607,0.7293233082706766,0.6,0.05661018000000001,3.09869452,3.86439202
2022,5,0.0045,2.0,0.16,24.0,0.04,model,5.0,9.666409999999999,11.886321744846047,0.732330827067669,0.65,0.09318656,2.89416366,3.63783708
2022,5,0.0045,2.0,0.16,38.0,0.04,model,5.0,9.603774999999999,11.838671749208187,0.7413533834586465,0.65,0.09946538,2.87047996,3.607222739999999
2022,5,0.0045,2.0,0.16,12.0,0.0,model,5.0,9.823835,12.004875280505832,0.7413533834586465,0.6,0.07101366,2.9984458399999996,3.7286267399999997
2022,5,0.0045,2.0,0.16,12.0,0.08,model,5.0,9.823835,12.004875280505832,0.7413533834586465,0.6,0.07101366,2.9984458399999996,3.7286267399999997
2022,5,0.0045,2.0,0.16,,0.16,model,5.0,9.516335000000002,11.784147821607636,0.724812030075188,0.65,0.11863134,2.79821612,3.5329814400000004
2022,10,0.0045,2.0,0.16,12.0,0.04,model,9.9,9.342515,10.861271096538378,0.7473684210526315,0.45,0.06138632000000001,2.6821184200000006,3.1115167
2022,10,0.0045,2.0,0.16,6.0,0.04,model,9.9,9.342515,10.861271096538378,0.7473684210526315,0.45,0.06138632000000001,2.6821184200000006,3.1115167
2022,10,0.0045,2.0,0.16,24.0,0.04,model,9.9,9.241405,10.709303742190713,0.7473684210526315,0.5,0.07482371999999998,2.52818264,2.9838539799999997
2022,10,0.0045,2.0,0.16,38.0,0.04,model,9.9,9.18521,10.636817521420587,0.7473684210526315,0.5,0.08584342,2.4428657400000002,2.9164380000000003
2022,10,0.0045,2.0,0.16,12.0,0.0,model,9.9,9.375414999999998,10.9022562421042,0.7473684210526315,0.45,0.05960146,2.69377948,3.1321885999999997
2022,10,0.0045,2.0,0.16,12.0,0.08,model,9.9,9.276465,10.756801741293739,0.7473684210526315,0.5,0.06901561999999999,2.56362876,3.02027378
2022,10,0.0045,2.0,0.16,,0.16,model,9.9,9.10809,10.519433836286058,0.7548872180451127,0.5,0.10889001999999999,2.29388784,2.7846948000000005
2022,19,0.0045,2.0,0.16,12.0,0.04,model,18.9,4.574565000000001,5.806947156940557,0.8962406015037594,0.75,0.99457334,0.34123731999999996,2.82911186
2022,19,0.0045,2.0,0.16,6.0,0.04,model,18.9,4.574565000000001,5.806947156940557,0.8962406015037594,0.75,0.99457334,0.34123731999999996,2.82911186
2022,19,0.0045,2.0,0.16,24.0,0.04,model,18.9,4.574565000000001,5.806947156940557,0.8962406015037594,0.75,0.99457334,0.34123731999999996,2.82911186
2022,19,0.0045,2.0,0.16,38.0,0.04,model,18.9,4.558390000000001,5.798138256544079,0.8962406015037594,0.75,0.9981501000000003,0.36420591999999996,2.7712000999999997
2022,19,0.0045,2.0,0.16,12.0,0.0,model,18.9,4.602654999999999,5.835399267359517,0.8962406015037594,0.75,0.9816635200000002,0.33793991999999995,2.87164416
2022,19,0.0045,2.0,0.16,12.0,0.08,model,18.9,4.558114999999999,5.79806717600788,0.8962406015037594,0.75,0.9991186400000002,0.3639420400000001,2.76915476
2022,19,0.0045,2.0,0.16,,0.16,model,18.9,4.5607050000000005,5.80679876812517,0.8992481203007519,0.8,1.00136752,0.42380233999999994,2.6480485000000002
2022,28,0.0045,2.0,0.16,12.0,0.04,model,28.0,3.6641800000000004,4.2794837459674975,0.9398496240601503,0.75,0.7623655199999999,0.37395516,1.92318816
2022,28,0.0045,2.0,0.16,6.0,0.04,model,28.0,3.6641800000000004,4.2794837459674975,0.9398496240601503,0.75,0.7623655199999999,0.37395516,1.92318816
2022,28,0.0045,2.0,0.16,24.0,0.04,model,28.0,3.6641800000000004,4.2794837459674975,0.9398496240601503,0.75,0.7623655199999999,0.37395516,1.92318816
2022,28,0.0045,2.0,0.16,38.0,0.04,model,28.0,3.6657249999999997,4.281385942951183,0.9371945002747791,0.75,0.7628595199999999,0.37700518000000005,1.9299621999999999
2022,28,0.0045,2.0,0.16,12.0,0.0,model,28.0,3.65957,4.263476264036192,0.9398496240601503,0.75,0.7483537800000001,0.36492364,1.9056100599999999
2022,28,0.0045,2.0,0.16,12.0,0.08,model,28.0,3.682914999999999,4.288955805729408,0.9338345864661652,0.75,0.7477422199999999,0.40065222,1.90951484
2022,28,0.0045,2.0,0.16,,0.16,model,28.0,3.708305,4.30835516229802,0.9353383458646616,0.8,0.7619951399999999,0.46330126,1.86061328
2022,5,0.007,1.0,0.16,12.0,0.04,model,5.0,9.699574999999998,11.651432878427443,0.7669172932330827,0.6,0.09625925999999996,3.0832548,3.51691334
2022,5,0.007,1.0,0.16,6.0,0.04,model,5.0,9.942945,11.833796314940527,0.7338345864661654,0.55,0.07446737999999999,3.1932142,3.6659951200000003
2022,5,0.007,1.0,0.16,24.0,0.04,model,5.0,9.55111,11.54234338039724,0.7729323308270677,0.65,0.12223777999999998,2.99568638,3.4129808
2022,5,0.007,1.0,0.16,38.0,0.04,model,5.0,9.4988,11.502203748151915,0.7729323308270677,0.65,0.13361558,2.963363599999999,3.37738034
2022,5,0.007,1.0,0.16,12.0,0.0,model,5.0,9.699574999999998,11.651432878427443,0.7669172932330827,0.6,0.09625925999999996,3.0832548,3.51691334
2022,5,0.007,1.0,0.16,12.0,0.08,model,5.0,9.699574999999998,11.651432878427443,0.7669172932330827,0.6,0.09625925999999996,3.0832548,3.51691334
2022,5,0.007,1.0,0.16,,0.16,model,5.0,9.396874999999998,11.438260735597,0.7729323308270677,0.65,0.14873146,2.86785772,3.3117263599999998
2022,10,0.007,1.0,0.16,12.0,0.04,model,9.9,9.353325000000002,10.80123766331896,0.7533834586466165,0.45,0.0919568,2.71846666,3.0522074999999997
2022,10,0.007,1.0,0.16,6.0,0.04,model,9.9,9.353325000000002,10.80123766331896,0.7533834586466165,0.45,0.0919568,2.71846666,3.0522074999999997
2022,10,0.007,1.0,0.16,24.0,0.04,model,9.9,9.219294999999999,10.632281072634413,0.7533834586466165,0.5,0.09953815999999996,2.5307340799999993,2.92502468
2022,10,0.007,1.0,0.16,38.0,0.04,model,9.9,9.17996,10.57470558157531,0.7578947368421052,0.5,0.10972343999999998,2.4591178,2.8469011999999996
2022,10,0.007,1.0,0.16,12.0,0.0,model,9.9,9.37492,10.83063188636748,0.7533834586466165,0.45,0.09084376000000001,2.74159382,3.06446968
2022,10,0.007,1.0,0.16,12.0,0.08,model,9.9,9.253120000000001,10.673778274912777,0.7533834586466165,0.45,0.09669979999999999,2.6033917000000004,2.96998986
2022,10,0.007,1.0,0.16,,0.16,model,9.9,9.103114999999999,10.459706723350326,0.7578947368421052,0.55,0.13690221999999996,2.30440436,2.7094263599999997
2022,19,0.007,1.0,0.16,12.0,0.04,model,18.9,4.574654999999999,5.8016658908885805,0.8962406015037594,0.7,1.06479744,0.30971732,2.7927977199999994
2022,19,0.007,1.0,0.16,6.0,0.04,model,18.9,4.574654999999999,5.8016658908885805,0.8962406015037594,0.7,1.06479744,0.30971732,2.7927977199999994
2022,19,0.007,1.0,0.16,24.0,0.04,model,18.9,4.574654999999999,5.8016658908885805,0.8962406015037594,0.7,1.06479744,0.30971732,2.7927977199999994
2022,19,0.007,1.0,0.16,38.0,0.04,model,18.9,4.550604999999999,5.786503069082397,0.8992481203007519,0.75,1.05404704,0.33807576000000006,2.7375438200000004
2022,19,0.007,1.0,0.16,12.0,0.0,model,18.9,4.586415000000001,5.827313089795331,0.8962406015037594,0.7,1.0519587999999997,0.30017597999999995,2.83482604
2022,19,0.007,1.0,0.16,12.0,0.08,model,18.9,4.549425000000001,5.784574114703693,0.8992481203007519,0.75,1.0549290999999998,0.33668,2.7364817399999994
2022,19,0.007,1.0,0.16,,0.16,model,18.9,4.535065,5.804031867030022,0.8992481203007519,0.75,1.04792402,0.39696864000000004,2.6069568999999997
2022,28,0.007,1.0,0.16,12.0,0.04,model,28.0,3.7398549999999986,4.357212364402267,0.9398496240601503,0.75,0.80708514,0.40091930000000003,1.8884287599999998
2022,28,0.007,1.0,0.16,6.0,0.04,model,28.0,3.7398549999999986,4.357212364402267,0.9398496240601503,0.75,0.80708514,0.40091930000000003,1.8884287599999998
2022,28,0.007,1.0,0.16,24.0,0.04,model,28.0,3.7398549999999986,4.357212364402267,0.9398496240601503,0.75,0.80708514,0.40091930000000003,1.8884287599999998
2022,28,0.007,1.0,0.16,38.0,0.04,model,28.0,3.73942,4.356162847966086,0.9398496240601503,0.75,0.8026444999999999,0.40113336,1.89028766
2022,28,0.007,1.0,0.16,12.0,0.0,model,28.0,3.74322,4.347246994248199,0.9398496240601503,0.75,0.81485378,0.38828096,1.8772618600000002
2022,28,0.007,1.0,0.16,12.0,0.08,model,28.0,3.754390000000001,4.378530516394742,0.9338345864661652,0.75,0.81958406,0.41710764,1.88292742
2022,28,0.007,1.0,0.16,,0.16,model,28.0,3.7646749999999995,4.3827057037291475,0.9383458646616539,0.75,0.82432804,0.47687247999999993,1.8432166599999997
2022,5,0.0045,3.0,0.16,12.0,0.04,model,5.0,9.517505000000002,11.938748586912283,0.7368421052631579,0.65,0.07792808000000002,2.9040878599999997,3.79550136
2022,5,0.0045,3.0,0.16,6.0,0.04,model,5.0,9.76036,12.099957084965219,0.7488721804511278,0.6,0.05927586000000002,3.0138474800000004,3.8804325999999993
2022,5,0.0045,3.0,0.16,24.0,0.04,model,5.0,9.374695,11.833219386096921,0.7503759398496239,0.65,0.09784788000000001,2.82725828,3.6977323600000003
2022,5,0.0045,3.0,0.16,38.0,0.04,model,5.0,9.318734999999998,11.793338365047449,0.7503759398496239,0.65,0.10765951999999998,2.7770879800000006,3.6775037599999996
2022,5,0.0045,3.0,0.16,12.0,0.0,model,5.0,9.517505000000002,11.938748586912283,0.7368421052631579,0.65,0.07792808000000002,2.9040878599999997,3.79550136
2022,5,0.0045,3.0,0.16,12.0,0.08,model,5.0,9.517505000000002,11.938748586912283,0.7368421052631579,0.65,0.07792808000000002,2.9040878599999997,3.79550136
2022,5,0.0045,3.0,0.16,,0.16,model,5.0,9.241729999999999,11.73044227559217,0.7503759398496239,0.65,0.12916845999999998,2.70668896,3.6169795199999997
2022,10,0.0045,3.0,0.16,12.0,0.04,model,9.9,8.998354999999998,10.532148361920278,0.7473684210526315,0.45,0.06894722000000002,2.4816940200000004,3.06041752
2022,10,0.0045,3.0,0.16,6.0,0.04,model,9.9,8.998354999999998,10.532148361920278,0.7473684210526315,0.45,0.06894722000000002,2.4816940200000004,3.06041752
2022,10,0.0045,3.0,0.16,24.0,0.04,model,9.9,8.881110000000001,10.368179024737179,0.7473684210526315,0.5,0.08234443999999998,2.3258338399999996,2.93416896
2022,10,0.0045,3.0,0.16,38.0,0.04,model,9.9,8.833245000000002,10.302798565850932,0.7548872180451127,0.5,0.09217086000000001,2.24692394,2.8608797999999998
2022,10,0.0045,3.0,0.16,12.0,0.0,model,9.9,9.019385,10.561410386188959,0.7473684210526315,0.45,0.06647196000000001,2.4968315999999997,3.0657964399999997
2022,10,0.0045,3.0,0.16,12.0,0.08,model,9.9,8.904775000000003,10.406612475128496,0.7473684210526315,0.5,0.07789316,2.36365872,2.9602577400000003
2022,10,0.0045,3.0,0.16,,0.16,model,9.9,8.761805,10.19250980683855,0.7669172932330827,0.5,0.1130117,2.12805542,2.7395752199999994
2022,19,0.0045,3.0,0.16,12.0,0.04,model,18.9,4.694495000000001,5.841436544934816,0.8962406015037594,0.75,1.12812766,0.2906379999999999,2.8498908399999996
2022,19,0.0045,3.0,0.16,6.0,0.04,model,18.9,4.694495000000001,5.841436544934816,0.8962406015037594,0.75,1.12812766,0.2906379999999999,2.8498908399999996
2022,19,0.0045,3.0,0.16,24.0,0.04,model,18.9,4.694495000000001,5.841436544934816,0.8962406015037594,0.75,1.12812766,0.2906379999999999,2.8498908399999996
2022,19,0.0045,3.0,0.16,38.0,0.04,model,18.9,4.69974,5.835999239376235,0.8992481203007519,0.75,1.1159333400000002,0.31184602,2.79703692
2022,19,0.0045,3.0,0.16,12.0,0.0,model,18.9,4.7081800000000005,5.854311722141212,0.8962406015037594,0.75,1.1104416,0.28478578,2.88722952
2022,19,0.0045,3.0,0.16,12.0,0.08,model,18.9,4.7018450000000005,5.838860140515442,0.8992481203007519,0.75,1.11784148,0.31038526,2.79684636
2022,19,0.0045,3.0,0.16,,0.16,model,18.9,4.710645,5.827948713526913,0.8992481203007519,0.8,1.1015236800000001,0.36620572,2.6822953800000002
2022,28,0.0045,3.0,0.16,12.0,0.04,model,28.0,3.61531,4.227913114883039,0.9428571428571428,0.75,0.77775392,0.35385365999999996,1.90151308
2022,28,0.0045,3.0,0.16,6.0,0.04,model,28.0,3.61531,4.227913114883039,0.9428571428571428,0.75,0.77775392,0.35385365999999996,1.90151308
2022,28,0.0045,3.0,0.16,24.0,0.04,model,28.0,3.61531,4.227913114883039,0.9428571428571428,0.75,0.77775392,0.35385365999999996,1.90151308
2022,28,0.0045,3.0,0.16,38.0,0.04,model,28.0,3.61749,4.230016971833563,0.9428571428571428,0.75,0.7832512800000001,0.35173854,1.9142440200000004
2022,28,0.0045,3.0,0.16,12.0,0.0,model,28.0,3.5968100000000005,4.21244986973139,0.9428571428571428,0.75,0.77277312,0.33553516000000005,1.8938301399999997
2022,28,0.0045,3.0,0.16,12.0,0.08,model,28.0,3.6408000000000014,4.240709025622957,0.9428571428571428,0.75,0.7602678200000001,0.36122184000000007,1.89614894
2022,28,0.0045,3.0,0.16,,0.16,model,28.0,3.6638900000000008,4.262536278789895,0.9368421052631578,0.8,0.7843781400000001,0.43907335999999997,1.8568104600000004
2022,5,0.007,2.0,0.16,12.0,0.04,model,5.0,9.224465000000002,11.596813657013723,0.7624060150375939,0.65,0.09887508000000003,2.9428484000000004,3.6324272800000004
2022,5,0.007,2.0,0.16,6.0,0.04,model,5.0,9.46603,11.757105234197743,0.7639097744360903,0.6,0.07788690000000001,3.0480303000000006,3.7501520800000003
2022,5,0.007,2.0,0.16,24.0,0.04,model,5.0,9.077755000000002,11.469090646188999,0.7624060150375939,0.65,0.12431535999999997,2.85247188,3.54809334
2022,5,0.007,2.0,0.16,38.0,0.04,model,5.0,9.03241,11.434785781159173,0.7624060150375939,0.7,0.13548233999999998,2.81325438,3.51514396
2022,5,0.007,2.0,0.16,12.0,0.0,model,5.0,9.224465000000002,11.596813657013723,0.7624060150375939,0.65,0.09887508000000003,2.9428484000000004,3.6324272800000004
2022,5,0.007,2.0,0.16,12.0,0.08,model,5.0,9.224465000000002,11.596813657013723,0.7624060150375939,0.65,0.09887508000000003,2.9428484000000004,3.6324272800000004
2022,5,0.007,2.0,0.16,,0.16,model,5.0,8.963244999999997,11.373568817899683,0.7624060150375939,0.7,0.15378452000000004,2.72608112,3.4696349
2022,10,0.007,2.0,0.16,12.0,0.04,model,9.9,8.791844999999999,10.284562722279444,0.7624060150375939,0.45,0.09173642000000001,2.35928332,2.9819169600000004
2022,10,0.007,2.0,0.16,6.0,0.04,model,9.9,8.791844999999999,10.284562722279444,0.7624060150375939,0.45,0.09173642000000001,2.35928332,2.9819169600000004
2022,10,0.007,2.0,0.16,24.0,0.04,model,9.9,8.679165000000001,10.133944288207823,0.7624060150375939,0.55,0.10242543999999998,2.22484758,2.86913174
2022,10,0.007,2.0,0.16,38.0,0.04,model,9.9,8.643569999999999,10.08190353246846,0.7624060150375939,0.55,0.11386130000000003,2.1515957200000004,2.7960312800000002
2022,10,0.007,2.0,0.16,12.0,0.0,model,9.9,8.82045,10.318971476121058,0.7518796992481201,0.45,0.09236151999999997,2.3664532800000004,3.0157637999999998
2022,10,0.007,2.0,0.16,12.0,0.08,model,9.9,8.701379999999999,10.166142969730457,0.7624060150375939,0.5,0.10178622,2.253819,2.9020048599999995
2022,10,0.007,2.0,0.16,,0.16,model,9.9,8.56537,9.96496242030044,0.7518796992481201,0.55,0.13741641999999998,2.01425992,2.6769387999999994
2022,19,0.007,2.0,0.16,12.0,0.04,model,18.9,4.797764999999998,5.864746122510333,0.8992481203007519,0.7,1.24569718,0.24124758,2.84548836
2022,19,0.007,2.0,0.16,6.0,0.04,model,18.9,4.797764999999998,5.864746122510333,0.8992481203007519,0.7,1.24569718,0.24124758,2.84548836
2022,19,0.007,2.0,0.16,24.0,0.04,model,18.9,4.797764999999998,5.864746122510333,0.8992481203007519,0.7,1.24569718,0.24124758,2.84548836
2022,19,0.007,2.0,0.16,38.0,0.04,model,18.9,4.806525000000001,5.861186045375116,0.8992481203007519,0.7,1.2400318600000002,0.26015662,2.79379792
2022,19,0.007,2.0,0.16,12.0,0.0,model,18.9,4.795399999999999,5.874705904979414,0.8992481203007519,0.7,1.23414596,0.23272419999999996,2.8512137
2022,19,0.007,2.0,0.16,12.0,0.08,model,18.9,4.805999999999999,5.860775795404565,0.8992481203007519,0.7,1.2370383,0.2599443,2.79620302
2022,19,0.007,2.0,0.16,,0.16,model,18.9,4.808599999999998,5.848799640268078,0.8992481203007519,0.8,1.19795434,0.31089182,2.6750825600000003
2022,28,0.007,2.0,0.16,12.0,0.04,model,28.0,3.61199,4.235935740895983,0.9428571428571428,0.75,0.8135776799999999,0.36080652,1.87704158
2022,28,0.007,2.0,0.16,6.0,0.04,model,28.0,3.61199,4.235935740895983,0.9428571428571428,0.75,0.8135776799999999,0.36080652,1.87704158
2022,28,0.007,2.0,0.16,24.0,0.04,model,28.0,3.61199,4.235935740895983,0.9428571428571428,0.75,0.8135776799999999,0.36080652,1.87704158
2022,28,0.007,2.0,0.16,38.0,0.04,model,28.0,3.6124300000000007,4.236793107528381,0.9428571428571428,0.75,0.81383282,0.36077612000000003,1.87593414
2022,28,0.007,2.0,0.16,12.0,0.0,model,28.0,3.6008550000000006,4.226634720022539,0.9428571428571428,0.75,0.801378,0.35806476,1.8457212
2022,28,0.007,2.0,0.16,12.0,0.08,model,28.0,3.638340000000001,4.253857620560426,0.9428571428571428,0.75,0.82124934,0.37921446,1.8858690000000002
2022,28,0.007,2.0,0.16,,0.16,model,28.0,3.6525249999999985,4.265470370017824,0.9428571428571428,0.8,0.81243006,0.44251576000000004,1.8248092200000001
2022,5,0.01,1.0,0.16,12.0,0.04,model,5.0,9.301550000000002,11.333923965158759,0.7639097744360903,0.65,0.11967986000000001,2.9319813999999997,3.4860863600000003
2022,5,0.01,1.0,0.16,6.0,0.04,model,5.0,9.545895,11.528030015466651,0.7503759398496239,0.6,0.09607949999999997,3.06550292,3.6482864800000003
2022,5,0.01,1.0,0.16,24.0,0.04,model,5.0,9.175370000000001,11.234797269198943,0.7639097744360903,0.65,0.15038414000000003,2.8378757199999995,3.4052725399999995
2022,5,0.01,1.0,0.16,38.0,0.04,model,5.0,9.12852,11.201859590130558,0.7639097744360903,0.7,0.16267988,2.791371,3.3681759999999996
2022,5,0.01,1.0,0.16,12.0,0.0,model,5.0,9.301550000000002,11.333923965158759,0.7639097744360903,0.65,0.11967986000000001,2.9319813999999997,3.4860863600000003
2022,5,0.01,1.0,0.16,12.0,0.08,model,5.0,9.301550000000002,11.333923965158759,0.7639097744360903,0.65,0.11967986000000001,2.9319813999999997,3.4860863600000003
2022,5,0.01,1.0,0.16,,0.16,model,5.0,9.046714999999999,11.135349077442521,0.7774436090225564,0.7,0.18613518,2.7133337999999996,3.31311018
2022,10,0.01,1.0,0.16,12.0,0.04,model,9.9,8.949095000000002,10.38905292249972,0.7563909774436091,0.45,0.12764308,2.3228967799999998,3.02847582
2022,10,0.01,1.0,0.16,6.0,0.04,model,9.9,8.949095000000002,10.38905292249972,0.7563909774436091,0.45,0.12764308,2.3228967799999998,3.02847582
2022,10,0.01,1.0,0.16,24.0,0.04,model,9.9,8.829845,10.2444827768658,0.7578947368421052,0.5,0.14265963999999998,2.18646934,2.9015283399999996
2022,10,0.01,1.0,0.16,38.0,0.04,model,9.9,8.790195,10.186475663667979,0.7563909774436091,0.5,0.14726124,2.1142078800000004,2.8233545799999997
2022,10,0.01,1.0,0.16,12.0,0.0,model,9.9,8.975459999999998,10.424646861644764,0.7639097744360903,0.45,0.12785748,2.35017104,3.02655796
2022,10,0.01,1.0,0.16,12.0,0.08,model,9.9,8.858690000000001,10.280380434108459,0.7533834586466165,0.5,0.1338554,2.2358346,2.94519208
2022,10,0.01,1.0,0.16,,0.16,model,9.9,8.72081,10.089330695095686,0.7609022556390977,0.65,0.17384194000000003,1.9755822,2.6827135800000006
2022,19,0.01,1.0,0.16,12.0,0.04,model,18.9,4.70996,5.899600245101357,0.8992481203007519,0.75,1.2371205200000002,0.21962568000000002,2.7806751400000005
2022,19,0.01,1.0,0.16,6.0,0.04,model,18.9,4.70996,5.899600245101357,0.8992481203007519,0.75,1.2371205200000002,0.21962568000000002,2.7806751400000005
2022,19,0.01,1.0,0.16,24.0,0.04,model,18.9,4.70996,5.899600245101357,0.8992481203007519,0.75,1.2371205200000002,0.21962568000000002,2.7806751400000005
2022,19,0.01,1.0,0.16,38.0,0.04,model,18.9,4.684965000000002,5.875845604378999,0.8992481203007519,0.75,1.2442324,0.24238627999999995,2.7359908599999994
2022,19,0.01,1.0,0.16,12.0,0.0,model,18.9,4.708259999999999,5.898213705945216,0.8992481203007519,0.75,1.2195087599999999,0.21363284,2.82879648
2022,19,0.01,1.0,0.16,12.0,0.08,model,18.9,4.683995,5.875953171911771,0.8992481203007519,0.75,1.2453321,0.243065,2.7392731200000004
2022,19,0.01,1.0,0.16,,0.16,model,18.9,4.683605,5.87735153045145,0.8992481203007519,0.75,1.19244948,0.30905395999999996,2.61299732
2022,28,0.01,1.0,0.16,12.0,0.04,model,28.0,3.7674399999999992,4.403696925992978,0.9428571428571428,0.75,0.8945868800000001,0.412707,1.8625318799999997
2022,28,0.01,1.0,0.16,6.0,0.04,model,28.0,3.7674399999999992,4.403696925992978,0.9428571428571428,0.75,0.8945868800000001,0.412707,1.8625318799999997
2022,28,0.01,1.0,0.16,24.0,0.04,model,28.0,3.7674399999999992,4.403696925992978,0.9428571428571428,0.75,0.8945868800000001,0.412707,1.8625318799999997
2022,28,0.01,1.0,0.16,38.0,0.04,model,28.0,3.7657249999999998,4.404223169470411,0.9428571428571428,0.75,0.89084552,0.4105078,1.86273278
2022,28,0.01,1.0,0.16,12.0,0.0,model,28.0,3.7677649999999985,4.391081591533001,0.9428571428571428,0.75,0.8863129799999999,0.40088406,1.8532039
2022,28,0.01,1.0,0.16,12.0,0.08,model,28.0,3.772239999999999,4.414477240512176,0.9428571428571428,0.75,0.89097902,0.42983632000000005,1.86441656
2022,28,0.01,1.0,0.16,,0.16,model,28.0,3.775895000000001,4.42695442923236,0.9428571428571428,0.75,0.8936509000000001,0.47212867999999997,1.8306171799999997
2022,5,0.007,3.0,0.16,12.0,0.04,model,5.0,9.039604999999998,11.628410706347623,0.7578947368421052,0.7,0.10560118,2.8324961,3.6935651199999997
2022,5,0.007,3.0,0.16,6.0,0.04,model,5.0,9.23139,11.76418365365825,0.7699248120300751,0.65,0.08744110000000002,2.9333070599999997,3.76490422
2022,5,0.007,3.0,0.16,24.0,0.04,model,5.0,8.934985000000001,11.51768222414996,0.7578947368421052,0.7,0.13262724,2.75075036,3.5891651600000003
2022,5,0.007,3.0,0.16,38.0,0.04,model,5.0,8.891794999999998,11.47577097695401,0.7578947368421052,0.7,0.14233927999999998,2.6995975800000003,3.5624095000000002
2022,5,0.007,3.0,0.16,12.0,0.0,model,5.0,9.039604999999998,11.628410706347623,0.7578947368421052,0.7,0.10560118,2.8324961,3.6935651199999997
2022,5,0.007,3.0,0.16,12.0,0.08,model,5.0,9.039604999999998,11.628410706347623,0.7578947368421052,0.7,0.10560118,2.8324961,3.6935651199999997
2022,5,0.007,3.0,0.16,,0.16,model,5.0,8.835284999999999,11.41616056148038,0.7578947368421052,0.7,0.16310033999999998,2.6379260799999993,3.5295788200000002
2022,10,0.007,3.0,0.16,12.0,0.04,model,9.9,8.459790000000002,10.002352052892359,0.7654135338345864,0.5,0.09770796,2.1478517800000003,2.9243936600000002
2022,10,0.007,3.0,0.16,6.0,0.04,model,9.9,8.459790000000002,10.002352052892359,0.7654135338345864,0.5,0.09770796,2.1478517800000003,2.9243936600000002
2022,10,0.007,3.0,0.16,24.0,0.04,model,9.9,8.3372,9.851739397030354,0.7819548872180451,0.55,0.10425374,2.03087458,2.8063200600000004
2022,10,0.007,3.0,0.16,38.0,0.04,model,9.9,8.299645000000002,9.797786064183072,0.7849624060150376,0.55,0.11536196,1.9676436,2.74524644
2022,10,0.007,3.0,0.16,12.0,0.0,model,9.9,8.469625,10.019703212346164,0.7699248120300751,0.5,0.09391131999999996,2.1735773,2.94490514
2022,10,0.007,3.0,0.16,12.0,0.08,model,9.9,8.364690000000001,9.885287344179734,0.7849624060150376,0.55,0.09903953999999998,2.08425236,2.8310007799999997
2022,10,0.007,3.0,0.16,,0.16,model,9.9,8.229160000000002,9.67861963076347,0.7849624060150376,0.6,0.14049817999999997,1.8563142399999994,2.62601706
2022,19,0.007,3.0,0.16,12.0,0.04,model,18.9,4.928799999999999,5.936233397955307,0.8992481203007519,0.7,1.30543462,0.21547958,2.8610805
2022,19,0.007,3.0,0.16,6.0,0.04,model,18.9,4.928799999999999,5.936233397955307,0.8992481203007519,0.7,1.30543462,0.21547958,2.8610805
2022,19,0.007,3.0,0.16,24.0,0.04,model,18.9,4.928799999999999,5.936233397955307,0.8992481203007519,0.7,1.30543462,0.21547958,2.8610805
2022,19,0.007,3.0,0.16,38.0,0.04,model,18.9,4.93367,5.930980236352165,0.8992481203007519,0.7,1.31002538,0.23425774000000005,2.8139594399999996
2022,19,0.007,3.0,0.16,12.0,0.0,model,18.9,4.932319999999999,5.9586241746732105,0.8992481203007519,0.7,1.33193252,0.20912449999999994,2.89824576
2022,19,0.007,3.0,0.16,12.0,0.08,model,18.9,4.93399,5.931722578138664,0.8992481203007519,0.7,1.3130863000000002,0.23518170000000002,2.8139952799999994
2022,19,0.007,3.0,0.16,,0.16,model,18.9,4.930574999999999,5.91218533484024,0.8992481203007519,0.8,1.2613086999999998,0.29076763999999994,2.69851556
2022,28,0.007,3.0,0.16,12.0,0.04,model,28.0,3.5630600000000014,4.191098812364128,0.9473684210526315,0.75,0.8036584200000001,0.34743371999999995,1.8606593
2022,28,0.007,3.0,0.16,6.0,0.04,model,28.0,3.5630600000000014,4.191098812364128,0.9473684210526315,0.75,0.8036584200000001,0.34743371999999995,1.8606593
2022,28,0.007,3.0,0.16,24.0,0.04,model,28.0,3.5630600000000014,4.191098812364128,0.9473684210526315,0.75,0.8036584200000001,0.34743371999999995,1.8606593
2022,28,0.007,3.0,0.16,38.0,0.04,model,28.0,3.5666950000000006,4.194628603404597,0.9473684210526315,0.75,0.80340488,0.3500693999999999,1.87099586
2022,28,0.007,3.0,0.16,12.0,0.0,model,28.0,3.542710000000001,4.1797973357568425,0.9473684210526315,0.75,0.8037852200000001,0.33692392,1.84824402
2022,28,0.007,3.0,0.16,12.0,0.08,model,28.0,3.586620000000001,4.209025007884843,0.9473684210526315,0.75,0.8186881400000001,0.36511861999999995,1.8752288200000002
2022,28,0.007,3.0,0.16,,0.16,model,28.0,3.603465,4.220620065997413,0.9473684210526315,0.8,0.80708514,0.4274376200000001,1.8279258600000001
2022,5,0.01,2.0,0.16,12.0,0.04,model,5.0,8.95593,11.379656483831134,0.7909774436090224,0.7,0.12874917999999996,2.78779,3.5883287
2022,5,0.01,2.0,0.16,6.0,0.04,model,5.0,9.165699999999998,11.541114756556231,0.7744360902255639,0.7,0.10930481999999997,2.89927852,3.6866884399999997
2022,5,0.01,2.0,0.16,24.0,0.04,model,5.0,8.84582,11.281491751005273,0.7744360902255639,0.7,0.15491435999999997,2.69133424,3.51534096
2022,5,0.01,2.0,0.16,38.0,0.04,model,5.0,8.796679999999999,11.243622341709987,0.7744360902255639,0.7,0.16721230000000004,2.65619406,3.4852381000000006
2022,5,0.01,2.0,0.16,12.0,0.0,model,5.0,8.95593,11.379656483831134,0.7909774436090224,0.7,0.12874917999999996,2.78779,3.5883287
2022,5,0.01,2.0,0.16,12.0,0.08,model,5.0,8.95593,11.379656483831134,0.7909774436090224,0.7,0.12874917999999996,2.78779,3.5883287
2022,5,0.01,2.0,0.16,,0.16,model,5.0,8.715095000000002,11.172458996545926,0.7744360902255639,0.7,0.19162808000000003,2.5737848999999993,3.43275162
2022,10,0.01,2.0,0.16,12.0,0.04,model,9.9,8.418415000000001,9.938118696639721,0.7834586466165413,0.55,0.12076704,2.0382889400000006,2.92589116
2022,10,0.01,2.0,0.16,6.0,0.04,model,9.9,8.418415000000001,9.938118696639721,0.7834586466165413,0.55,0.12076704,2.0382889400000006,2.92589116
2022,10,0.01,2.0,0.16,24.0,0.04,model,9.9,8.298835,9.784729382026875,0.7954887218045112,0.55,0.1343226,1.9198120000000003,2.8243725800000004
2022,10,0.01,2.0,0.16,38.0,0.04,model,9.9,8.266200000000001,9.743241939672853,0.7954887218045112,0.55,0.13990411999999997,1.85664226,2.7482924599999996
2022,10,0.01,2.0,0.16,12.0,0.0,model,9.9,8.444805000000002,9.974746947040813,0.7834586466165413,0.5,0.12371906,2.05994136,2.95377102
2022,10,0.01,2.0,0.16,12.0,0.08,model,9.9,8.32599,9.81703989229951,0.7834586466165413,0.55,0.13195172,1.95046326,2.8492488400000004
2022,10,0.01,2.0,0.16,,0.16,model,9.9,8.19137,9.620103775323841,0.7954887218045112,0.65,0.16232111999999999,1.7433247599999997,2.6307802799999997
2022,19,0.01,2.0,0.16,12.0,0.04,model,18.9,4.944574999999999,5.9674248328319965,0.8992481203007519,0.7,1.3558975599999998,0.18218811999999995,2.8336129399999996
2022,19,0.01,2.0,0.16,6.0,0.04,model,18.9,4.944574999999999,5.9674248328319965,0.8992481203007519,0.7,1.3558975599999998,0.18218811999999995,2.8336129399999996
2022,19,0.01,2.0,0.16,24.0,0.04,model,18.9,4.944574999999999,5.9674248328319965,0.8992481203007519,0.7,1.3558975599999998,0.18218811999999995,2.8336129399999996
2022,19,0.01,2.0,0.16,38.0,0.04,model,18.9,4.956365000000001,5.96818575259685,0.8992481203007519,0.7,1.35370662,0.20207966000000002,2.80461216
2022,19,0.01,2.0,0.16,12.0,0.0,model,18.9,4.966595000000001,5.993699818517774,0.8992481203007519,0.7,1.3553065199999998,0.17678862000000006,2.8830703
2022,19,0.01,2.0,0.16,12.0,0.08,model,18.9,4.957215000000001,5.969374647858852,0.8992481203007519,0.7,1.35374068,0.20143778,2.80357956
2022,19,0.01,2.0,0.16,,0.16,model,18.9,4.9470149999999995,5.948009508692802,0.9037593984962405,0.75,1.2922917200000001,0.25257976,2.69275166
2022,28,0.01,2.0,0.16,12.0,0.04,model,28.0,3.604775000000001,4.252946166659061,0.9473684210526315,0.75,0.8337278599999999,0.39543471999999996,1.8185748
2022,28,0.01,2.0,0.16,6.0,0.04,model,28.0,3.604775000000001,4.252946166659061,0.9473684210526315,0.75,0.8337278599999999,0.39543471999999996,1.8185748
2022,28,0.01,2.0,0.16,24.0,0.04,model,28.0,3.604775000000001,4.252946166659061,0.9473684210526315,0.75,0.8337278599999999,0.39543471999999996,1.8185748
2022,28,0.01,2.0,0.16,38.0,0.04,model,28.0,3.6033350000000013,4.252174343027341,0.9473684210526315,0.75,0.8355366599999999,0.39825350000000004,1.8184594200000002
2022,28,0.01,2.0,0.16,12.0,0.0,model,28.0,3.6023100000000015,4.244823348267865,0.9473684210526315,0.75,0.8408451199999999,0.3767212199999999,1.8130282600000003
2022,28,0.01,2.0,0.16,12.0,0.08,model,28.0,3.6225700000000005,4.259728515762477,0.9473684210526315,0.75,0.8275411399999999,0.40751234,1.8337271800000003
2022,28,0.01,2.0,0.16,,0.16,model,28.0,3.636985,4.275021342461345,0.9473684210526315,0.75,0.84812294,0.44887274,1.7914512600000003
2022,5,0.01,3.0,0.16,12.0,0.04,model,5.0,8.843405,11.48984906578411,0.7578947368421052,0.7,0.13268368,2.67975698,3.6262821600000006
2022,5,0.01,3.0,0.16,6.0,0.04,model,5.0,9.012955,11.630034794595414,0.7563909774436091,0.7,0.11568973999999997,2.80844776,3.7251152
2022,5,0.01,3.0,0.16,24.0,0.04,model,5.0,8.743455,11.390138574508212,0.7578947368421052,0.7,0.16821046,2.61028544,3.56158528
2022,5,0.01,3.0,0.16,38.0,0.04,model,5.0,8.710115000000002,11.35530749603462,0.7729323308270677,0.7,0.17215622,2.5713542600000006,3.5092188600000007
2022,5,0.01,3.0,0.16,12.0,0.0,model,5.0,8.843405,11.48984906578411,0.7578947368421052,0.7,0.13268368,2.67975698,3.6262821600000006
2022,5,0.01,3.0,0.16,12.0,0.08,model,5.0,8.843405,11.48984906578411,0.7578947368421052,0.7,0.13268368,2.67975698,3.6262821600000006
2022,5,0.01,3.0,0.16,,0.16,model,5.0,8.652300000000002,11.303247229933529,0.7729323308270677,0.7,0.19533871999999994,2.52122634,3.4907732599999997
2022,10,0.01,3.0,0.16,12.0,0.04,model,9.9,8.120735,9.709506484034089,0.7984962406015037,0.55,0.12456059999999997,1.87571266,2.85989438
2022,10,0.01,3.0,0.16,6.0,0.04,model,9.9,8.120735,9.709506484034089,0.7984962406015037,0.55,0.12456059999999997,1.87571266,2.85989438
2022,10,0.01,3.0,0.16,24.0,0.04,model,9.9,8.01094,9.567579253813369,0.8165413533834586,0.55,0.13370022,1.78810976,2.7644487399999997
2022,10,0.01,3.0,0.16,38.0,0.04,model,9.9,7.97275,9.513168433072126,0.8165413533834586,0.55,0.14482527999999995,1.7139654799999997,2.7090801399999997
2022,10,0.01,3.0,0.16,12.0,0.0,model,9.9,8.146085000000001,9.740479945079707,0.7984962406015037,0.55,0.12201713999999998,1.8847853399999996,2.867953
2022,10,0.01,3.0,0.16,12.0,0.08,model,9.9,8.043444999999998,9.603083761245657,0.8165413533834586,0.55,0.13464283999999996,1.8302976400000002,2.7976326
2022,10,0.01,3.0,0.16,,0.16,model,9.9,7.885820000000001,9.382142082008777,0.8165413533834586,0.65,0.158763,1.64124578,2.5885437400000004
2022,19,0.01,3.0,0.16,12.0,0.04,model,18.9,5.119014999999999,6.054645799342848,0.9022556390977443,0.7,1.39794432,0.1740468,2.86953894
2022,19,0.01,3.0,0.16,6.0,0.04,model,18.9,5.119014999999999,6.054645799342848,0.9022556390977443,0.7,1.39794432,0.1740468,2.86953894
2022,19,0.01,3.0,0.16,24.0,0.04,model,18.9,5.119014999999999,6.054645799342848,0.9022556390977443,0.7,1.39794432,0.1740468,2.86953894
2022,19,0.01,3.0,0.16,38.0,0.04,model,18.9,5.08852,6.0440392319209835,0.8992481203007519,0.7,1.3711099400000002,0.1826313,2.8418023799999994
2022,19,0.01,3.0,0.16,12.0,0.0,model,18.9,5.152304999999998,6.084380027537727,0.9022556390977443,0.7,1.4110013000000001,0.1669955,2.9014226800000005
2022,19,0.01,3.0,0.16,12.0,0.08,model,18.9,5.08866,6.043493216592537,0.8992481203007519,0.7,1.3698293000000001,0.18142412000000005,2.8443279199999996
2022,19,0.01,3.0,0.16,,0.16,model,18.9,5.057925,6.01631846485041,0.9022556390977443,0.75,1.3548459999999998,0.2346139,2.70958804
2022,28,0.01,3.0,0.16,12.0,0.04,model,28.0,3.548539999999999,4.199541366268464,0.9473684210526315,0.75,0.80340488,0.38335098,1.82007112
2022,28,0.01,3.0,0.16,6.0,0.04,model,28.0,3.548539999999999,4.199541366268464,0.9473684210526315,0.75,0.80340488,0.38335098,1.82007112
2022,28,0.01,3.0,0.16,24.0,0.04,model,28.0,3.548539999999999,4.199541366268464,0.9473684210526315,0.75,0.80340488,0.38335098,1.82007112
2022,28,0.01,3.0,0.16,38.0,0.04,model,28.0,3.5499550000000015,4.2001002930287274,0.9473684210526315,0.75,0.8036584200000001,0.3884201599999999,1.8182381799999998
2022,28,0.01,3.0,0.16,12.0,0.0,model,28.0,3.526275000000001,4.186262690455534,0.9473684210526315,0.75,0.8001125,0.37635488000000006,1.8009990000000002
2022,28,0.01,3.0,0.16,12.0,0.08,model,28.0,3.571894999999999,4.210203833129698,0.9473684210526315,0.75,0.8110285400000001,0.39935838,1.83799968
2022,28,0.01,3.0,0.16,,0.16,model,28.0,3.581509999999999,4.218118597787405,0.9473684210526315,0.75,0.8262551400000001,0.45035978,1.78046962
2023,5,0.003,1.0,0.16,12.0,0.04,model,4.9,7.562900000000001,9.613998272207043,0.8414327538799691,0.75,0.12644408000000001,1.52042572,0.63888994
2023,5,0.003,1.0,0.16,6.0,0.04,model,4.9,7.590749999999997,9.555815210122052,0.8233536257751174,0.65,0.09464544000000001,1.5096165,0.5870226
2023,5,0.003,1.0,0.16,24.0,0.04,model,4.9,7.581484999999998,9.671950572273412,0.8414327538799691,0.8,0.16046688,1.51805428,0.7068042399999999
2023,5,0.003,1.0,0.16,38.0,0.04,model,4.9,7.597964999999998,9.690176635773984,0.8414327538799691,0.8,0.17607853999999998,1.5321356199999998,0.7206499999999999
2023,5,0.003,1.0,0.16,12.0,0.0,model,4.9,7.562900000000001,9.613998272207043,0.8414327538799691,0.75,0.12644408000000001,1.52042572,0.63888994
2023,5,0.003,1.0,0.16,12.0,0.08,model,4.9,7.562900000000001,9.613998272207043,0.8414327538799691,0.75,0.12644408000000001,1.52042572,0.63888994
2023,5,0.003,1.0,0.16,,0.16,model,4.9,7.618989999999999,9.718233587334685,0.8414327538799691,0.8,0.19863646000000001,1.5220234400000001,0.7561037199999999
2023,10,0.003,1.0,0.16,12.0,0.04,model,10.0,6.315519999999998,8.156368476534148,0.8745778220721971,0.8,0.14610353999999998,1.2735826600000002,0.2679335199999999
2023,10,0.003,1.0,0.16,6.0,0.04,model,10.0,6.315519999999998,8.156368476534148,0.8745778220721971,0.8,0.14610353999999998,1.2735826600000002,0.2679335199999999
2023,10,0.003,1.0,0.16,24.0,0.04,model,10.0,6.30639,8.14044323363292,0.8745778220721971,0.8,0.1578235,1.2214108799999999,0.3166530999999999
2023,10,0.003,1.0,0.16,38.0,0.04,model,10.0,6.349760000000001,8.164162818746329,0.8745778220721971,0.8,0.16740886000000002,1.2002707,0.3421595
2023,10,0.003,1.0,0.16,12.0,0.0,model,10.0,6.327825,8.170507077684958,0.8745778220721971,0.8,0.15280005999999996,1.28992088,0.26581892
2023,10,0.003,1.0,0.16,12.0,0.08,model,10.0,6.29756,8.138565576930617,0.8745778220721971,0.8,0.15292332000000003,1.23076056,0.30450653999999994
2023,10,0.003,1.0,0.16,,0.16,model,10.0,6.386889999999999,8.169461283462944,0.8866305741420982,0.8,0.19690332,1.1798566600000002,0.4032858200000001
2023,19,0.003,1.0,0.16,12.0,0.04,model,18.8,5.309045000000001,6.620989716537855,0.9273086123780142,0.7,0.4334956599999999,0.33742718,0.14520242
2023,19,0.003,1.0,0.16,6.0,0.04,model,18.8,5.309045000000001,6.620989716537855,0.9273086123780142,0.7,0.4334956599999999,0.33742718,0.14520242
2023,19,0.003,1.0,0.16,24.0,0.04,model,18.8,5.309045000000001,6.620989716537855,0.9273086123780142,0.7,0.4334956599999999,0.33742718,0.14520242
2023,19,0.003,1.0,0.16,38.0,0.04,model,18.8,5.429064999999999,6.690024176675298,0.9273086123780142,0.7,0.44810858,0.32442822,0.16128290000000003
2023,19,0.003,1.0,0.16,12.0,0.0,model,18.8,5.199985,6.56517963809826,0.9273086123780142,0.75,0.42483388,0.36969295999999996,0.12618362000000002
2023,19,0.003,1.0,0.16,12.0,0.08,model,18.8,5.42632,6.688235631465148,0.9273086123780142,0.7,0.44567632,0.32451566000000004,0.1633092
2023,19,0.003,1.0,0.16,,0.16,model,18.8,5.68439,6.865027429806817,0.9273086123780142,0.8,0.46029526000000004,0.32803614,0.24081770000000002
2023,28,0.003,1.0,0.16,12.0,0.04,model,27.9,3.5495349999999988,4.411453072231415,0.9378547704391778,0.65,0.7134478399999999,0.8659009199999999,0.05100168
2023,28,0.003,1.0,0.16,6.0,0.04,model,27.9,3.5495349999999988,4.411453072231415,0.9378547704391778,0.65,0.7134478399999999,0.8659009199999999,0.05100168
2023,28,0.003,1.0,0.16,24.0,0.04,model,27.9,3.5495349999999988,4.411453072231415,0.9378547704391778,0.65,0.7134478399999999,0.8659009199999999,0.05100168
2023,28,0.003,1.0,0.16,38.0,0.04,model,27.9,3.5480850000000004,4.40912215259455,0.9378547704391778,0.65,0.7176926600000001,0.8649686600000001,0.05120268
2023,28,0.003,1.0,0.16,12.0,0.0,model,27.9,3.582680000000001,4.447409212339248,0.9378547704391778,0.65,0.7083019800000001,0.8380837400000001,0.04527102000000001
2023,28,0.003,1.0,0.16,12.0,0.08,model,27.9,3.541955,4.398227495878311,0.9378547704391778,0.7,0.7123421600000001,0.8700931399999998,0.06193769999999999
2023,28,0.003,1.0,0.16,,0.16,model,27.9,3.516659999999999,4.359462136433805,0.9378547704391778,0.7,0.68781552,0.8799007,0.09146463999999999
2023,5,0.003,2.0,0.16,12.0,0.04,model,4.9,7.57585,9.584724630786218,0.8233536257751174,0.75,0.13469920000000002,1.5290038199999998,0.5521176999999999
2023,5,0.003,2.0,0.16,6.0,0.04,model,4.9,7.579364999999998,9.533912837681074,0.8278734078013303,0.7,0.09520172,1.51686282,0.48988496
2023,5,0.003,2.0,0.16,24.0,0.04,model,4.9,7.584180000000001,9.641809097259705,0.8233536257751174,0.8,0.15870528,1.5423546799999999,0.5989309399999999
2023,5,0.003,2.0,0.16,38.0,0.04,model,4.9,7.5884149999999995,9.658912544924506,0.8233536257751174,0.8,0.17150162,1.54968928,0.61157434
2023,5,0.003,2.0,0.16,12.0,0.0,model,4.9,7.57585,9.584724630786218,0.8233536257751174,0.75,0.13469920000000002,1.5290038199999998,0.5521176999999999
2023,5,0.003,2.0,0.16,12.0,0.08,model,4.9,7.57585,9.584724630786218,0.8233536257751174,0.75,0.13469920000000002,1.5290038199999998,0.5521176999999999
2023,5,0.003,2.0,0.16,,0.16,model,4.9,7.606869999999999,9.691449953077196,0.8233536257751174,0.8,0.20313424,1.5411004000000001,0.64916844
2023,10,0.003,2.0,0.16,12.0,0.04,model,10.0,6.291250000000001,8.280407268425874,0.8738245250678283,0.75,0.17456354000000002,1.2856311399999998,0.23680511999999995
2023,10,0.003,2.0,0.16,6.0,0.04,model,10.0,6.291250000000001,8.280407268425874,0.8738245250678283,0.75,0.17456354000000002,1.2856311399999998,0.23680511999999995
2023,10,0.003,2.0,0.16,24.0,0.04,model,10.0,6.279245000000001,8.258679511247546,0.8851239801333605,0.8,0.18534796000000003,1.2361585,0.28074624000000004
2023,10,0.003,2.0,0.16,38.0,0.04,model,10.0,6.2839100000000006,8.253611546105136,0.8851239801333605,0.8,0.19887655999999995,1.1979762200000001,0.31545090000000003
2023,10,0.003,2.0,0.16,12.0,0.0,model,10.0,6.305680000000001,8.297754994093284,0.8738245250678283,0.75,0.18119229999999997,1.30279348,0.2320803
2023,10,0.003,2.0,0.16,12.0,0.08,model,10.0,6.27557,8.258481840992324,0.8723179310590907,0.75,0.17658349999999998,1.2442758999999999,0.26326935999999995
2023,10,0.003,2.0,0.16,,0.16,model,10.0,6.338415,8.260292585284132,0.8851239801333605,0.8,0.22867912,1.1788413599999998,0.3835352999999999
2023,19,0.003,2.0,0.16,12.0,0.04,model,18.8,5.501159999999999,6.589690952313318,0.928815206386752,0.75,0.4694218399999999,0.27307912,0.12262018
2023,19,0.003,2.0,0.16,6.0,0.04,model,18.8,5.501159999999999,6.589690952313318,0.928815206386752,0.75,0.4694218399999999,0.27307912,0.12262018
2023,19,0.003,2.0,0.16,24.0,0.04,model,18.8,5.501159999999999,6.589690952313318,0.928815206386752,0.75,0.4694218399999999,0.27307912,0.12262018
2023,19,0.003,2.0,0.16,38.0,0.04,model,18.8,5.6194549999999985,6.6654032087713935,0.928815206386752,0.75,0.47738534,0.27506400000000003,0.14698362
2023,19,0.003,2.0,0.16,12.0,0.0,model,18.8,5.394270000000001,6.534930361296897,0.928815206386752,0.75,0.47375194,0.30991928,0.11405547999999999
2023,19,0.003,2.0,0.16,12.0,0.08,model,18.8,5.614695,6.6625639375918935,0.928815206386752,0.75,0.47972184,0.27314494,0.14620753999999997
2023,19,0.003,2.0,0.16,,0.16,model,18.8,5.8700600000000005,6.85173861439562,0.9333349884129647,0.85,0.49609537999999986,0.2806771,0.21785333999999998
2023,28,0.003,2.0,0.16,12.0,0.04,model,27.9,3.4981550000000015,4.3573792356759595,0.9363481764304401,0.7,0.8135915599999999,0.86175398,0.04572024000000002
2023,28,0.003,2.0,0.16,6.0,0.04,model,27.9,3.4981550000000015,4.3573792356759595,0.9363481764304401,0.7,0.8135915599999999,0.86175398,0.04572024000000002
2023,28,0.003,2.0,0.16,24.0,0.04,model,27.9,3.4981550000000015,4.3573792356759595,0.9363481764304401,0.7,0.8135915599999999,0.86175398,0.04572024000000002
2023,28,0.003,2.0,0.16,38.0,0.04,model,27.9,3.4935850000000004,4.35359315732419,0.9363481764304401,0.7,0.8209059000000001,0.8548015399999999,0.04610965999999999
2023,28,0.003,2.0,0.16,12.0,0.0,model,27.9,3.521095,4.3864424017077885,0.9363481764304401,0.7,0.80323488,0.8255343000000002,0.04175917999999999
2023,28,0.003,2.0,0.16,12.0,0.08,model,27.9,3.4775850000000004,4.336922651431542,0.9363481764304401,0.7,0.79569118,0.86410508,0.05237964000000002
2023,28,0.003,2.0,0.16,,0.16,model,27.9,3.4940200000000003,4.301736671159684,0.9363481764304401,0.7,0.7670664399999999,0.85825738,0.07987106000000001
2023,5,0.0045,1.0,0.16,12.0,0.04,model,4.9,7.948505,9.900780733886595,0.8241069227794863,0.8,0.17316849999999998,1.6061253999999998,0.5294474400000001
2023,5,0.0045,1.0,0.16,6.0,0.04,model,4.9,7.9354,9.829299536945651,0.8241069227794863,0.75,0.13731334,1.5812032400000002,0.46683762000000006
2023,5,0.0045,1.0,0.16,24.0,0.04,model,4.9,7.980875000000003,9.945184861806238,0.8241069227794863,0.8,0.20624216000000004,1.5888517599999998,0.5921413799999999
2023,5,0.0045,1.0,0.16,38.0,0.04,model,4.9,7.9931849999999995,9.965415604303717,0.842186050884338,0.8,0.22018446000000005,1.5929002399999999,0.6122022600000001
2023,5,0.0045,1.0,0.16,12.0,0.0,model,4.9,7.948505,9.900780733886595,0.8241069227794863,0.8,0.17316849999999998,1.6061253999999998,0.5294474400000001
2023,5,0.0045,1.0,0.16,12.0,0.08,model,4.9,7.948505,9.900780733886595,0.8241069227794863,0.8,0.17316849999999998,1.6061253999999998,0.5294474400000001
2023,5,0.0045,1.0,0.16,,0.16,model,4.9,8.037775,10.011206364544684,0.8241069227794863,0.8,0.25002441999999997,1.5921590999999997,0.6577112
2023,10,0.0045,1.0,0.16,12.0,0.04,model,10.0,6.471095,8.513613150566567,0.8866305741420982,0.7,0.21466933999999996,1.2930770799999998,0.2091597
2023,10,0.0045,1.0,0.16,6.0,0.04,model,10.0,6.471095,8.513613150566567,0.8866305741420982,0.7,0.21466933999999996,1.2930770799999998,0.2091597
2023,10,0.0045,1.0,0.16,24.0,0.04,model,10.0,6.442359999999999,8.496062536434154,0.8866305741420982,0.7,0.22358034,1.2371911,0.25586753999999995
2023,10,0.0045,1.0,0.16,38.0,0.04,model,10.0,6.44417,8.492551814030927,0.8866305741420982,0.7,0.23800554000000002,1.2223139,0.28209681999999997
2023,10,0.0045,1.0,0.16,12.0,0.0,model,10.0,6.472720000000001,8.510163669518937,0.8738245250678283,0.7,0.21700888000000002,1.3149960799999998,0.20277644
2023,10,0.0045,1.0,0.16,12.0,0.08,model,10.0,6.4445049999999995,8.49144144674507,0.8866305741420982,0.7,0.2183141,1.25974002,0.23826978
2023,10,0.0045,1.0,0.16,,0.16,model,10.0,6.487425,8.5043125019898,0.8821107921158853,0.8,0.27319356,1.2055592400000001,0.35676252
2023,19,0.0045,1.0,0.16,12.0,0.04,model,18.8,5.66902,6.806938156542925,0.9273086123780142,0.7,0.5033674,0.26903346000000006,0.12456576000000001
2023,19,0.0045,1.0,0.16,6.0,0.04,model,18.8,5.66902,6.806938156542925,0.9273086123780142,0.7,0.5033674,0.26903346000000006,0.12456576000000001
2023,19,0.0045,1.0,0.16,24.0,0.04,model,18.8,5.66902,6.806938156542925,0.9273086123780142,0.7,0.5033674,0.26903346000000006,0.12456576000000001
2023,19,0.0045,1.0,0.16,38.0,0.04,model,18.8,5.791735,6.883934876616717,0.9273086123780142,0.7,0.50985188,0.25511184000000003,0.14373819999999998
2023,19,0.0045,1.0,0.16,12.0,0.0,model,18.8,5.55498,6.740432703321057,0.9273086123780142,0.75,0.5005411200000001,0.2994096,0.11090973999999997
2023,19,0.0045,1.0,0.16,12.0,0.08,model,18.8,5.791105,6.883973183598264,0.9273086123780142,0.7,0.51020806,0.25711618,0.14343107999999996
2023,19,0.0045,1.0,0.16,,0.16,model,18.8,6.0484350000000004,7.079632313722233,0.928815206386752,0.75,0.53025748,0.28282132,0.21849339999999998
2023,28,0.0045,1.0,0.16,12.0,0.04,model,27.9,3.564585000000001,4.429843088361032,0.9363481764304401,0.7,0.8317634599999999,0.8119759,0.047120980000000014
2023,28,0.0045,1.0,0.16,6.0,0.04,model,27.9,3.564585000000001,4.429843088361032,0.9363481764304401,0.7,0.8317634599999999,0.8119759,0.047120980000000014
2023,28,0.0045,1.0,0.16,24.0,0.04,model,27.9,3.564585000000001,4.429843088361032,0.9363481764304401,0.7,0.8317634599999999,0.8119759,0.047120980000000014
2023,28,0.0045,1.0,0.16,38.0,0.04,model,27.9,3.5618099999999986,4.4279250812316135,0.9363481764304401,0.7,0.82555582,0.8092867600000001,0.04779512
2023,28,0.0045,1.0,0.16,12.0,0.0,model,27.9,3.5918599999999996,4.467110988659225,0.9363481764304401,0.7,0.8236487600000001,0.80639524,0.04175646000000001
2023,28,0.0045,1.0,0.16,12.0,0.08,model,27.9,3.542535000000001,4.407225043210296,0.9363481764304401,0.7,0.82366394,0.8334695400000002,0.05541602000000001
2023,28,0.0045,1.0,0.16,,0.16,model,27.9,3.5268749999999995,4.362945266961299,0.9363481764304401,0.7,0.79528776,0.8265766400000001,0.07984758000000002
2023,5,0.003,3.0,0.16,12.0,0.04,model,4.9,7.63374,9.622788741316105,0.8105475767008475,0.75,0.13299260000000004,1.55060862,0.5119229999999999
2023,5,0.003,3.0,0.16,6.0,0.04,model,4.9,7.639215,9.57552303190275,0.8150673587270605,0.7,0.09534800000000002,1.5342011800000002,0.45391992000000003
2023,5,0.003,3.0,0.16,24.0,0.04,model,4.9,7.6513950000000035,9.67533341324732,0.8105475767008475,0.8,0.16278008,1.55632164,0.55869516
2023,5,0.003,3.0,0.16,38.0,0.04,model,4.9,7.657835000000001,9.696517552941367,0.8233536257751174,0.8,0.17685062,1.5564994399999998,0.57606454
2023,5,0.003,3.0,0.16,12.0,0.0,model,4.9,7.63374,9.622788741316105,0.8105475767008475,0.75,0.13299260000000004,1.55060862,0.5119229999999999
2023,5,0.003,3.0,0.16,12.0,0.08,model,4.9,7.63374,9.622788741316105,0.8105475767008475,0.75,0.13299260000000004,1.55060862,0.5119229999999999
2023,5,0.003,3.0,0.16,,0.16,model,4.9,7.67102,9.733043538123109,0.8233536257751174,0.85,0.20301174000000002,1.5555804599999998,0.60800186
2023,10,0.003,3.0,0.16,12.0,0.04,model,10.0,6.306479999999999,8.412705409795352,0.8723179310590907,0.75,0.19786386,1.2838177400000002,0.23427074000000006
2023,10,0.003,3.0,0.16,6.0,0.04,model,10.0,6.306479999999999,8.412705409795352,0.8723179310590907,0.75,0.19786386,1.2838177400000002,0.23427074000000006
2023,10,0.003,3.0,0.16,24.0,0.04,model,10.0,6.2890749999999995,8.382152069397215,0.8723179310590907,0.75,0.21292937999999995,1.2332585999999999,0.2757755
2023,10,0.003,3.0,0.16,38.0,0.04,model,10.0,6.28425,8.36741207016841,0.8723179310590907,0.75,0.22843273999999994,1.1922131200000001,0.30762974
2023,10,0.003,3.0,0.16,12.0,0.0,model,10.0,6.306794999999999,8.414872745056813,0.8723179310590907,0.75,0.20078416000000002,1.2846457400000002,0.23238763999999998
2023,10,0.003,3.0,0.16,12.0,0.08,model,10.0,6.294835,8.401347064221309,0.8723179310590907,0.75,0.20653921999999997,1.23045984,0.26302472000000005
2023,10,0.003,3.0,0.16,,0.16,model,10.0,6.320635000000001,8.35364312228503,0.8723179310590907,0.8,0.25907339999999995,1.18845768,0.36501248000000003
2023,19,0.003,3.0,0.16,12.0,0.04,model,18.8,5.6092499999999985,6.606123588080986,0.928815206386752,0.75,0.49218530000000005,0.25176074,0.12001450000000001
2023,19,0.003,3.0,0.16,6.0,0.04,model,18.8,5.6092499999999985,6.606123588080986,0.928815206386752,0.75,0.49218530000000005,0.25176074,0.12001450000000001
2023,19,0.003,3.0,0.16,24.0,0.04,model,18.8,5.6092499999999985,6.606123588080986,0.928815206386752,0.75,0.49218530000000005,0.25176074,0.12001450000000001
2023,19,0.003,3.0,0.16,38.0,0.04,model,18.8,5.729285,6.684061502372641,0.928815206386752,0.8,0.5071273600000001,0.24544513999999998,0.1415079
2023,19,0.003,3.0,0.16,12.0,0.0,model,18.8,5.50076,6.5464081599759725,0.928815206386752,0.7,0.5027613000000001,0.27876367999999996,0.10688486
2023,19,0.003,3.0,0.16,12.0,0.08,model,18.8,5.7278649999999995,6.685137305284012,0.928815206386752,0.8,0.5063413800000001,0.24529227999999995,0.142114
2023,19,0.003,3.0,0.16,,0.16,model,18.8,5.972365000000001,6.874325689513117,0.9333349884129647,0.85,0.52537594,0.26491148,0.21590765999999997
2023,28,0.003,3.0,0.16,12.0,0.04,model,27.9,3.4805099999999998,4.34464121671744,0.9363481764304401,0.7,0.85248938,0.86866454,0.04267592000000001
2023,28,0.003,3.0,0.16,6.0,0.04,model,27.9,3.4805099999999998,4.34464121671744,0.9363481764304401,0.7,0.85248938,0.86866454,0.04267592000000001
2023,28,0.003,3.0,0.16,24.0,0.04,model,27.9,3.4805099999999998,4.34464121671744,0.9363481764304401,0.7,0.85248938,0.86866454,0.04267592000000001
2023,28,0.003,3.0,0.16,38.0,0.04,model,27.9,3.47807,4.342645194463854,0.9363481764304401,0.7,0.85632222,0.8623753399999999,0.044049
2023,28,0.003,3.0,0.16,12.0,0.0,model,27.9,3.4968449999999995,4.3649382469285865,0.9363481764304401,0.7,0.84658536,0.8181381200000002,0.03697198
2023,28,0.003,3.0,0.16,12.0,0.08,model,27.9,3.4668149999999995,4.3164068253004135,0.9363481764304401,0.7,0.8425245400000001,0.8636753999999999,0.050165199999999986
2023,28,0.003,3.0,0.16,,0.16,model,27.9,3.499250000000001,4.282596056365811,0.9386080674435467,0.7,0.81295454,0.84612858,0.07680398000000001
2023,5,0.0045,2.0,0.16,12.0,0.04,model,4.9,7.843934999999999,9.87004827609774,0.8067810916790035,0.8,0.17035440000000002,1.6060805799999998,0.45783261999999997
2023,5,0.0045,2.0,0.16,6.0,0.04,model,4.9,7.87185,9.819525710898668,0.8067810916790035,0.75,0.13029829999999998,1.5977056200000002,0.40214162000000003
2023,5,0.0045,2.0,0.16,24.0,0.04,model,4.9,7.855459999999999,9.91944439895703,0.8067810916790035,0.8,0.20682308000000002,1.5889867000000002,0.50651124
2023,5,0.0045,2.0,0.16,38.0,0.04,model,4.9,7.884979999999999,9.94987118524657,0.8067810916790035,0.8,0.21855661999999995,1.6005140399999997,0.52342802
2023,5,0.0045,2.0,0.16,12.0,0.0,model,4.9,7.843934999999999,9.87004827609774,0.8067810916790035,0.8,0.17035440000000002,1.6060805799999998,0.45783261999999997
2023,5,0.0045,2.0,0.16,12.0,0.08,model,4.9,7.843934999999999,9.87004827609774,0.8067810916790035,0.8,0.17035440000000002,1.6060805799999998,0.45783261999999997
2023,5,0.0045,2.0,0.16,,0.16,model,4.9,7.928720000000001,9.98649013758087,0.8067810916790035,0.85,0.24078606000000002,1.60592442,0.55901326
2023,10,0.0045,2.0,0.16,12.0,0.04,model,10.0,6.429990000000001,8.655824346068952,0.8685514460372465,0.7,0.24429532000000007,1.29409468,0.21110794
2023,10,0.0045,2.0,0.16,6.0,0.04,model,10.0,6.429990000000001,8.655824346068952,0.8685514460372465,0.7,0.24429532000000007,1.29409468,0.21110794
2023,10,0.0045,2.0,0.16,24.0,0.04,model,10.0,6.4215599999999995,8.62525334758348,0.8685514460372465,0.75,0.26085857999999995,1.2382924400000004,0.25000651999999995
2023,10,0.0045,2.0,0.16,38.0,0.04,model,10.0,6.440174999999999,8.611039556145355,0.8685514460372465,0.75,0.26729512000000005,1.2197964399999999,0.28264842
2023,10,0.0045,2.0,0.16,12.0,0.0,model,10.0,6.436010000000001,8.660660596571143,0.8685514460372465,0.7,0.25130372,1.3186537200000001,0.20938356000000002
2023,10,0.0045,2.0,0.16,12.0,0.08,model,10.0,6.407425000000001,8.632127249438577,0.8685514460372465,0.75,0.25532135999999994,1.25875714,0.24090822
2023,10,0.0045,2.0,0.16,,0.16,model,10.0,6.4839449999999985,8.598968364838889,0.8715646340547217,0.75,0.29881714,1.204047,0.34379765999999995
2023,19,0.0045,2.0,0.16,12.0,0.04,model,18.8,5.787549999999999,6.758257353859794,0.928815206386752,0.75,0.5324558400000001,0.22454021999999996,0.11895578000000001
2023,19,0.0045,2.0,0.16,6.0,0.04,model,18.8,5.787549999999999,6.758257353859794,0.928815206386752,0.75,0.5324558400000001,0.22454021999999996,0.11895578000000001
2023,19,0.0045,2.0,0.16,24.0,0.04,model,18.8,5.787549999999999,6.758257353859794,0.928815206386752,0.75,0.5324558400000001,0.22454021999999996,0.11895578000000001
2023,19,0.0045,2.0,0.16,38.0,0.04,model,18.8,5.908754999999999,6.839603988061005,0.928815206386752,0.8,0.5423307000000002,0.22038103999999994,0.13789011999999995
2023,19,0.0045,2.0,0.16,12.0,0.0,model,18.8,5.6839499999999985,6.7015875099859725,0.928815206386752,0.75,0.5318012600000002,0.24888736,0.10317705999999999
2023,19,0.0045,2.0,0.16,12.0,0.08,model,18.8,5.907355,6.839357625574202,0.928815206386752,0.8,0.5378706200000001,0.22256352000000001,0.13803733999999998
2023,19,0.0045,2.0,0.16,,0.16,model,18.8,6.156295,7.0398890470305,0.9242954243605391,0.85,0.5458638600000001,0.25196502,0.21366648000000005
2023,28,0.0045,2.0,0.16,12.0,0.04,model,27.9,3.512775,4.379730232388749,0.9363481764304401,0.7,0.8847842600000001,0.83724984,0.04437495999999999
2023,28,0.0045,2.0,0.16,6.0,0.04,model,27.9,3.512775,4.379730232388749,0.9363481764304401,0.7,0.8847842600000001,0.83724984,0.04437495999999999
2023,28,0.0045,2.0,0.16,24.0,0.04,model,27.9,3.512775,4.379730232388749,0.9363481764304401,0.7,0.8847842600000001,0.83724984,0.04437495999999999
2023,28,0.0045,2.0,0.16,38.0,0.04,model,27.9,3.508670000000001,4.375896975249761,0.9363481764304401,0.7,0.8900530200000001,0.8466716599999999,0.044222580000000004
2023,28,0.0045,2.0,0.16,12.0,0.0,model,27.9,3.5332700000000004,4.40657292257827,0.9378547704391778,0.7,0.89814434,0.8065984200000001,0.04113091999999999
2023,28,0.0045,2.0,0.16,12.0,0.08,model,27.9,3.5004099999999996,4.359520229681244,0.9363481764304401,0.7,0.8916254,0.8541864,0.050947900000000004
2023,28,0.0045,2.0,0.16,,0.16,model,27.9,3.52607,4.315767292614375,0.9363481764304401,0.7,0.8497792000000001,0.83544146,0.08120409999999999
2023,5,0.007,1.0,0.16,12.0,0.04,model,4.9,8.28855,10.159996505461997,0.8301332988144369,0.8,0.24427521999999996,1.6461663800000004,0.44432044
2023,5,0.007,1.0,0.16,6.0,0.04,model,4.9,8.23916,10.083404979965845,0.8105475767008475,0.8,0.19482926000000006,1.6275933800000002,0.3706269200000001
2023,5,0.007,1.0,0.16,24.0,0.04,model,4.9,8.335015000000002,10.227773169683614,0.7969882306222088,0.8,0.2796283400000001,1.650419,0.50008756
2023,5,0.007,1.0,0.16,38.0,0.04,model,4.9,8.35524,10.254404953628464,0.7977415276265778,0.8,0.29054338,1.6404580000000002,0.5211652399999999
2023,5,0.007,1.0,0.16,12.0,0.0,model,4.9,8.28855,10.159996505461997,0.8301332988144369,0.8,0.24427521999999996,1.6461663800000004,0.44432044
2023,5,0.007,1.0,0.16,12.0,0.08,model,4.9,8.28855,10.159996505461997,0.8301332988144369,0.8,0.24427521999999996,1.6461663800000004,0.44432044
2023,5,0.007,1.0,0.16,,0.16,model,4.9,8.378844999999998,10.28665587669287,0.8105475767008475,0.8,0.31484458000000004,1.6384564,0.5592933
2023,10,0.007,1.0,0.16,12.0,0.04,model,10.0,6.600720000000001,8.855697310037192,0.8745778220721971,0.65,0.31519776,1.2757494999999999,0.19014480000000003
2023,10,0.007,1.0,0.16,6.0,0.04,model,10.0,6.600720000000001,8.855697310037192,0.8745778220721971,0.65,0.31519776,1.2757494999999999,0.19014480000000003
2023,10,0.007,1.0,0.16,24.0,0.04,model,10.0,6.628439999999999,8.82873573270828,0.8775910100896723,0.7,0.32140826000000006,1.24529278,0.23768750000000005
2023,10,0.007,1.0,0.16,38.0,0.04,model,10.0,6.65283,8.816663518984946,0.8760844160809348,0.7,0.3272465599999999,1.2232796000000001,0.26673158
2023,10,0.007,1.0,0.16,12.0,0.0,model,10.0,6.617654999999999,8.875544151177435,0.8745778220721971,0.65,0.31065736,1.2871043399999997,0.1835582
2023,10,0.007,1.0,0.16,12.0,0.08,model,10.0,6.614515,8.83060386754496,0.8775910100896723,0.7,0.31360744,1.2519725199999998,0.22550223999999996
2023,10,0.007,1.0,0.16,,0.16,model,10.0,6.728389999999999,8.831352221545691,0.8715646340547217,0.75,0.3637815999999999,1.2232397000000002,0.32852437999999995
2023,19,0.007,1.0,0.16,12.0,0.04,model,18.8,6.069455,7.07187155019801,0.9107360782819003,0.7,0.57152594,0.20667088000000003,0.1126302
2023,19,0.007,1.0,0.16,6.0,0.04,model,18.8,6.069455,7.07187155019801,0.9107360782819003,0.7,0.57152594,0.20667088000000003,0.1126302
2023,19,0.007,1.0,0.16,24.0,0.04,model,18.8,6.069455,7.07187155019801,0.9107360782819003,0.7,0.57152594,0.20667088000000003,0.1126302
2023,19,0.007,1.0,0.16,38.0,0.04,model,18.8,6.188395,7.1557177620068275,0.9107360782819003,0.75,0.5570513800000001,0.20409075999999995,0.12827348
2023,19,0.007,1.0,0.16,12.0,0.0,model,18.8,5.96288,7.011208465735418,0.9197756423343261,0.7,0.5636570399999998,0.22967784,0.10110663999999997
2023,19,0.007,1.0,0.16,12.0,0.08,model,18.8,6.183020000000001,7.151099479520615,0.9107360782819003,0.75,0.5552921,0.2042365,0.1275542
2023,19,0.007,1.0,0.16,,0.16,model,18.8,6.439584999999999,7.3643693547037685,0.9084761872687939,0.8,0.5979462000000002,0.24337975999999997,0.2074976
2023,28,0.007,1.0,0.16,12.0,0.04,model,27.9,3.6178450000000004,4.483693382636686,0.9378547704391778,0.7,0.94814082,0.8237831400000001,0.041721180000000004
2023,28,0.007,1.0,0.16,6.0,0.04,model,27.9,3.6178450000000004,4.483693382636686,0.9378547704391778,0.7,0.94814082,0.8237831400000001,0.041721180000000004
2023,28,0.007,1.0,0.16,24.0,0.04,model,27.9,3.6178450000000004,4.483693382636686,0.9378547704391778,0.7,0.94814082,0.8237831400000001,0.041721180000000004
2023,28,0.007,1.0,0.16,38.0,0.04,model,27.9,3.6162949999999996,4.481882484905198,0.9378547704391778,0.7,0.9398447,0.824678,0.04285857999999999
2023,28,0.007,1.0,0.16,12.0,0.0,model,27.9,3.6361199999999996,4.509361739426102,0.9378547704391778,0.7,0.93803218,0.7871564,0.03715463999999999
2023,28,0.007,1.0,0.16,12.0,0.08,model,27.9,3.593540000000001,4.458693062097906,0.9378547704391778,0.7,0.9290660199999999,0.84435812,0.05316734
2023,28,0.007,1.0,0.16,,0.16,model,27.9,3.617415000000001,4.417385533378313,0.9363481764304401,0.7,0.87946776,0.8276057799999998,0.07596930000000002
2023,5,0.0045,3.0,0.16,12.0,0.04,model,4.9,7.876945000000001,9.905579835653237,0.8120541707095853,0.8,0.17726878000000007,1.60839128,0.44261177999999995
2023,5,0.0045,3.0,0.16,6.0,0.04,model,4.9,7.901745,9.871147233857874,0.8120541707095853,0.75,0.13713535999999998,1.6047435199999998,0.3935051799999999
2023,5,0.0045,3.0,0.16,24.0,0.04,model,4.9,7.889615000000001,9.957202784944174,0.8120541707095853,0.85,0.20037974,1.60940484,0.4896904199999999
2023,5,0.0045,3.0,0.16,38.0,0.04,model,4.9,7.909094999999998,9.979153998686462,0.8120541707095853,0.85,0.20733353999999996,1.60190714,0.50575146
2023,5,0.0045,3.0,0.16,12.0,0.0,model,4.9,7.876945000000001,9.905579835653237,0.8120541707095853,0.8,0.17726878000000007,1.60839128,0.44261177999999995
2023,5,0.0045,3.0,0.16,12.0,0.08,model,4.9,7.876945000000001,9.905579835653237,0.8120541707095853,0.8,0.17726878000000007,1.60839128,0.44261177999999995
2023,5,0.0045,3.0,0.16,,0.16,model,4.9,7.935964999999999,10.016383615781697,0.8135607647183228,0.85,0.23153978000000003,1.59824286,0.535708
2023,10,0.0045,3.0,0.16,12.0,0.04,model,10.0,6.494719999999999,8.785147150901913,0.8738245250678283,0.75,0.27652010000000005,1.29342496,0.22577360000000002
2023,10,0.0045,3.0,0.16,6.0,0.04,model,10.0,6.494719999999999,8.785147150901913,0.8738245250678283,0.75,0.27652010000000005,1.29342496,0.22577360000000002
2023,10,0.0045,3.0,0.16,24.0,0.04,model,10.0,6.521395,8.753140725105474,0.8715646340547217,0.75,0.28364654,1.2404093800000002,0.26466058000000003
2023,10,0.0045,3.0,0.16,38.0,0.04,model,10.0,6.52949,8.726444567806524,0.8715646340547217,0.75,0.29148676,1.2379311800000001,0.29192183999999993
2023,10,0.0045,3.0,0.16,12.0,0.0,model,10.0,6.482815,8.78994378682253,0.8738245250678283,0.75,0.27929208000000005,1.3095089400000002,0.21804088
2023,10,0.0045,3.0,0.16,12.0,0.08,model,10.0,6.505255,8.757531183472885,0.8715646340547217,0.75,0.27559086,1.2621572399999998,0.24712258
2023,10,0.0045,3.0,0.16,,0.16,model,10.0,6.55298,8.702716198693372,0.8715646340547217,0.75,0.32377381999999993,1.21406956,0.34504411999999995
2023,19,0.0045,3.0,0.16,12.0,0.04,model,18.8,5.847729999999999,6.7578719765174595,0.9310750973998584,0.8,0.54398856,0.21277451999999997,0.11473528
2023,19,0.0045,3.0,0.16,6.0,0.04,model,18.8,5.847729999999999,6.7578719765174595,0.9310750973998584,0.8,0.54398856,0.21277451999999997,0.11473528
2023,19,0.0045,3.0,0.16,24.0,0.04,model,18.8,5.847729999999999,6.7578719765174595,0.9310750973998584,0.8,0.54398856,0.21277451999999997,0.11473528
2023,19,0.0045,3.0,0.16,38.0,0.04,model,18.8,5.957694999999999,6.830708433940069,0.9242954243605391,0.8,0.54028814,0.20901071999999998,0.13698155999999997
2023,19,0.0045,3.0,0.16,12.0,0.0,model,18.8,5.748125,6.698113006847525,0.9310750973998584,0.7,0.5513606399999998,0.23169330000000005,0.09977735999999998
2023,19,0.0045,3.0,0.16,12.0,0.08,model,18.8,5.957185,6.831949325814706,0.9242954243605391,0.8,0.5425363600000002,0.21034768000000004,0.13688806
2023,19,0.0045,3.0,0.16,,0.16,model,18.8,6.211340000000002,7.038816040784132,0.9129959692950067,0.85,0.5694065599999998,0.23731008,0.20927172000000005
2023,28,0.0045,3.0,0.16,12.0,0.04,model,27.9,3.485055,4.357345522276149,0.9378547704391778,0.7,0.9205867600000002,0.8433722799999999,0.04214253999999999
2023,28,0.0045,3.0,0.16,6.0,0.04,model,27.9,3.485055,4.357345522276149,0.9378547704391778,0.7,0.9205867600000002,0.8433722799999999,0.04214253999999999
2023,28,0.0045,3.0,0.16,24.0,0.04,model,27.9,3.485055,4.357345522276149,0.9378547704391778,0.7,0.9205867600000002,0.8433722799999999,0.04214253999999999
2023,28,0.0045,3.0,0.16,38.0,0.04,model,27.9,3.4873199999999995,4.355541928509012,0.9378547704391778,0.7,0.9196702800000001,0.8384324,0.04376933999999999
2023,28,0.0045,3.0,0.16,12.0,0.0,model,27.9,3.5075150000000006,4.385379350580746,0.9378547704391778,0.7,0.93697694,0.8112348199999999,0.039944020000000004
2023,28,0.0045,3.0,0.16,12.0,0.08,model,27.9,3.4959650000000004,4.336479061346889,0.9363481764304401,0.7,0.91007474,0.8598462199999999,0.050753599999999975
2023,28,0.0045,3.0,0.16,,0.16,model,27.9,3.5256950000000002,4.298893133296058,0.9363481764304401,0.7,0.87380426,0.8601091000000001,0.07723962000000002
2023,5,0.007,2.0,0.16,12.0,0.04,model,4.9,8.11855,10.119760777854387,0.8180805467445357,0.8,0.22639711999999998,1.6459010200000002,0.40101634
2023,5,0.007,2.0,0.16,6.0,0.04,model,4.9,8.126395,10.057223436093086,0.816573952735798,0.8,0.18343944,1.6370807599999997,0.34419279999999997
2023,5,0.007,2.0,0.16,24.0,0.04,model,4.9,8.15488,10.18157772479295,0.8030146066571594,0.8,0.2548539199999999,1.63911374,0.4551517399999999
2023,5,0.007,2.0,0.16,38.0,0.04,model,4.9,8.172855000000002,10.200513667286565,0.7984948246309466,0.8,0.26677914,1.6434959800000002,0.4760107
2023,5,0.007,2.0,0.16,12.0,0.0,model,4.9,8.11855,10.119760777854387,0.8180805467445357,0.8,0.22639711999999998,1.6459010200000002,0.40101634
2023,5,0.007,2.0,0.16,12.0,0.08,model,4.9,8.11855,10.119760777854387,0.8180805467445357,0.8,0.22639711999999998,1.6459010200000002,0.40101634
2023,5,0.007,2.0,0.16,,0.16,model,4.9,8.200385000000002,10.230045892638998,0.7984948246309466,0.8,0.2818661599999999,1.6248672999999996,0.50962374
2023,10,0.007,2.0,0.16,12.0,0.04,model,10.0,6.75968,9.008661466333386,0.8738245250678283,0.7,0.3461399400000001,1.2843306799999996,0.21286134
2023,10,0.007,2.0,0.16,6.0,0.04,model,10.0,6.75968,9.008661466333386,0.8738245250678283,0.7,0.3461399400000001,1.2843306799999996,0.21286134
2023,10,0.007,2.0,0.16,24.0,0.04,model,10.0,6.768689999999999,8.95921072946719,0.8715646340547217,0.75,0.34789496,1.2290247799999998,0.25996636
2023,10,0.007,2.0,0.16,38.0,0.04,model,10.0,6.773224999999999,8.936427418633242,0.8730712280634595,0.75,0.35900672,1.2184344000000003,0.28423958
2023,10,0.007,2.0,0.16,12.0,0.0,model,10.0,6.76138,9.025015906412575,0.8738245250678283,0.7,0.34571638,1.2978596199999999,0.211184
2023,10,0.007,2.0,0.16,12.0,0.08,model,10.0,6.771685,8.972304602581211,0.8715646340547217,0.7,0.3486556,1.24811282,0.24311336
2023,10,0.007,2.0,0.16,,0.16,model,10.0,6.794035000000001,8.905904430067727,0.8730712280634595,0.75,0.3826659400000001,1.20286808,0.34329708
2023,19,0.007,2.0,0.16,12.0,0.04,model,18.8,6.076314999999999,6.973693609881352,0.899436623216368,0.8,0.56971266,0.19227054,0.10961423999999999
2023,19,0.007,2.0,0.16,6.0,0.04,model,18.8,6.076314999999999,6.973693609881352,0.899436623216368,0.8,0.56971266,0.19227054,0.10961423999999999
2023,19,0.007,2.0,0.16,24.0,0.04,model,18.8,6.076314999999999,6.973693609881352,0.899436623216368,0.8,0.56971266,0.19227054,0.10961423999999999
2023,19,0.007,2.0,0.16,38.0,0.04,model,18.8,6.191204999999999,7.0530048946176125,0.9039564052425809,0.8,0.5653543799999999,0.18751582,0.13029695999999996
2023,19,0.007,2.0,0.16,12.0,0.0,model,18.8,5.981765,6.911264050989515,0.9084761872687939,0.8,0.57662196,0.20602503999999994,0.10474061999999998
2023,19,0.007,2.0,0.16,12.0,0.08,model,18.8,6.18718,7.04940280882005,0.9039564052425809,0.8,0.5666087399999999,0.18698377999999996,0.13092210000000004
2023,19,0.007,2.0,0.16,,0.16,model,18.8,6.44111,7.266199889006633,0.9039564052425809,0.85,0.5912608199999999,0.22477766000000002,0.2078794
2023,28,0.007,2.0,0.16,12.0,0.04,model,27.9,3.546385000000001,4.4193403847746335,0.9378547704391778,0.7,0.9793748600000001,0.8519854399999999,0.04329
2023,28,0.007,2.0,0.16,6.0,0.04,model,27.9,3.546385000000001,4.4193403847746335,0.9378547704391778,0.7,0.9793748600000001,0.8519854399999999,0.04329
2023,28,0.007,2.0,0.16,24.0,0.04,model,27.9,3.546385000000001,4.4193403847746335,0.9378547704391778,0.7,0.9793748600000001,0.8519854399999999,0.04329
2023,28,0.007,2.0,0.16,38.0,0.04,model,27.9,3.5448899999999997,4.418505836139633,0.9378547704391778,0.7,0.9777174599999999,0.8438667200000002,0.04439822000000001
2023,28,0.007,2.0,0.16,12.0,0.0,model,27.9,3.5631749999999998,4.443615520215493,0.9378547704391778,0.7,0.99509734,0.80696774,0.03934803999999999
2023,28,0.007,2.0,0.16,12.0,0.08,model,27.9,3.543894999999999,4.3927697806167805,0.9378547704391778,0.7,0.9684558200000001,0.8610279199999998,0.051971440000000015
2023,28,0.007,2.0,0.16,,0.16,model,27.9,3.5865800000000005,4.358684461509,0.9378547704391778,0.7,0.9219916600000001,0.8517985799999997,0.07533762
2023,5,0.01,1.0,0.16,12.0,0.04,model,4.9,8.460749999999999,10.269474762956477,0.8150673587270605,0.8,0.2961823600000001,1.61039012,0.39714351999999997
2023,5,0.01,1.0,0.16,6.0,0.04,model,4.9,8.420404999999999,10.2088848051342,0.8120541707095853,0.8,0.24052746,1.6238854999999999,0.32682150000000004
2023,5,0.01,1.0,0.16,24.0,0.04,model,4.9,8.51541,10.336562175017379,0.8150673587270605,0.8,0.32786699999999985,1.62444774,0.45722496000000007
2023,5,0.01,1.0,0.16,38.0,0.04,model,4.9,8.521175000000003,10.351442008556106,0.8150673587270605,0.8,0.3346035000000001,1.6204829600000001,0.48486592
2023,5,0.01,1.0,0.16,12.0,0.0,model,4.9,8.460749999999999,10.269474762956477,0.8150673587270605,0.8,0.2961823600000001,1.61039012,0.39714351999999997
2023,5,0.01,1.0,0.16,12.0,0.08,model,4.9,8.460749999999999,10.269474762956477,0.8150673587270605,0.8,0.2961823600000001,1.61039012,0.39714351999999997
2023,5,0.01,1.0,0.16,,0.16,model,4.9,8.556899999999999,10.394984759440486,0.8150673587270605,0.8,0.36188050000000005,1.6180058000000002,0.5193162200000001
2023,10,0.01,1.0,0.16,12.0,0.04,model,10.0,6.898745000000001,9.052317341515376,0.8760844160809348,0.65,0.39961698,1.2407679600000001,0.19258067999999998
2023,10,0.01,1.0,0.16,6.0,0.04,model,10.0,6.898745000000001,9.052317341515376,0.8760844160809348,0.65,0.39961698,1.2407679600000001,0.19258067999999998
2023,10,0.01,1.0,0.16,24.0,0.04,model,10.0,6.92166,9.024641136964949,0.8760844160809348,0.7,0.41184203999999996,1.20467794,0.24419462000000003
2023,10,0.01,1.0,0.16,38.0,0.04,model,10.0,6.937709999999998,9.007973601981746,0.8775910100896723,0.7,0.41307876000000004,1.1972730199999997,0.26836837999999996
2023,10,0.01,1.0,0.16,12.0,0.0,model,10.0,6.904400000000001,9.069683743990195,0.8760844160809348,0.65,0.41377778000000015,1.2534614,0.18947582000000002
2023,10,0.01,1.0,0.16,12.0,0.08,model,10.0,6.924069999999996,9.043030112633707,0.8760844160809348,0.65,0.4033510399999998,1.21526454,0.22919681999999997
2023,10,0.01,1.0,0.16,,0.16,model,10.0,6.999219999999998,9.023218808551634,0.8730712280634595,0.8,0.43840495999999995,1.2214288000000002,0.33516321999999993
2023,19,0.01,1.0,0.16,12.0,0.04,model,18.8,6.338295,7.320710969127247,0.8986833262119992,0.75,0.6022889,0.17836302,0.09850635999999999
2023,19,0.01,1.0,0.16,6.0,0.04,model,18.8,6.338295,7.320710969127247,0.8986833262119992,0.75,0.6022889,0.17836302,0.09850635999999999
2023,19,0.01,1.0,0.16,24.0,0.04,model,18.8,6.338295,7.320710969127247,0.8986833262119992,0.75,0.6022889,0.17836302,0.09850635999999999
2023,19,0.01,1.0,0.16,38.0,0.04,model,18.8,6.452240000000001,7.400678299048001,0.8986833262119992,0.75,0.59071172,0.178292,0.12127011999999998
2023,19,0.01,1.0,0.16,12.0,0.0,model,18.8,6.243914999999999,7.259187505396178,0.9054629992513186,0.75,0.6115838,0.19769053999999997,0.09279741999999999
2023,19,0.01,1.0,0.16,12.0,0.08,model,18.8,6.448599999999999,7.398216916257591,0.8986833262119992,0.75,0.5943205000000001,0.17853492,0.12120357999999998
2023,19,0.01,1.0,0.16,,0.16,model,18.8,6.700494999999998,7.620680227348474,0.8986833262119992,0.8,0.63407322,0.23294080000000003,0.19985209999999995
2023,28,0.01,1.0,0.16,12.0,0.04,model,27.9,3.6835200000000015,4.559047533421866,0.9378547704391778,0.7,1.0058193,0.84176774,0.04211737999999999
2023,28,0.01,1.0,0.16,6.0,0.04,model,27.9,3.6835200000000015,4.559047533421866,0.9378547704391778,0.7,1.0058193,0.84176774,0.04211737999999999
2023,28,0.01,1.0,0.16,24.0,0.04,model,27.9,3.6835200000000015,4.559047533421866,0.9378547704391778,0.7,1.0058193,0.84176774,0.04211737999999999
2023,28,0.01,1.0,0.16,38.0,0.04,model,27.9,3.68109,4.5557641747570745,0.9378547704391778,0.7,1.0152552,0.8455266199999999,0.041687920000000024
2023,28,0.01,1.0,0.16,12.0,0.0,model,27.9,3.7044200000000003,4.588615321750125,0.9378547704391778,0.7,1.00397134,0.83085226,0.03495439999999999
2023,28,0.01,1.0,0.16,12.0,0.08,model,27.9,3.6666499999999997,4.535587360971014,0.9378547704391778,0.7,1.0106002999999997,0.880892,0.048088659999999984
2023,28,0.01,1.0,0.16,,0.16,model,27.9,3.709035,4.4907558512459795,0.9401146614522841,0.7,0.9407295199999999,0.88057934,0.07356502000000001
2023,5,0.007,3.0,0.16,12.0,0.04,model,4.9,8.09215,10.154755888547987,0.8113008737052165,0.8,0.21759176000000002,1.6406614199999998,0.40307800000000005
2023,5,0.007,3.0,0.16,6.0,0.04,model,4.9,8.12742,10.113266198118193,0.8188338437489047,0.8,0.18066596000000001,1.6493118599999999,0.35600414
2023,5,0.007,3.0,0.16,24.0,0.04,model,4.9,8.10136,10.198468318772187,0.8113008737052165,0.85,0.24269098000000006,1.6411234800000003,0.44987294
2023,5,0.007,3.0,0.16,38.0,0.04,model,4.9,8.109145000000002,10.216065374619525,0.8113008737052165,0.85,0.25940522000000005,1.6376958000000001,0.46443404
2023,5,0.007,3.0,0.16,12.0,0.0,model,4.9,8.09215,10.154755888547987,0.8113008737052165,0.8,0.21759176000000002,1.6406614199999998,0.40307800000000005
2023,5,0.007,3.0,0.16,12.0,0.08,model,4.9,8.09215,10.154755888547987,0.8113008737052165,0.8,0.21759176000000002,1.6406614199999998,0.40307800000000005
2023,5,0.007,3.0,0.16,,0.16,model,4.9,8.14636,10.25099257516071,0.79623493361784,0.85,0.27080819999999994,1.63709746,0.49860292
2023,10,0.007,3.0,0.16,12.0,0.04,model,10.0,6.875005000000002,9.105740641842376,0.8753311190765659,0.75,0.36370868,1.2896847200000001,0.23515574000000006
2023,10,0.007,3.0,0.16,6.0,0.04,model,10.0,6.875005000000002,9.105740641842376,0.8753311190765659,0.75,0.36370868,1.2896847200000001,0.23515574000000006
2023,10,0.007,3.0,0.16,24.0,0.04,model,10.0,6.870125000000002,9.04774776623995,0.8753311190765659,0.75,0.36650692000000007,1.2272118799999996,0.27827423999999995
2023,10,0.007,3.0,0.16,38.0,0.04,model,10.0,6.877510000000001,9.030007020096939,0.8753311190765659,0.75,0.37629722000000004,1.2191820800000002,0.30721608
2023,10,0.007,3.0,0.16,12.0,0.0,model,10.0,6.89006,9.132140168438065,0.8753311190765659,0.75,0.37189878000000004,1.31108108,0.23691243999999995
2023,10,0.007,3.0,0.16,12.0,0.08,model,10.0,6.864765000000001,9.052583606324772,0.8753311190765659,0.75,0.34918176,1.23214692,0.27401076000000013
2023,10,0.007,3.0,0.16,,0.16,model,10.0,6.894905,8.996125796447046,0.8753311190765659,0.75,0.4003881199999999,1.2133912,0.35816336
2023,19,0.007,3.0,0.16,12.0,0.04,model,18.8,6.0821,6.94304881698235,0.9039564052425809,0.8,0.5715400999999999,0.18388938,0.11262492
2023,19,0.007,3.0,0.16,6.0,0.04,model,18.8,6.0821,6.94304881698235,0.9039564052425809,0.8,0.5715400999999999,0.18388938,0.11262492
2023,19,0.007,3.0,0.16,24.0,0.04,model,18.8,6.0821,6.94304881698235,0.9039564052425809,0.8,0.5715400999999999,0.18388938,0.11262492
2023,19,0.007,3.0,0.16,38.0,0.04,model,18.8,6.188745,7.017492889095078,0.9039564052425809,0.85,0.57246964,0.18130844000000002,0.13592728
2023,19,0.007,3.0,0.16,12.0,0.0,model,18.8,5.980885000000001,6.87518985385131,0.899436623216368,0.75,0.5745494400000002,0.19905955999999997,0.10486517999999999
2023,19,0.007,3.0,0.16,12.0,0.08,model,18.8,6.18596,7.01561029433648,0.9039564052425809,0.85,0.5740186399999999,0.18247339999999998,0.13536962
2023,19,0.007,3.0,0.16,,0.16,model,18.8,6.44103,7.230887577538459,0.9039564052425809,0.85,0.59422356,0.21717818,0.20792344
2023,28,0.007,3.0,0.16,12.0,0.04,model,27.9,3.5232649999999994,4.395409693361927,0.9378547704391778,0.7,1.0131746599999998,0.8547662799999999,0.045123099999999985
2023,28,0.007,3.0,0.16,6.0,0.04,model,27.9,3.5232649999999994,4.395409693361927,0.9378547704391778,0.7,1.0131746599999998,0.8547662799999999,0.045123099999999985
2023,28,0.007,3.0,0.16,24.0,0.04,model,27.9,3.5232649999999994,4.395409693361927,0.9378547704391778,0.7,1.0131746599999998,0.8547662799999999,0.045123099999999985
2023,28,0.007,3.0,0.16,38.0,0.04,model,27.9,3.5235700000000008,4.394122331023568,0.9378547704391778,0.7,1.00723254,0.84867104,0.04609442000000001
2023,28,0.007,3.0,0.16,12.0,0.0,model,27.9,3.5358900000000006,4.421206253501413,0.9378547704391778,0.7,1.0062350599999998,0.81242206,0.039964760000000016
2023,28,0.007,3.0,0.16,12.0,0.08,model,27.9,3.531689999999999,4.371076096683743,0.9378547704391778,0.7,0.9806147,0.8641212199999998,0.05277524000000002
2023,28,0.007,3.0,0.16,,0.16,model,27.9,3.580519999999999,4.343749884834531,0.9401146614522841,0.7,0.9436414999999999,0.8601788199999999,0.07515169999999999
2023,5,0.01,2.0,0.16,12.0,0.04,model,4.9,8.244164999999999,10.206513434591658,0.8180805467445357,0.8,0.26452786,1.6148014199999998,0.39035486
2023,5,0.01,2.0,0.16,6.0,0.04,model,4.9,8.263504999999999,10.160313228906872,0.8082876856877411,0.8,0.23220520000000003,1.6203625999999998,0.32604883999999995
2023,5,0.01,2.0,0.16,24.0,0.04,model,4.9,8.28867,10.261153505771171,0.800754715644053,0.8,0.29253091999999997,1.6183704199999998,0.43596699999999994
2023,5,0.01,2.0,0.16,38.0,0.04,model,4.9,8.310039999999997,10.279422131520818,0.800754715644053,0.8,0.29750906,1.62407482,0.45957178
2023,5,0.01,2.0,0.16,12.0,0.0,model,4.9,8.244164999999999,10.206513434591658,0.8180805467445357,0.8,0.26452786,1.6148014199999998,0.39035486
2023,5,0.01,2.0,0.16,12.0,0.08,model,4.9,8.244164999999999,10.206513434591658,0.8180805467445357,0.8,0.26452786,1.6148014199999998,0.39035486
2023,5,0.01,2.0,0.16,,0.16,model,4.9,8.334330000000001,10.313010010564327,0.800754715644053,0.8,0.31380132000000005,1.62165312,0.49309147999999997
2023,10,0.01,2.0,0.16,12.0,0.04,model,10.0,7.047255000000002,9.201361870696099,0.8670448520285089,0.65,0.41998752000000006,1.25968718,0.23680459999999992
2023,10,0.01,2.0,0.16,6.0,0.04,model,10.0,7.047255000000002,9.201361870696099,0.8670448520285089,0.65,0.41998752000000006,1.25968718,0.23680459999999992
2023,10,0.01,2.0,0.16,24.0,0.04,model,10.0,7.041509999999998,9.134756206489586,0.8753311190765659,0.75,0.41424637999999997,1.2105907400000002,0.28130772
2023,10,0.01,2.0,0.16,38.0,0.04,model,10.0,7.049079999999999,9.111585593956741,0.8753311190765659,0.75,0.42915640000000005,1.20093436,0.30545546
2023,10,0.01,2.0,0.16,12.0,0.0,model,10.0,7.053684999999999,9.217372052732816,0.8670448520285089,0.65,0.4277998,1.2796971,0.23367714000000003
2023,10,0.01,2.0,0.16,12.0,0.08,model,10.0,7.033175,9.147742927055834,0.8753311190765659,0.75,0.41309804,1.2185291400000002,0.26692218
2023,10,0.01,2.0,0.16,,0.16,model,10.0,7.070729999999999,9.090276611412879,0.8730712280634595,0.75,0.44870515999999994,1.198624,0.35950628000000007
2023,19,0.01,2.0,0.16,12.0,0.04,model,18.8,6.271754999999999,7.170799532165153,0.9039564052425809,0.75,0.6000204799999999,0.1714921,0.10732403999999997
2023,19,0.01,2.0,0.16,6.0,0.04,model,18.8,6.271754999999999,7.170799532165153,0.9039564052425809,0.75,0.6000204799999999,0.1714921,0.10732403999999997
2023,19,0.01,2.0,0.16,24.0,0.04,model,18.8,6.271754999999999,7.170799532165153,0.9039564052425809,0.75,0.6000204799999999,0.1714921,0.10732403999999997
2023,19,0.01,2.0,0.16,38.0,0.04,model,18.8,6.382344999999999,7.249670648208786,0.9039564052425809,0.75,0.59449746,0.16439926000000002,0.13515320000000003
2023,19,0.01,2.0,0.16,12.0,0.0,model,18.8,6.19453,7.108290831697871,0.9009432172251057,0.65,0.5961529200000001,0.18378672,0.1015904
2023,19,0.01,2.0,0.16,12.0,0.08,model,18.8,6.380870000000001,7.248957451661585,0.9039564052425809,0.75,0.5972730799999999,0.16402936,0.13256027999999997
2023,19,0.01,2.0,0.16,,0.16,model,18.8,6.627174999999999,7.464435018506088,0.9039564052425809,0.8,0.6058470399999999,0.20654242,0.20552030000000002
2023,28,0.01,2.0,0.16,12.0,0.04,model,27.9,3.5910699999999998,4.4744740102049985,0.9378547704391778,0.7,1.03715622,0.8709329199999999,0.045073640000000005
2023,28,0.01,2.0,0.16,6.0,0.04,model,27.9,3.5910699999999998,4.4744740102049985,0.9378547704391778,0.7,1.03715622,0.8709329199999999,0.045073640000000005
2023,28,0.01,2.0,0.16,24.0,0.04,model,27.9,3.5910699999999998,4.4744740102049985,0.9378547704391778,0.7,1.03715622,0.8709329199999999,0.045073640000000005
2023,28,0.01,2.0,0.16,38.0,0.04,model,27.9,3.588454999999999,4.471786081813395,0.9378547704391778,0.7,1.04438422,0.8703764,0.04592669999999999
2023,28,0.01,2.0,0.16,12.0,0.0,model,27.9,3.61408,4.50439893126708,0.9378547704391778,0.7,1.0502479999999998,0.85492424,0.04020812
2023,28,0.01,2.0,0.16,12.0,0.08,model,27.9,3.6036100000000006,4.452048323861726,0.9378547704391778,0.7,1.04391978,0.8786713000000002,0.053518480000000014
2023,28,0.01,2.0,0.16,,0.16,model,27.9,3.6574000000000004,4.420001796832214,0.9401146614522841,0.7,0.9870425,0.88792562,0.07824883999999999
2023,5,0.01,3.0,0.16,12.0,0.04,model,4.9,8.198000000000002,10.228108672134844,0.8097942796964788,0.8,0.25584814,1.6390830999999997,0.40930462
2023,5,0.01,3.0,0.16,6.0,0.04,model,4.9,8.219,10.182958774590025,0.8210937347620111,0.8,0.22503438000000006,1.6292669800000001,0.35496098000000004
2023,5,0.01,3.0,0.16,24.0,0.04,model,4.9,8.229054999999999,10.278917875900168,0.8097942796964788,0.8,0.28059452000000007,1.63444406,0.4471549600000001
2023,5,0.01,3.0,0.16,38.0,0.04,model,4.9,8.237225,10.297282441814444,0.7947283396091024,0.8,0.28942764,1.6254726999999998,0.46088147999999995
2023,5,0.01,3.0,0.16,12.0,0.0,model,4.9,8.198000000000002,10.228108672134844,0.8097942796964788,0.8,0.25584814,1.6390830999999997,0.40930462
2023,5,0.01,3.0,0.16,12.0,0.08,model,4.9,8.198000000000002,10.228108672134844,0.8097942796964788,0.8,0.25584814,1.6390830999999997,0.40930462
2023,5,0.01,3.0,0.16,,0.16,model,4.9,8.271585,10.326740762481647,0.7947283396091024,0.8,0.30199354,1.6350845599999997,0.49663846000000006
2023,10,0.01,3.0,0.16,12.0,0.04,model,10.0,7.133709999999998,9.288364753335218,0.8572519909717142,0.75,0.43599254000000004,1.2634257999999998,0.25740593999999994
2023,10,0.01,3.0,0.16,6.0,0.04,model,10.0,7.133709999999998,9.288364753335218,0.8572519909717142,0.75,0.43599254000000004,1.2634257999999998,0.25740593999999994
2023,10,0.01,3.0,0.16,24.0,0.04,model,10.0,7.116719999999998,9.22402888297733,0.8572519909717142,0.75,0.4246223999999999,1.20837624,0.30522184
2023,10,0.01,3.0,0.16,38.0,0.04,model,10.0,7.118449999999998,9.200889477816805,0.8572519909717142,0.75,0.4321758199999999,1.2045195199999998,0.32957836
2023,10,0.01,3.0,0.16,12.0,0.0,model,10.0,7.1402899999999985,9.299798394750287,0.8572519909717142,0.75,0.4362877,1.2854046599999998,0.25604082000000006
2023,10,0.01,3.0,0.16,12.0,0.08,model,10.0,7.105885000000001,9.229269485636445,0.8572519909717142,0.75,0.4337007200000001,1.22102404,0.28928345999999994
2023,10,0.01,3.0,0.16,,0.16,model,10.0,7.1438450000000016,9.183416882266645,0.8647849610154026,0.75,0.45362388000000003,1.2119219399999999,0.3844661
2023,19,0.01,3.0,0.16,12.0,0.04,model,18.8,6.241765,7.106375128819193,0.9039564052425809,0.65,0.58529388,0.16534780000000004,0.11289763999999998
2023,19,0.01,3.0,0.16,6.0,0.04,model,18.8,6.241765,7.106375128819193,0.9039564052425809,0.65,0.58529388,0.16534780000000004,0.11289763999999998
2023,19,0.01,3.0,0.16,24.0,0.04,model,18.8,6.241765,7.106375128819193,0.9039564052425809,0.65,0.58529388,0.16534780000000004,0.11289763999999998
2023,19,0.01,3.0,0.16,38.0,0.04,model,18.8,6.342004999999999,7.186244612347954,0.9039564052425809,0.75,0.5820790999999998,0.16605479999999997,0.13795404
2023,19,0.01,3.0,0.16,12.0,0.0,model,18.8,6.166725000000001,7.046923943218062,0.9039564052425809,0.65,0.58954208,0.17986895999999997,0.10702832000000001
2023,19,0.01,3.0,0.16,12.0,0.08,model,18.8,6.34092,7.185353489147213,0.9039564052425809,0.75,0.5893820399999998,0.16511557999999998,0.13863815999999998
2023,19,0.01,3.0,0.16,,0.16,model,18.8,6.59672,7.406222167340107,0.9039564052425809,0.8,0.6090602199999999,0.19849021999999997,0.21435669999999993
2023,28,0.01,3.0,0.16,12.0,0.04,model,27.9,3.5569699999999997,4.442056768097409,0.9378547704391778,0.7,1.06522312,0.87400074,0.04664841999999999
2023,28,0.01,3.0,0.16,6.0,0.04,model,27.9,3.5569699999999997,4.442056768097409,0.9378547704391778,0.7,1.06522312,0.87400074,0.04664841999999999
2023,28,0.01,3.0,0.16,24.0,0.04,model,27.9,3.5569699999999997,4.442056768097409,0.9378547704391778,0.7,1.06522312,0.87400074,0.04664841999999999
2023,28,0.01,3.0,0.16,38.0,0.04,model,27.9,3.5588300000000004,4.441266696337882,0.9378547704391778,0.7,1.0630696000000002,0.8738967599999999,0.047676779999999995
2023,28,0.01,3.0,0.16,12.0,0.0,model,27.9,3.5770700000000004,4.4745884621940375,0.9378547704391778,0.7,1.0725735799999998,0.85890396,0.04362865999999999
2023,28,0.01,3.0,0.16,12.0,0.08,model,27.9,3.5867500000000008,4.425541009187464,0.9378547704391778,0.7,1.0428896799999998,0.8919804799999999,0.05455931999999999
2023,28,0.01,3.0,0.16,,0.16,model,27.9,3.634465,4.3895561736353255,0.9401146614522841,0.7,1.00907686,0.89143492,0.08079742000000002
2024,5,0.003,1.0,0.16,12.0,0.04,model,5.0,8.64637,9.92929526361262,0.8295074914892938,0.75,0.9015792399999999,0.6336802800000001,0.95913216
2024,5,0.003,1.0,0.16,6.0,0.04,model,5.0,8.64097,9.916722022220851,0.831012949731561,0.7,0.97905004,0.5919896,0.9077848199999999
2024,5,0.003,1.0,0.16,24.0,0.04,model,5.0,8.622845,9.91823452644169,0.833271137094962,0.8,0.86189518,0.6832292400000002,1.0352128999999999
2024,5,0.003,1.0,0.16,38.0,0.04,model,5.0,8.61989,9.924441538545128,0.833271137094962,0.8,0.84928642,0.7006895200000002,1.06332034
2024,5,0.003,1.0,0.16,12.0,0.0,model,5.0,8.64637,9.92929526361262,0.8295074914892938,0.75,0.9015792399999999,0.6336802800000001,0.95913216
2024,5,0.003,1.0,0.16,12.0,0.08,model,5.0,8.64637,9.92929526361262,0.8295074914892938,0.75,0.9015792399999999,0.6336802800000001,0.95913216
2024,5,0.003,1.0,0.16,,0.16,model,5.0,8.620280000000001,9.93710689320589,0.8370347827006303,0.8,0.81651548,0.7232171199999999,1.1126763199999998
2024,10,0.003,1.0,0.16,12.0,0.04,model,10.0,7.180010000000001,9.038587362359232,0.8513366360021698,0.75,0.5369432199999998,0.5502345,0.75677792
2024,10,0.003,1.0,0.16,6.0,0.04,model,10.0,7.180010000000001,9.038587362359232,0.8513366360021698,0.75,0.5369432199999998,0.5502345,0.75677792
2024,10,0.003,1.0,0.16,24.0,0.04,model,10.0,7.273065,9.140232600131139,0.8513366360021698,0.8,0.5304296000000001,0.61900332,0.79995778
2024,10,0.003,1.0,0.16,38.0,0.04,model,10.0,7.316509999999998,9.19541174450606,0.8543475524867046,0.8,0.5373907400000001,0.65222314,0.8300249800000001
2024,10,0.003,1.0,0.16,12.0,0.0,model,10.0,7.1556,9.009900169979687,0.8392929700640313,0.75,0.53244316,0.52337244,0.74106812
2024,10,0.003,1.0,0.16,12.0,0.08,model,10.0,7.261085,9.115659241354956,0.8513366360021698,0.8,0.5323482999999999,0.59993296,0.7870308800000001
2024,10,0.003,1.0,0.16,,0.16,model,10.0,7.397095000000002,9.30307206160954,0.8566057398501055,0.85,0.54927036,0.7235860000000001,0.8795853599999999
2024,19,0.003,1.0,0.16,12.0,0.04,model,18.9,5.4513300000000005,6.577307228570063,0.9333841102057387,0.65,0.06081554000000001,0.5619307000000001,0.21597587999999995
2024,19,0.003,1.0,0.16,6.0,0.04,model,18.9,5.4513300000000005,6.577307228570063,0.9333841102057387,0.65,0.06081554000000001,0.5619307000000001,0.21597587999999995
2024,19,0.003,1.0,0.16,24.0,0.04,model,18.9,5.4513300000000005,6.577307228570063,0.9333841102057387,0.65,0.06081554000000001,0.5619307000000001,0.21597587999999995
2024,19,0.003,1.0,0.16,38.0,0.04,model,18.9,5.413814999999999,6.567073157617478,0.9333841102057387,0.8,0.06620274000000001,0.57253244,0.22672098000000007
2024,19,0.003,1.0,0.16,12.0,0.0,model,18.9,5.516450000000001,6.61174663716026,0.9379004849325409,0.7,0.06251044000000001,0.5465365399999998,0.21169778
2024,19,0.003,1.0,0.16,12.0,0.08,model,18.9,5.4152450000000005,6.567870246624853,0.9333841102057387,0.8,0.06624304,0.5730595,0.22788766000000005
2024,19,0.003,1.0,0.16,,0.16,model,18.9,5.316174999999999,6.529584390870524,0.9266095481155359,0.8,0.09189541999999999,0.6567461600000001,0.2857234
2024,28,0.003,1.0,0.16,12.0,0.04,model,28.0,3.725484999999999,4.553022591367189,0.9514496091129467,0.85,0.0003864200000000006,0.7937850400000002,0.005888700000000006
2024,28,0.003,1.0,0.16,6.0,0.04,model,28.0,3.725484999999999,4.553022591367189,0.9514496091129467,0.85,0.0003864200000000006,0.7937850400000002,0.005888700000000006
2024,28,0.003,1.0,0.16,24.0,0.04,model,28.0,3.725484999999999,4.553022591367189,0.9514496091129467,0.85,0.0003864200000000006,0.7937850400000002,0.005888700000000006
2024,28,0.003,1.0,0.16,38.0,0.04,model,28.0,3.726214999999999,4.553937914541655,0.9514496091129467,0.85,0.0004204999999999988,0.79733712,0.005814420000000001
2024,28,0.003,1.0,0.16,12.0,0.0,model,28.0,3.7056449999999996,4.519212204300657,0.9514496091129467,0.85,0.0002420000000000002,0.81118562,0.004879259999999996
2024,28,0.003,1.0,0.16,12.0,0.08,model,28.0,3.754140000000001,4.577325009435096,0.9514496091129467,0.85,0.0005056200000000009,0.8014838,0.007372160000000003
2024,28,0.003,1.0,0.16,,0.16,model,28.0,3.8006550000000012,4.636929292700073,0.9514496091129467,0.85,0.0024922399999999993,0.84305466,0.011873479999999999
2024,5,0.003,2.0,0.16,12.0,0.04,model,5.0,8.522734999999999,9.878659242301051,0.8159583673088878,0.65,0.84956616,0.5895653000000001,0.9321766599999999
2024,5,0.003,2.0,0.16,6.0,0.04,model,5.0,8.5352,9.882317063725493,0.8137001799454869,0.65,0.91251892,0.5544785200000002,0.8668919599999999
2024,5,0.003,2.0,0.16,24.0,0.04,model,5.0,8.510604999999998,9.875990285206846,0.8174638255511552,0.75,0.8038271600000001,0.6288716400000001,0.98112038
2024,5,0.003,2.0,0.16,38.0,0.04,model,5.0,8.513079999999999,9.892707221231204,0.8174638255511552,0.8,0.7890193999999999,0.64840678,1.0039691400000001
2024,5,0.003,2.0,0.16,12.0,0.0,model,5.0,8.522734999999999,9.878659242301051,0.8159583673088878,0.65,0.84956616,0.5895653000000001,0.9321766599999999
2024,5,0.003,2.0,0.16,12.0,0.08,model,5.0,8.522734999999999,9.878659242301051,0.8159583673088878,0.65,0.84956616,0.5895653000000001,0.9321766599999999
2024,5,0.003,2.0,0.16,,0.16,model,5.0,8.50111,9.884701292300138,0.8152056381877543,0.9,0.7560564,0.6832799799999999,1.0511474
2024,10,0.003,2.0,0.16,12.0,0.04,model,10.0,6.8515500000000005,8.983068649186647,0.8362820535794967,0.8,0.41797017999999997,0.5309595399999999,0.6619373
2024,10,0.003,2.0,0.16,6.0,0.04,model,10.0,6.8515500000000005,8.983068649186647,0.8362820535794967,0.8,0.41797017999999997,0.5309595399999999,0.6619373
2024,10,0.003,2.0,0.16,24.0,0.04,model,10.0,6.920274999999998,9.05212924827634,0.840045699185165,0.8,0.43667968,0.6036872,0.71273194
2024,10,0.003,2.0,0.16,38.0,0.04,model,10.0,6.977774999999997,9.114307922903416,0.840045699185165,0.8,0.44276076,0.6530641400000001,0.7464843999999999
2024,10,0.003,2.0,0.16,12.0,0.0,model,10.0,6.832935000000001,8.958851328797682,0.8362820535794967,0.8,0.4147348800000001,0.51473618,0.6655130800000002
2024,10,0.003,2.0,0.16,12.0,0.08,model,10.0,6.895139999999998,9.024017394265151,0.840045699185165,0.8,0.43886764000000006,0.57181012,0.69702672
2024,10,0.003,2.0,0.16,,0.16,model,10.0,7.066419999999998,9.198453646564731,0.840045699185165,0.8,0.4600854199999999,0.7261246400000001,0.8201013400000001
2024,19,0.003,2.0,0.16,12.0,0.04,model,18.9,5.581695,6.69484671172537,0.9296204646000705,0.65,0.04457591999999999,0.6715660599999999,0.20014198
2024,19,0.003,2.0,0.16,6.0,0.04,model,18.9,5.581695,6.69484671172537,0.9296204646000705,0.65,0.04457591999999999,0.6715660599999999,0.20014198
2024,19,0.003,2.0,0.16,24.0,0.04,model,18.9,5.581695,6.69484671172537,0.9296204646000705,0.65,0.04457591999999999,0.6715660599999999,0.20014198
2024,19,0.003,2.0,0.16,38.0,0.04,model,18.9,5.534865000000001,6.667149947803785,0.9213404442676002,0.65,0.05020005999999999,0.6973798400000001,0.20290101999999996
2024,19,0.003,2.0,0.16,12.0,0.0,model,18.9,5.63762,6.72488784263351,0.9296204646000705,0.65,0.045040559999999986,0.6803923799999999,0.19364817999999995
2024,19,0.003,2.0,0.16,12.0,0.08,model,18.9,5.534805,6.667130976027096,0.9213404442676002,0.65,0.05048322000000001,0.6972365,0.20370140000000003
2024,19,0.003,2.0,0.16,,0.16,model,18.9,5.484170000000001,6.629737345476064,0.9213404442676002,0.8,0.07491298000000002,0.7467923399999999,0.26394368
2024,28,0.003,2.0,0.16,12.0,0.04,model,28.0,3.7468649999999997,4.5599882179124105,0.9476859635072783,0.85,0.00022049999999999904,0.8979786,0.0035916199999999976
2024,28,0.003,2.0,0.16,6.0,0.04,model,28.0,3.7468649999999997,4.5599882179124105,0.9476859635072783,0.85,0.00022049999999999904,0.8979786,0.0035916199999999976
2024,28,0.003,2.0,0.16,24.0,0.04,model,28.0,3.7468649999999997,4.5599882179124105,0.9476859635072783,0.85,0.00022049999999999904,0.8979786,0.0035916199999999976
2024,28,0.003,2.0,0.16,38.0,0.04,model,28.0,3.746105,4.55939202706896,0.9476859635072783,0.85,0.0002553799999999995,0.8943830600000001,0.003755119999999997
2024,28,0.003,2.0,0.16,12.0,0.0,model,28.0,3.7202150000000005,4.526330465564794,0.9499441508706794,0.85,0.0001479200000000009,0.9005072399999999,0.0030523200000000003
2024,28,0.003,2.0,0.16,12.0,0.08,model,28.0,3.7718999999999996,4.585959127270978,0.9491914217495456,0.85,0.0003484799999999997,0.9158039199999999,0.0042210199999999955
2024,28,0.003,2.0,0.16,,0.16,model,28.0,3.826245,4.649331022147166,0.9431695887804765,0.9,0.0017703400000000013,0.9483001200000001,0.007724980000000004
2024,5,0.0045,1.0,0.16,12.0,0.04,model,5.0,8.26458,9.446451905345203,0.8362820535794967,0.75,0.82900208,0.5878555800000002,0.8283034400000001
2024,5,0.0045,1.0,0.16,6.0,0.04,model,5.0,8.252885000000001,9.428299061203989,0.8152056381877543,0.7,0.9090099800000001,0.5399913199999999,0.76040884
2024,5,0.0045,1.0,0.16,24.0,0.04,model,5.0,8.260200000000001,9.462043907687175,0.8362820535794967,0.85,0.8094573400000001,0.6281984800000001,0.9093177000000001
2024,5,0.0045,1.0,0.16,38.0,0.04,model,5.0,8.25676,9.463993403843855,0.8362820535794967,0.85,0.7871625999999999,0.6484827000000001,0.9378540599999998
2024,5,0.0045,1.0,0.16,12.0,0.0,model,5.0,8.26458,9.446451905345203,0.8362820535794967,0.75,0.82900208,0.5878555800000002,0.8283034400000001
2024,5,0.0045,1.0,0.16,12.0,0.08,model,5.0,8.26458,9.446451905345203,0.8362820535794967,0.75,0.82900208,0.5878555800000002,0.8283034400000001
2024,5,0.0045,1.0,0.16,,0.16,model,5.0,8.251805000000001,9.473417699621397,0.8490784486387689,0.9,0.77861112,0.6840398,0.9864431199999999
2024,10,0.0045,1.0,0.16,12.0,0.04,model,10.0,6.680429999999999,8.653458045602347,0.8445620739119668,0.8,0.44516026,0.5199955,0.5926484199999998
2024,10,0.0045,1.0,0.16,6.0,0.04,model,10.0,6.680429999999999,8.653458045602347,0.8445620739119668,0.8,0.44516026,0.5199955,0.5926484199999998
2024,10,0.0045,1.0,0.16,24.0,0.04,model,10.0,6.76552,8.747024574505321,0.8535948233655709,0.8,0.4472176000000001,0.5887561800000002,0.6409567199999999
2024,10,0.0045,1.0,0.16,38.0,0.04,model,10.0,6.805680000000001,8.794602414094683,0.8535948233655709,0.85,0.46110219999999985,0.6213313400000001,0.6722681199999999
2024,10,0.0045,1.0,0.16,12.0,0.0,model,10.0,6.657915000000001,8.637638279848261,0.8445620739119668,0.8,0.4413040000000001,0.50665812,0.5896806399999999
2024,10,0.0045,1.0,0.16,12.0,0.08,model,10.0,6.739215,8.718655148846066,0.8535948233655709,0.8,0.4565312400000001,0.57978094,0.6263778599999998
2024,10,0.0045,1.0,0.16,,0.16,model,10.0,6.889995000000001,8.904264758951186,0.8535948233655709,0.85,0.48156920000000003,0.7287439799999998,0.7529853799999999
2024,19,0.0045,1.0,0.16,12.0,0.04,model,18.9,5.479775000000001,6.5893750765531625,0.9296204646000705,0.65,0.05922066,0.72634768,0.1805718
2024,19,0.0045,1.0,0.16,6.0,0.04,model,18.9,5.479775000000001,6.5893750765531625,0.9296204646000705,0.65,0.05922066,0.72634768,0.1805718
2024,19,0.0045,1.0,0.16,24.0,0.04,model,18.9,5.479775000000001,6.5893750765531625,0.9296204646000705,0.65,0.05922066,0.72634768,0.1805718
2024,19,0.0045,1.0,0.16,38.0,0.04,model,18.9,5.429265,6.564241933803172,0.9213404442676002,0.7,0.06298053999999999,0.73470068,0.19103789999999998
2024,19,0.0045,1.0,0.16,12.0,0.0,model,18.9,5.528359999999999,6.6075404674508045,0.9296204646000705,0.65,0.057581919999999995,0.7297591799999998,0.1826256
2024,19,0.0045,1.0,0.16,12.0,0.08,model,18.9,5.429219999999999,6.562760672537129,0.9213404442676002,0.7,0.06227745999999999,0.7375740399999999,0.19207674000000002
2024,19,0.0045,1.0,0.16,,0.16,model,18.9,5.382445,6.542579850525326,0.9213404442676002,0.8,0.09159913999999998,0.7871134399999999,0.24605508000000004
2024,28,0.0045,1.0,0.16,12.0,0.04,model,28.0,3.698950000000001,4.5150792502457815,0.9416641305382091,0.85,0.0002976799999999997,0.9244445600000001,0.0033458800000000007
2024,28,0.0045,1.0,0.16,6.0,0.04,model,28.0,3.698950000000001,4.5150792502457815,0.9416641305382091,0.85,0.0002976799999999997,0.9244445600000001,0.0033458800000000007
2024,28,0.0045,1.0,0.16,24.0,0.04,model,28.0,3.698950000000001,4.5150792502457815,0.9416641305382091,0.85,0.0002976799999999997,0.9244445600000001,0.0033458800000000007
2024,28,0.0045,1.0,0.16,38.0,0.04,model,28.0,3.7003249999999994,4.517132313370951,0.9416641305382091,0.85,0.0002976799999999997,0.92192686,0.003287560000000003
2024,28,0.0045,1.0,0.16,12.0,0.0,model,28.0,3.6712950000000006,4.478030491466087,0.9416641305382091,0.85,0.0001513800000000007,0.94067074,0.0026664600000000016
2024,28,0.0045,1.0,0.16,12.0,0.08,model,28.0,3.723130000000001,4.539902729244317,0.9431695887804765,0.85,0.0004804999999999987,0.9346390200000001,0.003953639999999999
2024,28,0.0045,1.0,0.16,,0.16,model,28.0,3.7814099999999997,4.607073708874212,0.9431695887804765,0.9,0.0019160600000000007,0.9756154999999999,0.007010760000000005
2024,5,0.003,3.0,0.16,12.0,0.04,model,5.0,8.467605,9.921874739861414,0.8129474508243532,0.6,0.7849160000000001,0.5591609399999999,0.9049807799999999
2024,5,0.003,3.0,0.16,6.0,0.04,model,5.0,8.48763,9.937570481913575,0.8129474508243532,0.6,0.85397032,0.53347616,0.8566261
2024,5,0.003,3.0,0.16,24.0,0.04,model,5.0,8.468955000000001,9.941959891716524,0.8114419925820859,0.65,0.73461564,0.61489462,0.9683874800000001
2024,5,0.003,3.0,0.16,38.0,0.04,model,5.0,8.46093,9.938782989933928,0.82875476236816,0.85,0.7265554200000001,0.62975076,0.9966345000000002
2024,5,0.003,3.0,0.16,12.0,0.0,model,5.0,8.467605,9.921874739861414,0.8129474508243532,0.6,0.7849160000000001,0.5591609399999999,0.9049807799999999
2024,5,0.003,3.0,0.16,12.0,0.08,model,5.0,8.467605,9.921874739861414,0.8129474508243532,0.6,0.7849160000000001,0.5591609399999999,0.9049807799999999
2024,5,0.003,3.0,0.16,,0.16,model,5.0,8.445350000000001,9.932524113537303,0.82875476236816,0.85,0.71904884,0.6627551599999999,1.03040452
2024,10,0.003,3.0,0.16,12.0,0.04,model,10.0,6.705144999999999,9.006073800413807,0.835529324458363,0.8,0.35296968000000006,0.5356187399999999,0.63577408
2024,10,0.003,3.0,0.16,6.0,0.04,model,10.0,6.705144999999999,9.006073800413807,0.835529324458363,0.8,0.35296968000000006,0.5356187399999999,0.63577408
2024,10,0.003,3.0,0.16,24.0,0.04,model,10.0,6.78316,9.077030843398076,0.835529324458363,0.8,0.36534575999999996,0.6134084200000001,0.69013932
2024,10,0.003,3.0,0.16,38.0,0.04,model,10.0,6.820924999999998,9.109857331347182,0.835529324458363,0.8,0.37637232,0.65763358,0.7200826400000002
2024,10,0.003,3.0,0.16,12.0,0.0,model,10.0,6.696810000000001,8.989398518644059,0.835529324458363,0.75,0.35110484000000003,0.5245997999999998,0.6354352600000001
2024,10,0.003,3.0,0.16,12.0,0.08,model,10.0,6.758855,9.055173402729514,0.835529324458363,0.8,0.36155919999999997,0.5959535,0.6661566200000001
2024,10,0.003,3.0,0.16,,0.16,model,10.0,6.93774,9.221834224870886,0.835529324458363,0.85,0.4118101199999999,0.7535731999999999,0.7925441200000001
2024,19,0.003,3.0,0.16,12.0,0.04,model,18.9,5.65712,6.7936347197211004,0.9100495074505954,0.65,0.03590541999999998,0.7829630799999998,0.19490606
2024,19,0.003,3.0,0.16,6.0,0.04,model,18.9,5.65712,6.7936347197211004,0.9100495074505954,0.65,0.03590541999999998,0.7829630799999998,0.19490606
2024,19,0.003,3.0,0.16,24.0,0.04,model,18.9,5.65712,6.7936347197211004,0.9100495074505954,0.65,0.03590541999999998,0.7829630799999998,0.19490606
2024,19,0.003,3.0,0.16,38.0,0.04,model,18.9,5.63997,6.767533606565984,0.9077913200871944,0.65,0.04101301999999999,0.779891,0.2064243
2024,19,0.003,3.0,0.16,12.0,0.0,model,18.9,5.727275,6.836306289985842,0.9235986316310013,0.65,0.038938360000000005,0.77627654,0.19851372
2024,19,0.003,3.0,0.16,12.0,0.08,model,18.9,5.6405650000000005,6.7678108740197525,0.9077913200871944,0.65,0.041585380000000005,0.7763240399999999,0.2064048
2024,19,0.003,3.0,0.16,,0.16,model,18.9,5.613249999999999,6.72486162311166,0.9077913200871944,0.8,0.06462019999999999,0.8239375999999999,0.26519248000000006
2024,28,0.003,3.0,0.16,12.0,0.04,model,28.0,3.7582750000000003,4.574117705252019,0.9416641305382091,0.85,0.00021217999999999953,0.9574263199999998,0.0032337000000000004
2024,28,0.003,3.0,0.16,6.0,0.04,model,28.0,3.7582750000000003,4.574117705252019,0.9416641305382091,0.85,0.00021217999999999953,0.9574263199999998,0.0032337000000000004
2024,28,0.003,3.0,0.16,24.0,0.04,model,28.0,3.7582750000000003,4.574117705252019,0.9416641305382091,0.85,0.00021217999999999953,0.9574263199999998,0.0032337000000000004
2024,28,0.003,3.0,0.16,38.0,0.04,model,28.0,3.761245,4.578541391043658,0.9416641305382091,0.85,0.0002000000000000002,0.9547160800000002,0.003139899999999998
2024,28,0.003,3.0,0.16,12.0,0.0,model,28.0,3.742560000000001,4.536982719164799,0.9416641305382091,0.85,8.978000000000054e-05,0.95386124,0.0024558600000000002
2024,28,0.003,3.0,0.16,12.0,0.08,model,28.0,3.7850300000000003,4.602618692657475,0.9416641305382091,0.85,0.0003354200000000003,0.9660467600000001,0.003269920000000003
2024,28,0.003,3.0,0.16,,0.16,model,28.0,3.84119,4.663705229535845,0.9431695887804765,0.9,0.0014152800000000023,0.9916136600000002,0.006721039999999998
2024,5,0.007,1.0,0.16,12.0,0.04,model,5.0,7.9230300000000025,9.169598450968287,0.8347765953372294,0.9,0.7421638800000001,0.5151327400000001,0.7434140199999999
2024,5,0.007,1.0,0.16,6.0,0.04,model,5.0,7.919230000000001,9.153146760977888,0.8317656788526947,0.7,0.8145064999999999,0.4607058,0.6787675
2024,5,0.007,1.0,0.16,24.0,0.04,model,5.0,7.919829999999999,9.186486756970806,0.8347765953372294,0.9,0.71809258,0.5698924800000001,0.8279285000000001
2024,5,0.007,1.0,0.16,38.0,0.04,model,5.0,7.914619999999999,9.191392297633694,0.8347765953372294,0.9,0.7047107600000001,0.5872177399999999,0.8621225
2024,5,0.007,1.0,0.16,12.0,0.0,model,5.0,7.9230300000000025,9.169598450968287,0.8347765953372294,0.9,0.7421638800000001,0.5151327400000001,0.7434140199999999
2024,5,0.007,1.0,0.16,12.0,0.08,model,5.0,7.9230300000000025,9.169598450968287,0.8347765953372294,0.9,0.7421638800000001,0.5151327400000001,0.7434140199999999
2024,5,0.007,1.0,0.16,,0.16,model,5.0,7.922555,9.21740377365015,0.8347765953372294,0.9,0.6891061600000002,0.6335063200000001,0.9205661399999997
2024,10,0.007,1.0,0.16,12.0,0.04,model,10.0,6.48193,8.507300626461957,0.8498311777599025,0.8,0.34750924,0.54725808,0.50412412
2024,10,0.007,1.0,0.16,6.0,0.04,model,10.0,6.48193,8.507300626461957,0.8498311777599025,0.8,0.34750924,0.54725808,0.50412412
2024,10,0.007,1.0,0.16,24.0,0.04,model,10.0,6.479585000000002,8.56935265311797,0.8498311777599025,0.85,0.35739396,0.6347317600000001,0.55901816
2024,10,0.007,1.0,0.16,38.0,0.04,model,10.0,6.516695,8.6174629412316,0.8498311777599025,0.9,0.37690856000000006,0.68645484,0.59179432
2024,10,0.007,1.0,0.16,12.0,0.0,model,10.0,6.486915000000001,8.489302503945774,0.8498311777599025,0.8,0.34325938,0.5309802800000001,0.5039048799999999
2024,10,0.007,1.0,0.16,12.0,0.08,model,10.0,6.481869999999999,8.55850630828768,0.8498311777599025,0.8,0.35195647999999996,0.6013426599999999,0.53781382
2024,10,0.007,1.0,0.16,,0.16,model,10.0,6.618869999999999,8.735091544740673,0.8498311777599025,0.9,0.4158602800000001,0.7886718399999999,0.6821022200000001
2024,19,0.007,1.0,0.16,12.0,0.04,model,18.9,5.6147300000000016,6.748818080152999,0.8980058415124568,0.6,0.048569779999999986,0.9883077600000001,0.17747247999999996
2024,19,0.007,1.0,0.16,6.0,0.04,model,18.9,5.6147300000000016,6.748818080152999,0.8980058415124568,0.6,0.048569779999999986,0.9883077600000001,0.17747247999999996
2024,19,0.007,1.0,0.16,24.0,0.04,model,18.9,5.6147300000000016,6.748818080152999,0.8980058415124568,0.6,0.048569779999999986,0.9883077600000001,0.17747247999999996
2024,19,0.007,1.0,0.16,38.0,0.04,model,18.9,5.60178,6.718123131053791,0.9032749453603924,0.7,0.05583925999999999,0.9951379599999999,0.18530048
2024,19,0.007,1.0,0.16,12.0,0.0,model,18.9,5.6573649999999995,6.772085316466414,0.8980058415124568,0.6,0.04748346000000001,1.0017102599999996,0.17358552
2024,19,0.007,1.0,0.16,12.0,0.08,model,18.9,5.601145,6.718971186387094,0.9032749453603924,0.7,0.056561639999999996,0.9977547999999999,0.18302864000000002
2024,19,0.007,1.0,0.16,,0.16,model,18.9,5.5777199999999985,6.689046865959305,0.9032749453603924,0.75,0.08135828,1.01942208,0.24340121999999995
2024,28,0.007,1.0,0.16,12.0,0.04,model,28.0,3.67889,4.497680177491504,0.9416641305382091,0.9,0.00016022000000000014,1.07622212,0.0014682200000000005
2024,28,0.007,1.0,0.16,6.0,0.04,model,28.0,3.67889,4.497680177491504,0.9416641305382091,0.9,0.00016022000000000014,1.07622212,0.0014682200000000005
2024,28,0.007,1.0,0.16,24.0,0.04,model,28.0,3.67889,4.497680177491504,0.9416641305382091,0.9,0.00016022000000000014,1.07622212,0.0014682200000000005
2024,28,0.007,1.0,0.16,38.0,0.04,model,28.0,3.68044,4.500767112948637,0.9416641305382091,0.9,0.00015494000000000033,1.0764046999999999,0.0016383799999999974
2024,28,0.007,1.0,0.16,12.0,0.0,model,28.0,3.6583300000000007,4.460590433787886,0.9416641305382091,0.85,0.00011552000000000078,1.07940748,0.0015222200000000016
2024,28,0.007,1.0,0.16,12.0,0.08,model,28.0,3.694670000000001,4.527217092320624,0.9416641305382091,0.9,0.00029282,1.0708127399999998,0.002373480000000002
2024,28,0.007,1.0,0.16,,0.16,model,28.0,3.7612949999999996,4.5991534076936365,0.9446750470227439,0.9,0.0015625000000000007,1.10924016,0.0047805999999999986
2024,5,0.0045,2.0,0.16,12.0,0.04,model,5.0,8.197299999999998,9.540720200750046,0.8340238662160956,0.65,0.75510362,0.5415087000000001,0.8084591600000001
2024,5,0.0045,2.0,0.16,6.0,0.04,model,5.0,8.216520000000001,9.549713774297112,0.8167110964300214,0.6,0.8134235800000001,0.50352776,0.7599739400000001
2024,5,0.0045,2.0,0.16,24.0,0.04,model,5.0,8.20036,9.561692885833553,0.8340238662160956,0.9,0.7213950799999999,0.59000948,0.89367138
2024,5,0.0045,2.0,0.16,38.0,0.04,model,5.0,8.18458,9.55894458860391,0.835529324458363,0.9,0.70047724,0.61589876,0.9045012799999999
2024,5,0.0045,2.0,0.16,12.0,0.0,model,5.0,8.197299999999998,9.540720200750046,0.8340238662160956,0.65,0.75510362,0.5415087000000001,0.8084591600000001
2024,5,0.0045,2.0,0.16,12.0,0.08,model,5.0,8.197299999999998,9.540720200750046,0.8340238662160956,0.65,0.75510362,0.5415087000000001,0.8084591600000001
2024,5,0.0045,2.0,0.16,,0.16,model,5.0,8.184860000000002,9.566539755418361,0.835529324458363,0.9,0.68819506,0.64671114,0.96482234
2024,10,0.0045,2.0,0.16,12.0,0.04,model,10.0,6.548409999999999,8.757074566200748,0.8392929700640313,0.8,0.33116462,0.53776766,0.56102148
2024,10,0.0045,2.0,0.16,6.0,0.04,model,10.0,6.548409999999999,8.757074566200748,0.8392929700640313,0.8,0.33116462,0.53776766,0.56102148
2024,10,0.0045,2.0,0.16,24.0,0.04,model,10.0,6.565135000000001,8.825634227549882,0.8392929700640313,0.8,0.34093189999999995,0.62008558,0.6077852400000001
2024,10,0.0045,2.0,0.16,38.0,0.04,model,10.0,6.60648,8.863241575405695,0.8392929700640313,0.85,0.36283112,0.6547707199999999,0.64824412
2024,10,0.0045,2.0,0.16,12.0,0.0,model,10.0,6.55271,8.739650773057239,0.8392929700640313,0.8,0.32678904000000003,0.51244714,0.55909646
2024,10,0.0045,2.0,0.16,12.0,0.08,model,10.0,6.543139999999999,8.801984116266059,0.8392929700640313,0.8,0.33952872000000006,0.59749474,0.59747456
2024,10,0.0045,2.0,0.16,,0.16,model,10.0,6.702970000000002,8.963787308387008,0.835529324458363,0.85,0.40277247999999993,0.7529216799999999,0.72061158
2024,19,0.0045,2.0,0.16,12.0,0.04,model,18.9,5.656529999999999,6.778776949494651,0.9017694871181251,0.65,0.041809059999999995,0.87872096,0.18579782
2024,19,0.0045,2.0,0.16,6.0,0.04,model,18.9,5.656529999999999,6.778776949494651,0.9017694871181251,0.65,0.041809059999999995,0.87872096,0.18579782
2024,19,0.0045,2.0,0.16,24.0,0.04,model,18.9,5.656529999999999,6.778776949494651,0.9017694871181251,0.65,0.041809059999999995,0.87872096,0.18579782
2024,19,0.0045,2.0,0.16,38.0,0.04,model,18.9,5.663475,6.7620046592338285,0.9017694871181251,0.65,0.047152120000000006,0.87227246,0.20155114000000002
2024,19,0.0045,2.0,0.16,12.0,0.0,model,18.9,5.6973400000000005,6.816919640204071,0.9100495074505954,0.6,0.0419418,0.8876265799999999,0.19013678
2024,19,0.0045,2.0,0.16,12.0,0.08,model,18.9,5.666514999999999,6.765074190760956,0.9017694871181251,0.65,0.04705984000000002,0.8760647800000001,0.20183504
2024,19,0.0045,2.0,0.16,,0.16,model,18.9,5.648290000000001,6.723468312634484,0.9017694871181251,0.8,0.06989872,0.9069111799999999,0.25385604
2024,28,0.0045,2.0,0.16,12.0,0.04,model,28.0,3.7222999999999997,4.537271679214283,0.9416641305382091,0.85,0.000182420000000001,1.0298659199999998,0.00225922
2024,28,0.0045,2.0,0.16,6.0,0.04,model,28.0,3.7222999999999997,4.537271679214283,0.9416641305382091,0.85,0.000182420000000001,1.0298659199999998,0.00225922
2024,28,0.0045,2.0,0.16,24.0,0.04,model,28.0,3.7222999999999997,4.537271679214283,0.9416641305382091,0.85,0.000182420000000001,1.0298659199999998,0.00225922
2024,28,0.0045,2.0,0.16,38.0,0.04,model,28.0,3.72469,4.541095311375879,0.9416641305382091,0.85,0.0001980200000000002,1.02650914,0.0022580600000000036
2024,28,0.0045,2.0,0.16,12.0,0.0,model,28.0,3.7065400000000004,4.499810937806165,0.9416641305382091,0.9,7.687999999999979e-05,1.0148846,0.0020208199999999987
2024,28,0.0045,2.0,0.16,12.0,0.08,model,28.0,3.7341700000000015,4.561769251069152,0.9416641305382091,0.9,0.0003380000000000003,1.0198473799999999,0.00266976
2024,28,0.0045,2.0,0.16,,0.16,model,28.0,3.7950349999999986,4.629297065916162,0.9431695887804765,0.9,0.0013677399999999995,1.05681382,0.005698140000000005
2024,5,0.0045,3.0,0.16,12.0,0.04,model,5.0,8.198630000000001,9.725870928199695,0.8340238662160956,0.7,0.6819970399999999,0.5320740200000001,0.8340944199999999
2024,5,0.0045,3.0,0.16,6.0,0.04,model,5.0,8.226985,9.745102356029927,0.8189692837934225,0.6,0.7389749000000001,0.4944083000000001,0.78938196
2024,5,0.0045,3.0,0.16,24.0,0.04,model,5.0,8.185955,9.727775754379827,0.8340238662160956,0.8,0.64748394,0.58489712,0.90688668
2024,5,0.0045,3.0,0.16,38.0,0.04,model,5.0,8.185670000000002,9.73617010933971,0.8340238662160956,0.8,0.6386099599999999,0.6070114,0.92395454
2024,5,0.0045,3.0,0.16,12.0,0.0,model,5.0,8.198630000000001,9.725870928199695,0.8340238662160956,0.7,0.6819970399999999,0.5320740200000001,0.8340944199999999
2024,5,0.0045,3.0,0.16,12.0,0.08,model,5.0,8.198630000000001,9.725870928199695,0.8340238662160956,0.7,0.6819970399999999,0.5320740200000001,0.8340944199999999
2024,5,0.0045,3.0,0.16,,0.16,model,5.0,8.195010000000002,9.754409876204711,0.8340238662160956,0.85,0.6252356800000001,0.63867176,0.9759256000000001
2024,10,0.0045,3.0,0.16,12.0,0.04,model,10.0,6.57611,8.891559950987228,0.833271137094962,0.75,0.26796154000000005,0.5706523400000001,0.5511509000000001
2024,10,0.0045,3.0,0.16,6.0,0.04,model,10.0,6.57611,8.891559950987228,0.833271137094962,0.75,0.26796154000000005,0.5706523400000001,0.5511509000000001
2024,10,0.0045,3.0,0.16,24.0,0.04,model,10.0,6.565315,8.94289704315665,0.8392929700640313,0.85,0.28760857999999995,0.6437046200000001,0.60790484
2024,10,0.0045,3.0,0.16,38.0,0.04,model,10.0,6.599074999999999,8.988321656766628,0.8392929700640313,0.85,0.31723278,0.6891498,0.6559689000000001
2024,10,0.0045,3.0,0.16,12.0,0.0,model,10.0,6.5768450000000005,8.876004836326983,0.833271137094962,0.75,0.26708642,0.5578963800000001,0.5498271800000001
2024,10,0.0045,3.0,0.16,12.0,0.08,model,10.0,6.568425,8.932760458419335,0.8392929700640313,0.8,0.27878208000000004,0.6347111000000001,0.59424458
2024,10,0.0045,3.0,0.16,,0.16,model,10.0,6.68613,9.069751723614049,0.8392929700640313,0.85,0.34929494000000005,0.7939942799999999,0.7258944600000001
2024,19,0.0045,3.0,0.16,12.0,0.04,model,18.9,5.805115000000001,6.904789439258812,0.8980058415124568,0.55,0.03795208000000001,0.96275522,0.19865753999999997
2024,19,0.0045,3.0,0.16,6.0,0.04,model,18.9,5.805115000000001,6.904789439258812,0.8980058415124568,0.55,0.03795208000000001,0.96275522,0.19865753999999997
2024,19,0.0045,3.0,0.16,24.0,0.04,model,18.9,5.805115000000001,6.904789439258812,0.8980058415124568,0.55,0.03795208000000001,0.96275522,0.19865753999999997
2024,19,0.0045,3.0,0.16,38.0,0.04,model,18.9,5.803834999999999,6.872357905879174,0.9017694871181251,0.65,0.04183692000000001,0.9460382999999999,0.20694356000000003
2024,19,0.0045,3.0,0.16,12.0,0.0,model,18.9,5.82188,6.937863742608383,0.8980058415124568,0.55,0.03705442,0.9677524000000001,0.19344238000000002
2024,19,0.0045,3.0,0.16,12.0,0.08,model,18.9,5.804045,6.873622058892967,0.9017694871181251,0.65,0.041375920000000004,0.94457554,0.20787248000000005
2024,19,0.0045,3.0,0.16,,0.16,model,18.9,5.78516,6.833789344792536,0.9017694871181251,0.75,0.06004116000000001,0.9721245000000002,0.26026002000000004
2024,28,0.0045,3.0,0.16,12.0,0.04,model,28.0,3.7413199999999995,4.551454651317532,0.9416641305382091,0.85,0.0001921400000000004,1.0549817,0.0021895999999999973
2024,28,0.0045,3.0,0.16,6.0,0.04,model,28.0,3.7413199999999995,4.551454651317532,0.9416641305382091,0.85,0.0001921400000000004,1.0549817,0.0021895999999999973
2024,28,0.0045,3.0,0.16,24.0,0.04,model,28.0,3.7413199999999995,4.551454651317532,0.9416641305382091,0.85,0.0001921400000000004,1.0549817,0.0021895999999999973
2024,28,0.0045,3.0,0.16,38.0,0.04,model,28.0,3.741445,4.551316411709913,0.9416641305382091,0.85,0.00019813999999999997,1.0597892999999998,0.0022132600000000007
2024,28,0.0045,3.0,0.16,12.0,0.0,model,28.0,3.717809999999999,4.509615170499585,0.9416641305382091,0.9,0.00011101999999999927,1.05526448,0.0015996199999999986
2024,28,0.0045,3.0,0.16,12.0,0.08,model,28.0,3.752745,4.5829130974195875,0.9416641305382091,0.85,0.00032006000000000113,1.0556510799999999,0.002349859999999999
2024,28,0.0045,3.0,0.16,,0.16,model,28.0,3.8031800000000002,4.641322570130199,0.9371477558114073,0.9,0.0012805399999999978,1.08878484,0.004528180000000003
2024,5,0.007,2.0,0.16,12.0,0.04,model,5.0,7.970065,9.51200543295156,0.8295074914892938,0.75,0.63421,0.5084140400000001,0.80361986
2024,5,0.007,2.0,0.16,6.0,0.04,model,5.0,7.9778600000000015,9.513704304160393,0.8295074914892938,0.6,0.6931119800000001,0.44992728000000004,0.7335019999999999
2024,5,0.007,2.0,0.16,24.0,0.04,model,5.0,7.95154,9.513982276575883,0.8445620739119668,0.8,0.61438482,0.5599554599999998,0.8740433400000001
2024,5,0.007,2.0,0.16,38.0,0.04,model,5.0,7.952019999999999,9.52267301544057,0.8445620739119668,0.85,0.60652658,0.5887628199999999,0.8986797400000002
2024,5,0.007,2.0,0.16,12.0,0.0,model,5.0,7.970065,9.51200543295156,0.8295074914892938,0.75,0.63421,0.5084140400000001,0.80361986
2024,5,0.007,2.0,0.16,12.0,0.08,model,5.0,7.970065,9.51200543295156,0.8295074914892938,0.75,0.63421,0.5084140400000001,0.80361986
2024,5,0.007,2.0,0.16,,0.16,model,5.0,7.959254999999999,9.53870327327043,0.8445620739119668,0.9,0.60276678,0.61774012,0.9511630400000002
2024,10,0.007,2.0,0.16,12.0,0.04,model,10.0,6.531485000000001,8.774998408689314,0.8370347827006303,0.8,0.25914881999999995,0.6276038800000001,0.51859628
2024,10,0.007,2.0,0.16,6.0,0.04,model,10.0,6.531485000000001,8.774998408689314,0.8370347827006303,0.8,0.25914881999999995,0.6276038800000001,0.51859628
2024,10,0.007,2.0,0.16,24.0,0.04,model,10.0,6.51725,8.81906696476447,0.8430566156696997,0.85,0.28070328,0.7141525999999999,0.56883108
2024,10,0.007,2.0,0.16,38.0,0.04,model,10.0,6.51935,8.85290235645915,0.8430566156696997,0.85,0.30221819999999994,0.7650705800000001,0.62111328
2024,10,0.007,2.0,0.16,12.0,0.0,model,10.0,6.542845,8.767033226439832,0.82875476236816,0.75,0.24883566000000004,0.6065020199999999,0.5158866599999999
2024,10,0.007,2.0,0.16,12.0,0.08,model,10.0,6.521170000000001,8.806794152982116,0.8370347827006303,0.85,0.27368454,0.68421416,0.55754628
2024,10,0.007,2.0,0.16,,0.16,model,10.0,6.579204999999999,8.931498486564278,0.8430566156696997,0.85,0.33768297999999997,0.8603612199999999,0.70277506
2024,19,0.007,2.0,0.16,12.0,0.04,model,18.9,5.852935,6.951260844947483,0.8980058415124568,0.6,0.041276900000000005,1.1120291800000002,0.19924529999999996
2024,19,0.007,2.0,0.16,6.0,0.04,model,18.9,5.852935,6.951260844947483,0.8980058415124568,0.6,0.041276900000000005,1.1120291800000002,0.19924529999999996
2024,19,0.007,2.0,0.16,24.0,0.04,model,18.9,5.852935,6.951260844947483,0.8980058415124568,0.6,0.041276900000000005,1.1120291800000002,0.19924529999999996
2024,19,0.007,2.0,0.16,38.0,0.04,model,18.9,5.846995,6.924379434613617,0.8980058415124568,0.6,0.04267690000000001,1.0964010600000003,0.19991669999999995
2024,19,0.007,2.0,0.16,12.0,0.0,model,18.9,5.86538,6.986578692607707,0.8980058415124568,0.6,0.042267080000000005,1.1439002999999996,0.19217713999999994
2024,19,0.007,2.0,0.16,12.0,0.08,model,18.9,5.84651,6.923977606188512,0.8980058415124568,0.6,0.04276706,1.09882396,0.20048994000000006
2024,19,0.007,2.0,0.16,,0.16,model,18.9,5.827915,6.883319162838521,0.9032749453603924,0.7,0.0680695,1.1107285199999999,0.25746542
2024,28,0.007,2.0,0.16,12.0,0.04,model,28.0,3.7114700000000007,4.513794341792723,0.9416641305382091,0.8,0.0001513800000000007,1.11915346,0.0015754399999999993
2024,28,0.007,2.0,0.16,6.0,0.04,model,28.0,3.7114700000000007,4.513794341792723,0.9416641305382091,0.8,0.0001513800000000007,1.11915346,0.0015754399999999993
2024,28,0.007,2.0,0.16,24.0,0.04,model,28.0,3.7114700000000007,4.513794341792723,0.9416641305382091,0.8,0.0001513800000000007,1.11915346,0.0015754399999999993
2024,28,0.007,2.0,0.16,38.0,0.04,model,28.0,3.71177,4.516182512033808,0.9416641305382091,0.8,0.00016561999999999995,1.1134585799999999,0.0014876199999999992
2024,28,0.007,2.0,0.16,12.0,0.0,model,28.0,3.6939300000000004,4.480099507935064,0.9416641305382091,0.85,0.00014111999999999935,1.12732178,0.001370080000000001
2024,28,0.007,2.0,0.16,12.0,0.08,model,28.0,3.7290600000000014,4.547285131262389,0.9371477558114073,0.8,0.00030751999999999917,1.11798288,0.0017560599999999972
2024,28,0.007,2.0,0.16,,0.16,model,28.0,3.7662649999999998,4.608633015385365,0.9371477558114073,0.9,0.0013729399999999996,1.1716206399999998,0.0035290400000000024
2024,5,0.01,1.0,0.16,12.0,0.04,model,5.0,7.755985,9.22307517910919,0.8445620739119668,0.85,0.6476472999999999,0.5091369600000002,0.76751306
2024,5,0.01,1.0,0.16,6.0,0.04,model,5.0,7.761369999999999,9.212493912399617,0.8272493041258928,0.75,0.7037826200000001,0.44379452,0.6810026
2024,5,0.01,1.0,0.16,24.0,0.04,model,5.0,7.745535000000001,9.238329497290081,0.8445620739119668,0.9,0.62475744,0.5802894,0.8433324999999998
2024,5,0.01,1.0,0.16,38.0,0.04,model,5.0,7.741850000000001,9.247624353313666,0.8445620739119668,0.9,0.6176798,0.6011936200000001,0.8789899999999999
2024,5,0.01,1.0,0.16,12.0,0.0,model,5.0,7.755985,9.22307517910919,0.8445620739119668,0.85,0.6476472999999999,0.5091369600000002,0.76751306
2024,5,0.01,1.0,0.16,12.0,0.08,model,5.0,7.755985,9.22307517910919,0.8445620739119668,0.85,0.6476472999999999,0.5091369600000002,0.76751306
2024,5,0.01,1.0,0.16,,0.16,model,5.0,7.7432099999999995,9.270766179394236,0.8460675321542342,0.9,0.61740044,0.65109142,0.92999674
2024,10,0.01,1.0,0.16,12.0,0.04,model,10.0,6.56978,8.611037485808549,0.8370347827006303,0.8,0.28739236,0.69758958,0.49366308000000003
2024,10,0.01,1.0,0.16,6.0,0.04,model,10.0,6.56978,8.611037485808549,0.8370347827006303,0.8,0.28739236,0.69758958,0.49366308000000003
2024,10,0.01,1.0,0.16,24.0,0.04,model,10.0,6.52141,8.663592038294508,0.8460675321542342,0.85,0.31835626000000006,0.7860214999999999,0.5480612999999999
2024,10,0.01,1.0,0.16,38.0,0.04,model,10.0,6.537285,8.719762774726156,0.8438093447908332,0.9,0.34131153999999997,0.8416108600000002,0.5937759200000001
2024,10,0.01,1.0,0.16,12.0,0.0,model,10.0,6.5846599999999995,8.590952904887793,0.82875476236816,0.75,0.28592856,0.6697815,0.47887418
2024,10,0.01,1.0,0.16,12.0,0.08,model,10.0,6.5305599999999995,8.653553646739587,0.8430566156696997,0.8,0.3081439199999999,0.76068082,0.5311052599999999
2024,10,0.01,1.0,0.16,,0.16,model,10.0,6.616265000000001,8.800331807068414,0.8438093447908332,0.9,0.378569,0.95949118,0.6733246399999999
2024,19,0.01,1.0,0.16,12.0,0.04,model,18.9,5.729735,6.889477730895138,0.9032749453603924,0.6,0.045928280000000016,1.2405429200000002,0.17989625999999997
2024,19,0.01,1.0,0.16,6.0,0.04,model,18.9,5.729735,6.889477730895138,0.9032749453603924,0.6,0.045928280000000016,1.2405429200000002,0.17989625999999997
2024,19,0.01,1.0,0.16,24.0,0.04,model,18.9,5.729735,6.889477730895138,0.9032749453603924,0.6,0.045928280000000016,1.2405429200000002,0.17989625999999997
2024,19,0.01,1.0,0.16,38.0,0.04,model,18.9,5.704224999999999,6.856636024210413,0.9032749453603924,0.65,0.053517560000000006,1.2300482799999999,0.18860986000000005
2024,19,0.01,1.0,0.16,12.0,0.0,model,18.9,5.7734999999999985,6.9233810945231085,0.8980058415124568,0.6,0.048038199999999996,1.2388725399999998,0.17814817999999996
2024,19,0.01,1.0,0.16,12.0,0.08,model,18.9,5.704514999999999,6.857117954323084,0.9032749453603924,0.65,0.053330220000000005,1.2281388,0.18774712
2024,19,0.01,1.0,0.16,,0.16,model,18.9,5.683114999999999,6.829622322537316,0.9032749453603924,0.75,0.07605534000000001,1.2086182799999998,0.24548018
2024,28,0.01,1.0,0.16,12.0,0.04,model,28.0,3.6914450000000016,4.484155175113815,0.9431695887804765,0.85,0.00013127999999999976,1.16167888,0.0012190400000000024
2024,28,0.01,1.0,0.16,6.0,0.04,model,28.0,3.6914450000000016,4.484155175113815,0.9431695887804765,0.85,0.00013127999999999976,1.16167888,0.0012190400000000024
2024,28,0.01,1.0,0.16,24.0,0.04,model,28.0,3.6914450000000016,4.484155175113815,0.9431695887804765,0.85,0.00013127999999999976,1.16167888,0.0012190400000000024
2024,28,0.01,1.0,0.16,38.0,0.04,model,28.0,3.690509999999999,4.48461901882423,0.9371477558114073,0.85,0.0001378399999999994,1.1584294,0.0011862399999999973
2024,28,0.01,1.0,0.16,12.0,0.0,model,28.0,3.665400000000001,4.449586843517048,0.9431695887804765,0.85,0.00012961999999999994,1.1638659599999999,0.001070660000000002
2024,28,0.01,1.0,0.16,12.0,0.08,model,28.0,3.7069250000000005,4.51595642688235,0.9371477558114073,0.85,0.00026912000000000127,1.17552182,0.001634359999999998
2024,28,0.01,1.0,0.16,,0.16,model,28.0,3.768535,4.584097011571636,0.9386532140536744,0.9,0.0012955399999999976,1.2005215799999998,0.0039178600000000004
2024,5,0.007,3.0,0.16,12.0,0.04,model,5.0,8.023895,9.818227761999616,0.8152056381877543,0.7,0.5541699799999998,0.5119459800000001,0.8403126799999999
2024,5,0.007,3.0,0.16,6.0,0.04,model,5.0,8.044785,9.817535622064225,0.8024092431284819,0.65,0.60897606,0.46550782,0.7846669200000002
2024,5,0.007,3.0,0.16,24.0,0.04,model,5.0,8.01488,9.822489941964816,0.8212274711568235,0.75,0.53360174,0.56868528,0.9066565
2024,5,0.007,3.0,0.16,38.0,0.04,model,5.0,8.015885,9.82643735921112,0.8347765953372294,0.75,0.53916156,0.58939286,0.9182072
2024,5,0.007,3.0,0.16,12.0,0.0,model,5.0,8.023895,9.818227761999616,0.8152056381877543,0.7,0.5541699799999998,0.5119459800000001,0.8403126799999999
2024,5,0.007,3.0,0.16,12.0,0.08,model,5.0,8.023895,9.818227761999616,0.8152056381877543,0.7,0.5541699799999998,0.5119459800000001,0.8403126799999999
2024,5,0.007,3.0,0.16,,0.16,model,5.0,8.015785,9.838062159261852,0.8347765953372294,0.85,0.5281418000000001,0.6300146799999999,0.9812879800000001
2024,10,0.007,3.0,0.16,12.0,0.04,model,10.0,6.55313,8.957618048789534,0.82875476236816,0.75,0.21822756,0.6902741200000001,0.5277373599999999
2024,10,0.007,3.0,0.16,6.0,0.04,model,10.0,6.55313,8.957618048789534,0.82875476236816,0.75,0.21822756,0.6902741200000001,0.5277373599999999
2024,10,0.007,3.0,0.16,24.0,0.04,model,10.0,6.53304,9.013696411295422,0.82875476236816,0.85,0.24082784000000002,0.78886008,0.5881409800000001
2024,10,0.007,3.0,0.16,38.0,0.04,model,10.0,6.541205,9.042220312815873,0.82875476236816,0.85,0.26447753999999996,0.8330880400000001,0.62935066
2024,10,0.007,3.0,0.16,12.0,0.0,model,10.0,6.561864999999999,8.956961967235317,0.82875476236816,0.75,0.21040525999999998,0.67895446,0.53236678
2024,10,0.007,3.0,0.16,12.0,0.08,model,10.0,6.531885,8.994109098543333,0.82875476236816,0.8,0.23603365999999992,0.7484507599999999,0.5751533
2024,10,0.007,3.0,0.16,,0.16,model,10.0,6.58916,9.121596013801533,0.8325184079738285,0.85,0.30201053999999994,0.9321289,0.72769884
2024,19,0.007,3.0,0.16,12.0,0.04,model,18.9,5.967725,7.058882583773441,0.8980058415124568,0.6,0.03844707999999999,1.1657965799999999,0.2068504
2024,19,0.007,3.0,0.16,6.0,0.04,model,18.9,5.967725,7.058882583773441,0.8980058415124568,0.6,0.03844707999999999,1.1657965799999999,0.2068504
2024,19,0.007,3.0,0.16,24.0,0.04,model,18.9,5.967725,7.058882583773441,0.8980058415124568,0.6,0.03844707999999999,1.1657965799999999,0.2068504
2024,19,0.007,3.0,0.16,38.0,0.04,model,18.9,5.9584600000000005,7.030675046110438,0.8980058415124568,0.6,0.04116646,1.14323342,0.21273707999999997
2024,19,0.007,3.0,0.16,12.0,0.0,model,18.9,5.980905,7.100514469776115,0.8980058415124568,0.6,0.037535760000000015,1.18897724,0.21006178
2024,19,0.007,3.0,0.16,12.0,0.08,model,18.9,5.958060000000001,7.030399914940828,0.8980058415124568,0.6,0.040941740000000004,1.14412222,0.21387172
2024,19,0.007,3.0,0.16,,0.16,model,18.9,5.929450000000001,6.976085427157555,0.9032749453603924,0.7,0.05986896,1.15644504,0.26763899999999996
2024,28,0.007,3.0,0.16,12.0,0.04,model,28.0,3.7360499999999988,4.527101263722736,0.9371477558114073,0.8,0.00013453999999999956,1.1473309799999998,0.0014320799999999988
2024,28,0.007,3.0,0.16,6.0,0.04,model,28.0,3.7360499999999988,4.527101263722736,0.9371477558114073,0.8,0.00013453999999999956,1.1473309799999998,0.0014320799999999988
2024,28,0.007,3.0,0.16,24.0,0.04,model,28.0,3.7360499999999988,4.527101263722736,0.9371477558114073,0.8,0.00013453999999999956,1.1473309799999998,0.0014320799999999988
2024,28,0.007,3.0,0.16,38.0,0.04,model,28.0,3.7375600000000007,4.529014458025057,0.9371477558114073,0.8,0.00013453999999999956,1.1463848999999997,0.0013798800000000004
2024,28,0.007,3.0,0.16,12.0,0.0,model,28.0,3.7188199999999996,4.492647351951853,0.9431695887804765,0.8,0.00010081999999999995,1.15978104,0.0011469400000000004
2024,28,0.007,3.0,0.16,12.0,0.08,model,28.0,3.751019999999999,4.553254105801695,0.9371477558114073,0.8,0.00026449999999999895,1.1598602999999998,0.001539839999999998
2024,28,0.007,3.0,0.16,,0.16,model,28.0,3.7716449999999995,4.6106725264867805,0.9371477558114073,0.85,0.0012304600000000005,1.18678724,0.0032353999999999994
2024,5,0.01,2.0,0.16,12.0,0.04,model,5.0,7.964439999999999,9.721470189019765,0.8152056381877543,0.7,0.5383544200000001,0.52908304,0.84662958
2024,5,0.01,2.0,0.16,6.0,0.04,model,5.0,7.974539999999999,9.71102226863887,0.8152056381877543,0.7,0.59367726,0.46898648,0.7670332400000001
2024,5,0.01,2.0,0.16,24.0,0.04,model,5.0,7.958855000000002,9.729661946414172,0.8152056381877543,0.75,0.5278644399999999,0.5992531399999999,0.9199227400000001
2024,5,0.01,2.0,0.16,38.0,0.04,model,5.0,7.956710000000001,9.735368350863773,0.8152056381877543,0.75,0.51768422,0.6170071200000001,0.9458675800000002
2024,5,0.01,2.0,0.16,12.0,0.0,model,5.0,7.964439999999999,9.721470189019765,0.8152056381877543,0.7,0.5383544200000001,0.52908304,0.84662958
2024,5,0.01,2.0,0.16,12.0,0.08,model,5.0,7.964439999999999,9.721470189019765,0.8152056381877543,0.7,0.5383544200000001,0.52908304,0.84662958
2024,5,0.01,2.0,0.16,,0.16,model,5.0,7.94853,9.740814949889973,0.8242383876413582,0.85,0.52016836,0.65987756,0.99592054
2024,10,0.01,2.0,0.16,12.0,0.04,model,10.0,6.6053749999999996,8.914870093697385,0.8438093447908332,0.75,0.22348265999999994,0.8130288,0.5205615
2024,10,0.01,2.0,0.16,6.0,0.04,model,10.0,6.6053749999999996,8.914870093697385,0.8438093447908332,0.75,0.22348265999999994,0.8130288,0.5205615
2024,10,0.01,2.0,0.16,24.0,0.04,model,10.0,6.5563449999999985,8.966707002266775,0.8415511574274323,0.85,0.2576619,0.9063887000000002,0.57297284
2024,10,0.01,2.0,0.16,38.0,0.04,model,10.0,6.565240000000001,8.997694495091507,0.8415511574274323,0.85,0.28159072,0.9608362200000001,0.62198186
2024,10,0.01,2.0,0.16,12.0,0.0,model,10.0,6.6183,8.899984375660443,0.8438093447908332,0.75,0.22541659999999994,0.7916570999999999,0.5139955199999999
2024,10,0.01,2.0,0.16,12.0,0.08,model,10.0,6.555024999999999,8.94228730982739,0.8415511574274323,0.8,0.24336049999999998,0.8701758799999999,0.5607244000000001
2024,10,0.01,2.0,0.16,,0.16,model,10.0,6.601320000000001,9.066940494786543,0.8325184079738285,0.9,0.31781216,1.05013204,0.707748
2024,19,0.01,2.0,0.16,12.0,0.04,model,18.9,5.950554999999999,7.089291764661686,0.893489466785655,0.6,0.04300195999999999,1.30900054,0.2053437
2024,19,0.01,2.0,0.16,6.0,0.04,model,18.9,5.950554999999999,7.089291764661686,0.893489466785655,0.6,0.04300195999999999,1.30900054,0.2053437
2024,19,0.01,2.0,0.16,24.0,0.04,model,18.9,5.950554999999999,7.089291764661686,0.893489466785655,0.6,0.04300195999999999,1.30900054,0.2053437
2024,19,0.01,2.0,0.16,38.0,0.04,model,18.9,5.94203,7.060726373044065,0.893489466785655,0.6,0.047051920000000004,1.2869409799999998,0.21214876
2024,19,0.01,2.0,0.16,12.0,0.0,model,18.9,5.959854999999999,7.122889452076313,0.8882203629377193,0.6,0.042127100000000015,1.32499426,0.20399382
2024,19,0.01,2.0,0.16,12.0,0.08,model,18.9,5.9401199999999985,7.058650860327347,0.893489466785655,0.6,0.04651612000000001,1.2871135800000002,0.21228472
2024,19,0.01,2.0,0.16,,0.16,model,18.9,5.9077449999999985,7.0060954926049925,0.9032749453603924,0.7,0.06568417999999998,1.25701242,0.2666578399999999
2024,28,0.01,2.0,0.16,12.0,0.04,model,28.0,3.7163349999999995,4.48898073826342,0.9371477558114073,0.8,0.00014449999999999918,1.19958474,0.001080220000000001
2024,28,0.01,2.0,0.16,6.0,0.04,model,28.0,3.7163349999999995,4.48898073826342,0.9371477558114073,0.8,0.00014449999999999918,1.19958474,0.001080220000000001
2024,28,0.01,2.0,0.16,24.0,0.04,model,28.0,3.7163349999999995,4.48898073826342,0.9371477558114073,0.8,0.00014449999999999918,1.19958474,0.001080220000000001
2024,28,0.01,2.0,0.16,38.0,0.04,model,28.0,3.7155699999999996,4.489060099619963,0.9371477558114073,0.8,0.00015842000000000032,1.2083213199999998,0.0010782200000000013
2024,28,0.01,2.0,0.16,12.0,0.0,model,28.0,3.7023250000000005,4.455908315989008,0.9371477558114073,0.8,0.00010081999999999995,1.19319154,0.0010722000000000006
2024,28,0.01,2.0,0.16,12.0,0.08,model,28.0,3.732725,4.518848689821336,0.9371477558114073,0.8,0.00021635999999999905,1.2148429399999998,0.001234199999999999
2024,28,0.01,2.0,0.16,,0.16,model,28.0,3.754360000000001,4.576168748636791,0.9371477558114073,0.9,0.0011577399999999985,1.2257034,0.0028654399999999973
2024,5,0.01,3.0,0.16,12.0,0.04,model,5.0,8.143685000000001,10.07170315425847,0.8280020332470264,0.7,0.47776624,0.56348292,0.90697812
2024,5,0.01,3.0,0.16,6.0,0.04,model,5.0,8.135209999999999,10.064813347797365,0.8121947217032195,0.7,0.52165358,0.5087695,0.82743142
2024,5,0.01,3.0,0.16,24.0,0.04,model,5.0,8.145075,10.084440104562079,0.8317656788526947,0.7,0.46736418,0.6198741200000001,0.9719564800000002
2024,5,0.01,3.0,0.16,38.0,0.04,model,5.0,8.146120000000002,10.085447915536523,0.8317656788526947,0.7,0.4611370399999999,0.64098222,0.99546452
2024,5,0.01,3.0,0.16,12.0,0.0,model,5.0,8.143685000000001,10.07170315425847,0.8280020332470264,0.7,0.47776624,0.56348292,0.90697812
2024,5,0.01,3.0,0.16,12.0,0.08,model,5.0,8.143685000000001,10.07170315425847,0.8280020332470264,0.7,0.47776624,0.56348292,0.90697812
2024,5,0.01,3.0,0.16,,0.16,model,5.0,8.156365000000001,10.098190386227625,0.8317656788526947,0.75,0.4594230199999999,0.68224822,1.04947542
2024,10,0.01,3.0,0.16,12.0,0.04,model,10.0,6.694479999999999,9.10320431216393,0.8415511574274323,0.75,0.20249933999999997,0.89015346,0.5445322600000002
2024,10,0.01,3.0,0.16,6.0,0.04,model,10.0,6.694479999999999,9.10320431216393,0.8415511574274323,0.75,0.20249933999999997,0.89015346,0.5445322600000002
2024,10,0.01,3.0,0.16,24.0,0.04,model,10.0,6.660090000000001,9.147216244300777,0.8415511574274323,0.8,0.22977272000000004,0.9702436000000001,0.60337636
2024,10,0.01,3.0,0.16,38.0,0.04,model,10.0,6.662375,9.183949239216211,0.8415511574274323,0.85,0.25841835999999996,1.02073108,0.6442270200000001
2024,10,0.01,3.0,0.16,12.0,0.0,model,10.0,6.706445,9.089577710405473,0.8415511574274323,0.75,0.19078713999999997,0.8666073599999999,0.53394082
2024,10,0.01,3.0,0.16,12.0,0.08,model,10.0,6.665195,9.140336323270606,0.8415511574274323,0.8,0.22314752000000002,0.9413177800000002,0.5888945
2024,10,0.01,3.0,0.16,,0.16,model,10.0,6.69364,9.246450850082967,0.8415511574274323,0.85,0.29706769999999993,1.1124464200000002,0.7326273799999999
2024,19,0.01,3.0,0.16,12.0,0.04,model,18.9,6.045685000000001,7.172788410757703,0.893489466785655,0.6,0.040010239999999996,1.3400515,0.21819068000000003
2024,19,0.01,3.0,0.16,6.0,0.04,model,18.9,6.045685000000001,7.172788410757703,0.893489466785655,0.6,0.040010239999999996,1.3400515,0.21819068000000003
2024,19,0.01,3.0,0.16,24.0,0.04,model,18.9,6.045685000000001,7.172788410757703,0.893489466785655,0.6,0.040010239999999996,1.3400515,0.21819068000000003
2024,19,0.01,3.0,0.16,38.0,0.04,model,18.9,6.0241050000000005,7.139801592516419,0.893489466785655,0.6,0.04485883999999999,1.3174490200000002,0.22449376000000001
2024,19,0.01,3.0,0.16,12.0,0.0,model,18.9,6.06049,7.218903689480834,0.8882203629377193,0.6,0.04199374000000001,1.3438681399999997,0.21921322
2024,19,0.01,3.0,0.16,12.0,0.08,model,18.9,6.025135000000001,7.141109365532781,0.893489466785655,0.6,0.04506640000000002,1.3174024399999997,0.22558840000000002
2024,19,0.01,3.0,0.16,,0.16,model,18.9,6.000914999999999,7.084032357174832,0.9032749453603924,0.7,0.06437438,1.26622374,0.27617085999999996
2024,28,0.01,3.0,0.16,12.0,0.04,model,28.0,3.7328950000000005,4.490920059353094,0.9371477558114073,0.8,0.00013121999999999993,1.22266494,0.0009584400000000004
2024,28,0.01,3.0,0.16,6.0,0.04,model,28.0,3.7328950000000005,4.490920059353094,0.9371477558114073,0.8,0.00013121999999999993,1.22266494,0.0009584400000000004
2024,28,0.01,3.0,0.16,24.0,0.04,model,28.0,3.7328950000000005,4.490920059353094,0.9371477558114073,0.8,0.00013121999999999993,1.22266494,0.0009584400000000004
2024,28,0.01,3.0,0.16,38.0,0.04,model,28.0,3.7328699999999997,4.493586670244604,0.9371477558114073,0.8,0.0001479200000000009,1.2223095599999998,0.00097754
2024,28,0.01,3.0,0.16,12.0,0.0,model,28.0,3.7214799999999997,4.461790970563279,0.9371477558114073,0.8,0.00011858000000000062,1.2293594800000003,0.0009546000000000016
2024,28,0.01,3.0,0.16,12.0,0.08,model,28.0,3.7521100000000005,4.5224962584838035,0.9333841102057387,0.8,0.00022262000000000114,1.2301766799999998,0.0011448799999999983
2024,28,0.01,3.0,0.16,,0.16,model,28.0,3.770904999999999,4.582348049362903,0.9371477558114073,0.85,0.0010955600000000026,1.24145644,0.0029707200000000005
2025,5,0.003,1.0,0.16,12.0,0.04,model,5.0,8.755545000000001,10.671177295523675,0.5803541523940521,0.6,0.76649868,3.11040706,0.63644368
2025,5,0.003,1.0,0.16,6.0,0.04,model,5.0,8.796240000000001,10.669286451867341,0.5946560056955916,0.5,0.8485470400000001,3.1814808,0.5847791999999999
2025,5,0.003,1.0,0.16,24.0,0.04,model,5.0,8.730440000000002,10.673250110533344,0.5946560056955916,0.7,0.72154948,3.06421148,0.70706894
2025,5,0.003,1.0,0.16,38.0,0.04,model,5.0,8.72173,10.679199940117236,0.596161463937859,0.7,0.7055383799999999,3.04600862,0.7368622999999999
2025,5,0.003,1.0,0.16,12.0,0.0,model,5.0,8.755545000000001,10.671177295523675,0.5803541523940521,0.6,0.76649868,3.11040706,0.63644368
2025,5,0.003,1.0,0.16,12.0,0.08,model,5.0,8.755545000000001,10.671177295523675,0.5803541523940521,0.6,0.76649868,3.11040706,0.63644368
2025,5,0.003,1.0,0.16,,0.16,model,5.0,8.707559999999999,10.688864942967518,0.596161463937859,0.75,0.67115868,3.0045305200000008,0.7931225399999999
2025,10,0.003,1.0,0.16,12.0,0.04,model,10.0,7.05971,8.227504244605408,0.7579982249815961,0.6,0.1434725,2.6198248199999994,0.53128124
2025,10,0.003,1.0,0.16,6.0,0.04,model,10.0,7.05971,8.227504244605408,0.7579982249815961,0.6,0.1434725,2.6198248199999994,0.53128124
2025,10,0.003,1.0,0.16,24.0,0.04,model,10.0,6.986424999999997,8.2434092345643,0.7617618705872643,0.65,0.16607381999999996,2.547487,0.59977316
2025,10,0.003,1.0,0.16,38.0,0.04,model,10.0,6.949625,8.250946417260266,0.7617618705872643,0.75,0.17415223999999996,2.51061084,0.6560237800000001
2025,10,0.003,1.0,0.16,12.0,0.0,model,10.0,7.08387,8.233716655800102,0.7579982249815961,0.6,0.14200855999999998,2.6311148999999996,0.50931444
2025,10,0.003,1.0,0.16,12.0,0.08,model,10.0,6.995640000000002,8.229107076530237,0.7617618705872643,0.6,0.15650276000000002,2.5753636800000006,0.58523372
2025,10,0.003,1.0,0.16,,0.16,model,10.0,6.914790000000001,8.282418288700468,0.7617618705872643,0.85,0.21424666,2.43544802,0.74169784
2025,19,0.003,1.0,0.16,12.0,0.04,model,19.0,4.66733,5.919042495285872,0.7873546607058087,0.85,0.1538586,1.4555819,0.08418106
2025,19,0.003,1.0,0.16,6.0,0.04,model,19.0,4.66733,5.919042495285872,0.7873546607058087,0.85,0.1538586,1.4555819,0.08418106
2025,19,0.003,1.0,0.16,24.0,0.04,model,19.0,4.66733,5.919042495285872,0.7873546607058087,0.85,0.1538586,1.4555819,0.08418106
2025,19,0.003,1.0,0.16,38.0,0.04,model,19.0,4.704655000000001,5.977787835604405,0.7707946200408682,0.85,0.16838692000000002,1.4050646,0.08879204
2025,19,0.003,1.0,0.16,12.0,0.0,model,19.0,4.632665000000001,5.874431754774244,0.8016565140073483,0.85,0.15224278000000002,1.48538798,0.08591394000000001
2025,19,0.003,1.0,0.16,12.0,0.08,model,19.0,4.704655000000001,5.977787835604405,0.7707946200408682,0.85,0.16838692000000002,1.4050646,0.08879204
2025,19,0.003,1.0,0.16,,0.16,model,19.0,4.753689999999999,6.0556334781755075,0.7579982249815961,0.9,0.21125507999999998,1.31464254,0.12617162000000004
2025,28,0.003,1.0,0.16,12.0,0.04,model,27.7,3.6686800000000006,4.255794867589366,0.9115549656928628,0.75,0.14547793999999997,0.9537261000000001,0.08606647999999999
2025,28,0.003,1.0,0.16,6.0,0.04,model,27.7,3.6686800000000006,4.255794867589366,0.9115549656928628,0.75,0.14547793999999997,0.9537261000000001,0.08606647999999999
2025,28,0.003,1.0,0.16,24.0,0.04,model,27.7,3.6686800000000006,4.255794867589366,0.9115549656928628,0.75,0.14547793999999997,0.9537261000000001,0.08606647999999999
2025,28,0.003,1.0,0.16,38.0,0.04,model,27.7,3.6741449999999993,4.261487680552414,0.9115549656928628,0.75,0.15196771999999997,0.9606586200000001,0.08564912000000001
2025,28,0.003,1.0,0.16,12.0,0.0,model,27.7,3.640565,4.221796508537569,0.9115549656928628,0.75,0.13839158,0.9453193400000002,0.08285444
2025,28,0.003,1.0,0.16,12.0,0.08,model,27.7,3.6851699999999994,4.279575079257285,0.9115549656928628,0.75,0.15876964000000005,0.97637122,0.09373264
2025,28,0.003,1.0,0.16,,0.16,model,27.7,3.7225050000000004,4.336430950044056,0.9017694871181251,0.75,0.1850899,1.0002967999999999,0.13171096
2025,5,0.003,2.0,0.16,12.0,0.04,model,5.0,8.878865000000001,10.688638847276112,0.6059469425125966,0.6,0.7627397199999999,3.1407443400000004,0.54153612
2025,5,0.003,2.0,0.16,6.0,0.04,model,5.0,8.916724999999998,10.680264318709533,0.6044414842703293,0.5,0.8264652800000002,3.1996757399999995,0.4690387199999999
2025,5,0.003,2.0,0.16,24.0,0.04,model,5.0,8.847325,10.691560271097012,0.6059469425125966,0.65,0.7028922199999997,3.1068551,0.61461692
2025,5,0.003,2.0,0.16,38.0,0.04,model,5.0,8.833285,10.689947930205273,0.6059469425125966,0.65,0.6801070800000001,3.0724247599999996,0.6343905400000001
2025,5,0.003,2.0,0.16,12.0,0.0,model,5.0,8.878865000000001,10.688638847276112,0.6059469425125966,0.6,0.7627397199999999,3.1407443400000004,0.54153612
2025,5,0.003,2.0,0.16,12.0,0.08,model,5.0,8.878865000000001,10.688638847276112,0.6059469425125966,0.6,0.7627397199999999,3.1407443400000004,0.54153612
2025,5,0.003,2.0,0.16,,0.16,model,5.0,8.82039,10.69092527688787,0.5954087348167253,0.75,0.659059,3.03486536,0.67860794
2025,10,0.003,2.0,0.16,12.0,0.04,model,10.0,6.993140000000001,8.100390569719464,0.7595036832238633,0.65,0.12526855999999997,2.53495764,0.49461896
2025,10,0.003,2.0,0.16,6.0,0.04,model,10.0,6.993140000000001,8.100390569719464,0.7595036832238633,0.65,0.12526855999999997,2.53495764,0.49461896
2025,10,0.003,2.0,0.16,24.0,0.04,model,10.0,6.92766,8.106166096990611,0.7595036832238633,0.7,0.14669186000000004,2.47836478,0.57315698
2025,10,0.003,2.0,0.16,38.0,0.04,model,10.0,6.882504999999999,8.102328538050033,0.7595036832238633,0.75,0.15867889999999996,2.4516540400000006,0.60753762
2025,10,0.003,2.0,0.16,12.0,0.0,model,10.0,7.013634999999999,8.106527100090396,0.7595036832238633,0.65,0.12111117999999998,2.5463828200000003,0.4764849799999999
2025,10,0.003,2.0,0.16,12.0,0.08,model,10.0,6.935930000000001,8.094277078405458,0.7595036832238633,0.7,0.13887591999999999,2.49783366,0.54770804
2025,10,0.003,2.0,0.16,,0.16,model,10.0,6.81567,8.115936103802198,0.7745582656465366,0.8,0.19258986,2.37357044,0.69843874
2025,19,0.003,2.0,0.16,12.0,0.04,model,19.0,4.455664999999999,5.756196123613232,0.7918710354326106,0.85,0.17081854000000002,1.3330543399999997,0.07618499999999999
2025,19,0.003,2.0,0.16,6.0,0.04,model,19.0,4.455664999999999,5.756196123613232,0.7918710354326106,0.85,0.17081854000000002,1.3330543399999997,0.07618499999999999
2025,19,0.003,2.0,0.16,24.0,0.04,model,19.0,4.455664999999999,5.756196123613232,0.7918710354326106,0.85,0.17081854000000002,1.3330543399999997,0.07618499999999999
2025,19,0.003,2.0,0.16,38.0,0.04,model,19.0,4.48982,5.80082881138549,0.7850964733424077,0.85,0.17770411999999997,1.30648096,0.08355183999999999
2025,19,0.003,2.0,0.16,12.0,0.0,model,19.0,4.424404999999999,5.705952432547962,0.8016565140073483,0.85,0.16542949999999995,1.3525288999999998,0.07628122
2025,19,0.003,2.0,0.16,12.0,0.08,model,19.0,4.48982,5.80082881138549,0.7850964733424077,0.85,0.17770411999999997,1.30648096,0.08355183999999999
2025,19,0.003,2.0,0.16,,0.16,model,19.0,4.567235,5.89561295706392,0.7723000782831355,0.9,0.22729855999999998,1.2237967400000003,0.11683215999999999
2025,28,0.003,2.0,0.16,12.0,0.04,model,27.7,3.5266450000000007,4.1169139809449495,0.9130604239351301,0.75,0.12625462,0.8309279599999999,0.09210115999999999
2025,28,0.003,2.0,0.16,6.0,0.04,model,27.7,3.5266450000000007,4.1169139809449495,0.9130604239351301,0.75,0.12625462,0.8309279599999999,0.09210115999999999
2025,28,0.003,2.0,0.16,24.0,0.04,model,27.7,3.5266450000000007,4.1169139809449495,0.9130604239351301,0.75,0.12625462,0.8309279599999999,0.09210115999999999
2025,28,0.003,2.0,0.16,38.0,0.04,model,27.7,3.5289949999999997,4.118746066887348,0.9130604239351301,0.75,0.12670711999999998,0.82995808,0.09489654
2025,28,0.003,2.0,0.16,12.0,0.0,model,27.7,3.5055099999999997,4.09203647075634,0.9130604239351301,0.75,0.12320812,0.82750494,0.08482618000000001
2025,28,0.003,2.0,0.16,12.0,0.08,model,27.7,3.5478499999999995,4.1470989814567965,0.9130604239351301,0.75,0.14429389999999997,0.86154964,0.09860002000000001
2025,28,0.003,2.0,0.16,,0.16,model,27.7,3.5971849999999996,4.213814264831804,0.9115549656928628,0.9,0.16756829999999998,0.90120694,0.12908924000000002
2025,5,0.0045,1.0,0.16,12.0,0.04,model,5.0,9.103305,10.852839920753462,0.5833650688785867,0.6,0.8131663399999999,3.2217109400000004,0.6087647
2025,5,0.0045,1.0,0.16,6.0,0.04,model,5.0,9.16546,10.88767361983266,0.600677838664661,0.45,0.8870156999999999,3.3138656,0.55570834
2025,5,0.0045,1.0,0.16,24.0,0.04,model,5.0,9.07556,10.849952565841013,0.5893869018476561,0.65,0.7447685400000001,3.16628494,0.6764777399999998
2025,5,0.0045,1.0,0.16,38.0,0.04,model,5.0,9.065459999999998,10.845902174923024,0.5893869018476561,0.65,0.71263166,3.1517627200000002,0.705768
2025,5,0.0045,1.0,0.16,12.0,0.0,model,5.0,9.103305,10.852839920753462,0.5833650688785867,0.6,0.8131663399999999,3.2217109400000004,0.6087647
2025,5,0.0045,1.0,0.16,12.0,0.08,model,5.0,9.103305,10.852839920753462,0.5833650688785867,0.6,0.8131663399999999,3.2217109400000004,0.6087647
2025,5,0.0045,1.0,0.16,,0.16,model,5.0,9.040560000000003,10.843748825337112,0.5893869018476561,0.7,0.6877925,3.1014900400000007,0.7680791399999999
2025,10,0.0045,1.0,0.16,12.0,0.04,model,10.0,7.145775,8.249476359897033,0.751223662891393,0.65,0.14395326,2.59546296,0.49190562000000004
2025,10,0.0045,1.0,0.16,6.0,0.04,model,10.0,7.145775,8.249476359897033,0.751223662891393,0.65,0.14395326,2.59546296,0.49190562000000004
2025,10,0.0045,1.0,0.16,24.0,0.04,model,10.0,7.06379,8.246224459896784,0.7745582656465366,0.7,0.16761946,2.5101787,0.5826209199999999
2025,10,0.0045,1.0,0.16,38.0,0.04,model,10.0,7.027145,8.253008678990955,0.7745582656465366,0.7,0.17829276000000002,2.48239322,0.62259598
2025,10,0.0045,1.0,0.16,12.0,0.0,model,10.0,7.159329999999999,8.248081767841537,0.7595036832238633,0.65,0.14388327999999995,2.57803824,0.4893348799999999
2025,10,0.0045,1.0,0.16,12.0,0.08,model,10.0,7.0823849999999995,8.24320190742044,0.7745582656465366,0.65,0.15704258000000001,2.5315946199999995,0.5607424799999999
2025,10,0.0045,1.0,0.16,,0.16,model,10.0,6.968850000000001,8.280781236815763,0.7745582656465366,0.85,0.2210169999999999,2.4333976200000005,0.7174735800000002
2025,19,0.0045,1.0,0.16,12.0,0.04,model,19.0,4.5714950000000005,5.750303166486094,0.795634681038279,0.85,0.17023721999999994,1.31597276,0.07793935999999999
2025,19,0.0045,1.0,0.16,6.0,0.04,model,19.0,4.5714950000000005,5.750303166486094,0.795634681038279,0.85,0.17023721999999994,1.31597276,0.07793935999999999
2025,19,0.0045,1.0,0.16,24.0,0.04,model,19.0,4.5714950000000005,5.750303166486094,0.795634681038279,0.85,0.17023721999999994,1.31597276,0.07793935999999999
2025,19,0.0045,1.0,0.16,38.0,0.04,model,19.0,4.60647,5.800615033080544,0.8016565140073483,0.85,0.17994949999999998,1.28856696,0.08402006000000001
2025,19,0.0045,1.0,0.16,12.0,0.0,model,19.0,4.541309999999998,5.703721923621453,0.795634681038279,0.85,0.1658157,1.33769006,0.08161050000000002
2025,19,0.0045,1.0,0.16,12.0,0.08,model,19.0,4.60647,5.800615033080544,0.8016565140073483,0.85,0.17994949999999998,1.28856696,0.08402006000000001
2025,19,0.0045,1.0,0.16,,0.16,model,19.0,4.65815,5.8860966425127605,0.7723000782831355,0.9,0.22171758000000003,1.2119927199999998,0.12079182000000001
2025,28,0.0045,1.0,0.16,12.0,0.04,model,27.7,3.5828699999999998,4.156584416681561,0.9130604239351301,0.75,0.12872866,0.8021470199999998,0.09989707999999999
2025,28,0.0045,1.0,0.16,6.0,0.04,model,27.7,3.5828699999999998,4.156584416681561,0.9130604239351301,0.75,0.12872866,0.8021470199999998,0.09989707999999999
2025,28,0.0045,1.0,0.16,24.0,0.04,model,27.7,3.5828699999999998,4.156584416681561,0.9130604239351301,0.75,0.12872866,0.8021470199999998,0.09989707999999999
2025,28,0.0045,1.0,0.16,38.0,0.04,model,27.7,3.5859849999999995,4.161470709316599,0.9130604239351301,0.8,0.1306136,0.8048337,0.10072691999999998
2025,28,0.0045,1.0,0.16,12.0,0.0,model,27.7,3.5673749999999997,4.13346223770098,0.9130604239351301,0.8,0.12410346000000001,0.8070004599999999,0.09233411999999999
2025,28,0.0045,1.0,0.16,12.0,0.08,model,27.7,3.6044300000000016,4.18821418160533,0.9130604239351301,0.8,0.13582743999999997,0.8331945,0.10807481999999999
2025,28,0.0045,1.0,0.16,,0.16,model,27.7,3.64497,4.255001292009204,0.9032749453603924,0.9,0.16682430000000004,0.88025464,0.14576361999999998
2025,5,0.003,3.0,0.16,12.0,0.04,model,5.0,9.03433,10.793395904626124,0.6112160463605322,0.65,0.73214052,3.16641506,0.50822664
2025,5,0.003,3.0,0.16,6.0,0.04,model,5.0,9.071415,10.786204880656587,0.6066996716337303,0.5,0.8233818400000001,3.2194242,0.43683262
2025,5,0.003,3.0,0.16,24.0,0.04,model,5.0,8.99182,10.782056159517998,0.5886341727265224,0.65,0.6841177399999999,3.1147430000000003,0.5689695199999999
2025,5,0.003,3.0,0.16,38.0,0.04,model,5.0,8.98535,10.788901349627775,0.5886341727265224,0.65,0.67476444,3.08213806,0.59988528
2025,5,0.003,3.0,0.16,12.0,0.0,model,5.0,9.03433,10.793395904626124,0.6112160463605322,0.65,0.73214052,3.16641506,0.50822664
2025,5,0.003,3.0,0.16,12.0,0.08,model,5.0,9.03433,10.793395904626124,0.6112160463605322,0.65,0.73214052,3.16641506,0.50822664
2025,5,0.003,3.0,0.16,,0.16,model,5.0,8.96358,10.78635613782523,0.5773432359095174,0.7,0.6501343799999999,3.0547893000000004,0.6447033600000001
2025,10,0.003,3.0,0.16,12.0,0.04,model,10.0,6.981445000000003,8.090979466572636,0.7361690804687198,0.7,0.11847574000000002,2.4770528,0.49684802
2025,10,0.003,3.0,0.16,6.0,0.04,model,10.0,6.981445000000003,8.090979466572636,0.7361690804687198,0.7,0.11847574000000002,2.4770528,0.49684802
2025,10,0.003,3.0,0.16,24.0,0.04,model,10.0,6.904715000000001,8.068848504743412,0.751223662891393,0.7,0.1341251,2.43391232,0.55786844
2025,10,0.003,3.0,0.16,38.0,0.04,model,10.0,6.876865,8.076085687726449,0.751223662891393,0.75,0.15530204,2.40288618,0.59706812
2025,10,0.003,3.0,0.16,12.0,0.0,model,10.0,6.997815000000001,8.102686425223427,0.7421909134377891,0.7,0.11403234,2.4812172200000004,0.4860705800000001
2025,10,0.003,3.0,0.16,12.0,0.08,model,10.0,6.916970000000002,8.066404444050645,0.7361690804687198,0.7,0.12943623999999998,2.44175786,0.53771736
2025,10,0.003,3.0,0.16,,0.16,model,10.0,6.815549999999999,8.089414073713868,0.751223662891393,0.75,0.18410410000000002,2.3554843799999996,0.6868806799999999
2025,19,0.003,3.0,0.16,12.0,0.04,model,19.0,4.38191,5.686442054571559,0.7850964733424077,0.85,0.17890498000000002,1.2598937399999999,0.07890533999999996
2025,19,0.003,3.0,0.16,6.0,0.04,model,19.0,4.38191,5.686442054571559,0.7850964733424077,0.85,0.17890498000000002,1.2598937399999999,0.07890533999999996
2025,19,0.003,3.0,0.16,24.0,0.04,model,19.0,4.38191,5.686442054571559,0.7850964733424077,0.85,0.17890498000000002,1.2598937399999999,0.07890533999999996
2025,19,0.003,3.0,0.16,38.0,0.04,model,19.0,4.4168249999999984,5.734334113173038,0.7723000782831355,0.85,0.18481986,1.24298744,0.0844548
2025,19,0.003,3.0,0.16,12.0,0.0,model,19.0,4.361475,5.636360670459264,0.8016565140073483,0.85,0.173931,1.2656524,0.08046288
2025,19,0.003,3.0,0.16,12.0,0.08,model,19.0,4.4168249999999984,5.734334113173038,0.7723000782831355,0.85,0.18481986,1.24298744,0.0844548
2025,19,0.003,3.0,0.16,,0.16,model,19.0,4.487459999999999,5.8180470399439015,0.7723000782831355,0.9,0.23147398,1.1596592000000001,0.11807888
2025,28,0.003,3.0,0.16,12.0,0.04,model,27.7,3.4620249999999984,4.059394486804651,0.9130604239351301,0.75,0.11946330000000001,0.7758155199999999,0.09771466000000001
2025,28,0.003,3.0,0.16,6.0,0.04,model,27.7,3.4620249999999984,4.059394486804651,0.9130604239351301,0.75,0.11946330000000001,0.7758155199999999,0.09771466000000001
2025,28,0.003,3.0,0.16,24.0,0.04,model,27.7,3.4620249999999984,4.059394486804651,0.9130604239351301,0.75,0.11946330000000001,0.7758155199999999,0.09771466000000001
2025,28,0.003,3.0,0.16,38.0,0.04,model,27.7,3.4621600000000017,4.059032897624754,0.9130604239351301,0.75,0.1213283,0.77290034,0.09787710000000001
2025,28,0.003,3.0,0.16,12.0,0.0,model,27.7,3.4414749999999983,4.033246964233655,0.9130604239351301,0.8,0.11286157999999999,0.77060286,0.09018255999999997
2025,28,0.003,3.0,0.16,12.0,0.08,model,27.7,3.48628,4.091461427534176,0.9130604239351301,0.85,0.13168797999999998,0.80851116,0.10400472
2025,28,0.003,3.0,0.16,,0.16,model,27.7,3.534435000000001,4.15652960358759,0.9115549656928628,0.9,0.16308688,0.84667616,0.12914136
2025,5,0.007,1.0,0.16,12.0,0.04,model,5.0,9.418235,11.083224009172602,0.5833650688785867,0.55,0.82576708,3.3163573200000003,0.63652502
2025,5,0.007,1.0,0.16,6.0,0.04,model,5.0,9.479990000000003,11.123729178517427,0.6330451908734085,0.5,0.9081925799999999,3.4064103800000005,0.57894478
2025,5,0.007,1.0,0.16,24.0,0.04,model,5.0,9.381885,11.06049812307294,0.5796014232729185,0.6,0.7626399199999999,3.26873134,0.7014474799999999
2025,5,0.007,1.0,0.16,38.0,0.04,model,5.0,9.365044999999999,11.055616184433141,0.5796014232729185,0.6,0.7350777399999999,3.2452625999999998,0.71487674
2025,5,0.007,1.0,0.16,12.0,0.0,model,5.0,9.418235,11.083224009172602,0.5833650688785867,0.55,0.82576708,3.3163573200000003,0.63652502
2025,5,0.007,1.0,0.16,12.0,0.08,model,5.0,9.418235,11.083224009172602,0.5833650688785867,0.55,0.82576708,3.3163573200000003,0.63652502
2025,5,0.007,1.0,0.16,,0.16,model,5.0,9.340725,11.042353515283779,0.5615359243657106,0.7,0.7052695000000001,3.1790157400000005,0.7867962800000001
2025,10,0.007,1.0,0.16,12.0,0.04,model,10.0,7.21058,8.276023296366438,0.7813328277367394,0.7,0.17271356000000002,2.44137844,0.5439364000000001
2025,10,0.007,1.0,0.16,6.0,0.04,model,10.0,7.21058,8.276023296366438,0.7813328277367394,0.7,0.17271356000000002,2.44137844,0.5439364000000001
2025,10,0.007,1.0,0.16,24.0,0.04,model,10.0,7.114485,8.252956855182267,0.7753109947676702,0.7,0.18891805999999997,2.3843758000000004,0.6132635799999999
2025,10,0.007,1.0,0.16,38.0,0.04,model,10.0,7.091949999999999,8.271500411956708,0.7753109947676702,0.75,0.20841242,2.3833189000000004,0.6518978
2025,10,0.007,1.0,0.16,12.0,0.0,model,10.0,7.2219549999999995,8.276392861657788,0.7813328277367394,0.7,0.16656427999999998,2.449973,0.5315741799999999
2025,10,0.007,1.0,0.16,12.0,0.08,model,10.0,7.131365,8.25267260107294,0.7753109947676702,0.7,0.18049772000000003,2.4035742800000004,0.59742204
2025,10,0.007,1.0,0.16,,0.16,model,10.0,7.046284999999999,8.303138915163348,0.7610091414661307,0.85,0.24497087999999997,2.33748238,0.7447402599999999
2025,19,0.007,1.0,0.16,12.0,0.04,model,19.0,4.439375000000001,5.551918680915635,0.8069256178552839,0.85,0.20202751999999996,1.14626684,0.09423490000000002
2025,19,0.007,1.0,0.16,6.0,0.04,model,19.0,4.439375000000001,5.551918680915635,0.8069256178552839,0.85,0.20202751999999996,1.14626684,0.09423490000000002
2025,19,0.007,1.0,0.16,24.0,0.04,model,19.0,4.439375000000001,5.551918680915635,0.8069256178552839,0.85,0.20202751999999996,1.14626684,0.09423490000000002
2025,19,0.007,1.0,0.16,38.0,0.04,model,19.0,4.4748,5.6067790527182355,0.795634681038279,0.85,0.21254910000000002,1.13256464,0.09782730000000002
2025,19,0.007,1.0,0.16,12.0,0.0,model,19.0,4.414554999999999,5.50715890450784,0.8039147013707493,0.85,0.19333555999999996,1.1362285,0.09162560000000003
2025,19,0.007,1.0,0.16,12.0,0.08,model,19.0,4.4748,5.6067790527182355,0.795634681038279,0.85,0.21254910000000002,1.13256464,0.09782730000000002
2025,19,0.007,1.0,0.16,,0.16,model,19.0,4.538735,5.690439939802546,0.7723000782831355,0.9,0.25640396,1.06495428,0.13988121999999997
2025,28,0.007,1.0,0.16,12.0,0.04,model,27.7,3.4745549999999996,4.046002903669249,0.9160713404196648,0.85,0.10942048000000001,0.6703581799999999,0.12137431999999998
2025,28,0.007,1.0,0.16,6.0,0.04,model,27.7,3.4745549999999996,4.046002903669249,0.9160713404196648,0.85,0.10942048000000001,0.6703581799999999,0.12137431999999998
2025,28,0.007,1.0,0.16,24.0,0.04,model,27.7,3.4745549999999996,4.046002903669249,0.9160713404196648,0.85,0.10942048000000001,0.6703581799999999,0.12137431999999998
2025,28,0.007,1.0,0.16,38.0,0.04,model,27.7,3.47783,4.0507908875922,0.9160713404196648,0.85,0.1123419,0.6725803,0.12167708000000003
2025,28,0.007,1.0,0.16,12.0,0.0,model,27.7,3.4591899999999995,4.020574583936977,0.9160713404196648,0.85,0.10807244,0.6541632599999999,0.12243686
2025,28,0.007,1.0,0.16,12.0,0.08,model,27.7,3.5050199999999996,4.084605952965354,0.9160713404196648,0.85,0.12251608000000003,0.7076779799999999,0.13457795999999997
2025,28,0.007,1.0,0.16,,0.16,model,27.7,3.5407850000000005,4.142861599848588,0.9160713404196648,0.9,0.14733450000000003,0.76837402,0.16766773999999998
2025,5,0.0045,2.0,0.16,12.0,0.04,model,5.0,9.299415,10.947197105492346,0.5818596106363195,0.55,0.77180698,3.25706078,0.52677458
2025,5,0.0045,2.0,0.16,6.0,0.04,model,5.0,9.342494999999998,10.95533313430039,0.6021832969069283,0.45,0.8470672800000001,3.33056378,0.4648004399999999
2025,5,0.0045,2.0,0.16,24.0,0.04,model,5.0,9.267185,10.935460574182507,0.565299569971379,0.7,0.72343774,3.1887374,0.5982742400000001
2025,5,0.0045,2.0,0.16,38.0,0.04,model,5.0,9.253139999999998,10.929389228223139,0.565299569971379,0.7,0.7018456800000001,3.1725685000000006,0.6236543600000001
2025,5,0.0045,2.0,0.16,12.0,0.0,model,5.0,9.299415,10.947197105492346,0.5818596106363195,0.55,0.77180698,3.25706078,0.52677458
2025,5,0.0045,2.0,0.16,12.0,0.08,model,5.0,9.299415,10.947197105492346,0.5818596106363195,0.55,0.77180698,3.25706078,0.52677458
2025,5,0.0045,2.0,0.16,,0.16,model,5.0,9.234720000000003,10.929654430859193,0.558525007881176,0.7,0.66839014,3.12986418,0.66769784
2025,10,0.0045,2.0,0.16,12.0,0.04,model,10.0,7.082579999999998,8.157178515577552,0.7707946200408682,0.7,0.12956023999999997,2.4842716799999995,0.49156723999999996
2025,10,0.0045,2.0,0.16,6.0,0.04,model,10.0,7.082579999999998,8.157178515577552,0.7707946200408682,0.7,0.12956023999999997,2.4842716799999995,0.49156723999999996
2025,10,0.0045,2.0,0.16,24.0,0.04,model,10.0,7.00578,8.138760937452334,0.7707946200408682,0.7,0.14823406000000003,2.45117114,0.55892126
2025,10,0.0045,2.0,0.16,38.0,0.04,model,10.0,6.971090000000001,8.138615070206969,0.7707946200408682,0.75,0.16887038,2.40695648,0.59480868
2025,10,0.0045,2.0,0.16,12.0,0.0,model,10.0,7.098155,8.165816071924471,0.7768164530099375,0.7,0.12811712,2.48514986,0.4787291400000001
2025,10,0.0045,2.0,0.16,12.0,0.08,model,10.0,7.0122,8.127325165575694,0.7707946200408682,0.7,0.14628204000000003,2.4364301,0.52898366
2025,10,0.0045,2.0,0.16,,0.16,model,10.0,6.91987,8.16055549708474,0.7707946200408682,0.8,0.20224226000000003,2.3771792200000004,0.68284252
2025,19,0.0045,2.0,0.16,12.0,0.04,model,19.0,4.35868,5.622392852158233,0.8016565140073483,0.85,0.18292585999999994,1.2051626000000002,0.0778122
2025,19,0.0045,2.0,0.16,6.0,0.04,model,19.0,4.35868,5.622392852158233,0.8016565140073483,0.85,0.18292585999999994,1.2051626000000002,0.0778122
2025,19,0.0045,2.0,0.16,24.0,0.04,model,19.0,4.35868,5.622392852158233,0.8016565140073483,0.85,0.18292585999999994,1.2051626000000002,0.0778122
2025,19,0.0045,2.0,0.16,38.0,0.04,model,19.0,4.4112350000000005,5.662549801149655,0.7850964733424077,0.85,0.19213843999999997,1.1897904199999998,0.08487432
2025,19,0.0045,2.0,0.16,12.0,0.0,model,19.0,4.337560000000001,5.568055365565254,0.795634681038279,0.85,0.18263332000000004,1.2094627400000002,0.08123766000000003
2025,19,0.0045,2.0,0.16,12.0,0.08,model,19.0,4.4112350000000005,5.662549801149655,0.7850964733424077,0.85,0.19213843999999997,1.1897904199999998,0.08487432
2025,19,0.0045,2.0,0.16,,0.16,model,19.0,4.499085,5.749506530085865,0.7753109947676702,0.9,0.23596576000000002,1.1250299400000001,0.12095866000000001
2025,28,0.0045,2.0,0.16,12.0,0.04,model,27.7,3.4529249999999996,4.04408208998037,0.9160713404196648,0.85,0.11276612,0.7325924,0.10687043999999998
2025,28,0.0045,2.0,0.16,6.0,0.04,model,27.7,3.4529249999999996,4.04408208998037,0.9160713404196648,0.85,0.11276612,0.7325924,0.10687043999999998
2025,28,0.0045,2.0,0.16,24.0,0.04,model,27.7,3.4529249999999996,4.04408208998037,0.9160713404196648,0.85,0.11276612,0.7325924,0.10687043999999998
2025,28,0.0045,2.0,0.16,38.0,0.04,model,27.7,3.4533549999999993,4.045479985428181,0.9160713404196648,0.85,0.11606657999999997,0.73667116,0.10735115999999999
2025,28,0.0045,2.0,0.16,12.0,0.0,model,27.7,3.43499,4.019007208751932,0.9160713404196648,0.8,0.10951430000000001,0.71727414,0.09746311999999999
2025,28,0.0045,2.0,0.16,12.0,0.08,model,27.7,3.4701999999999997,4.0668659711133825,0.9160713404196648,0.85,0.12665702,0.75419262,0.11158637999999999
2025,28,0.0045,2.0,0.16,,0.16,model,27.7,3.52237,4.139510964594731,0.9130604239351301,0.9,0.15087270000000003,0.8095029999999999,0.14227756000000003
2025,5,0.0045,3.0,0.16,12.0,0.04,model,5.0,9.48121,11.0949651016576,0.565299569971379,0.6,0.7705821599999998,3.27604112,0.5181847
2025,5,0.0045,3.0,0.16,6.0,0.04,model,5.0,9.529325000000002,11.118460087912354,0.5668050282136462,0.45,0.83912056,3.32206784,0.45023288
2025,5,0.0045,3.0,0.16,24.0,0.04,model,5.0,9.43209,11.078420755865883,0.5494922584275721,0.65,0.7073118,3.21394796,0.56965706
2025,5,0.0045,3.0,0.16,38.0,0.04,model,5.0,9.42549,11.078409786472063,0.5314267595203642,0.7,0.6806310400000001,3.1968226999999994,0.59766864
2025,5,0.0045,3.0,0.16,12.0,0.0,model,5.0,9.48121,11.0949651016576,0.565299569971379,0.6,0.7705821599999998,3.27604112,0.5181847
2025,5,0.0045,3.0,0.16,12.0,0.08,model,5.0,9.48121,11.0949651016576,0.565299569971379,0.6,0.7705821599999998,3.27604112,0.5181847
2025,5,0.0045,3.0,0.16,,0.16,model,5.0,9.402325,11.073819563118228,0.5314267595203642,0.7,0.665139,3.15380326,0.6513353800000001
2025,10,0.0045,3.0,0.16,12.0,0.04,model,10.0,7.061430000000001,8.162784741373498,0.7632673288295316,0.7,0.12286114,2.4003274600000006,0.50438934
2025,10,0.0045,3.0,0.16,6.0,0.04,model,10.0,7.061430000000001,8.162784741373498,0.7632673288295316,0.7,0.12286114,2.4003274600000006,0.50438934
2025,10,0.0045,3.0,0.16,24.0,0.04,model,10.0,6.9872700000000005,8.129981585465,0.7572454958604624,0.75,0.14734874000000003,2.37737458,0.5539016200000001
2025,10,0.0045,3.0,0.16,38.0,0.04,model,10.0,6.965375,8.144723398342022,0.7572454958604624,0.75,0.16670773999999997,2.35963442,0.59742096
2025,10,0.0045,3.0,0.16,12.0,0.0,model,10.0,7.076395,8.174125719518877,0.7632673288295316,0.7,0.11797201999999998,2.4078013200000004,0.48740304
2025,10,0.0045,3.0,0.16,12.0,0.08,model,10.0,7.009404999999999,8.13961190459963,0.7572454958604624,0.7,0.14395785999999997,2.3743500600000003,0.5355252
2025,10,0.0045,3.0,0.16,,0.16,model,10.0,6.909820000000001,8.145959355717409,0.751223662891393,0.8,0.19955694000000002,2.3268203000000005,0.68301026
2025,19,0.0045,3.0,0.16,12.0,0.04,model,19.0,4.327240000000001,5.574005333151378,0.7963874101594127,0.85,0.19192028000000003,1.16558118,0.08216692000000002
2025,19,0.0045,3.0,0.16,6.0,0.04,model,19.0,4.327240000000001,5.574005333151378,0.7963874101594127,0.85,0.19192028000000003,1.16558118,0.08216692000000002
2025,19,0.0045,3.0,0.16,24.0,0.04,model,19.0,4.327240000000001,5.574005333151378,0.7963874101594127,0.85,0.19192028000000003,1.16558118,0.08216692000000002
2025,19,0.0045,3.0,0.16,38.0,0.04,model,19.0,4.3676249999999985,5.615575873719452,0.7723000782831355,0.85,0.19619248,1.13845644,0.08842374000000001
2025,19,0.0045,3.0,0.16,12.0,0.0,model,19.0,4.29751,5.532179276288866,0.8129474508243532,0.85,0.18426472,1.1599986799999997,0.08624078
2025,19,0.0045,3.0,0.16,12.0,0.08,model,19.0,4.3676249999999985,5.615575873719452,0.7723000782831355,0.85,0.19619248,1.13845644,0.08842374000000001
2025,19,0.0045,3.0,0.16,,0.16,model,19.0,4.451475,5.705320106663604,0.7753109947676702,0.9,0.23477336000000001,1.07595112,0.12469741999999998
2025,28,0.0045,3.0,0.16,12.0,0.04,model,27.7,3.3920699999999995,3.991942890247805,0.9160713404196648,0.85,0.10965358,0.68965032,0.11060308000000002
2025,28,0.0045,3.0,0.16,6.0,0.04,model,27.7,3.3920699999999995,3.991942890247805,0.9160713404196648,0.85,0.10965358,0.68965032,0.11060308000000002
2025,28,0.0045,3.0,0.16,24.0,0.04,model,27.7,3.3920699999999995,3.991942890247805,0.9160713404196648,0.85,0.10965358,0.68965032,0.11060308000000002
2025,28,0.0045,3.0,0.16,38.0,0.04,model,27.7,3.395550000000001,3.996109509760713,0.9160713404196648,0.85,0.10941934000000003,0.6927622600000001,0.10875666000000002
2025,28,0.0045,3.0,0.16,12.0,0.0,model,27.7,3.374294999999999,3.968686662171757,0.9160713404196648,0.85,0.09990552,0.6832906,0.10524807999999998
2025,28,0.0045,3.0,0.16,12.0,0.08,model,27.7,3.410625000000001,4.019019763760811,0.9160713404196648,0.85,0.11712990000000001,0.71954504,0.11714722000000001
2025,28,0.0045,3.0,0.16,,0.16,model,27.7,3.464435000000001,4.08969947532823,0.9175767986619319,0.9,0.14786596000000002,0.7755886000000001,0.14736843999999996
2025,5,0.007,2.0,0.16,12.0,0.04,model,5.0,9.660514999999998,11.226737948642961,0.5698159446981809,0.6,0.79491448,3.326684899999999,0.5655754000000001
2025,5,0.007,2.0,0.16,6.0,0.04,model,5.0,9.727330000000002,11.274087409320545,0.5705686738193145,0.45,0.8739518800000001,3.4079336400000004,0.50226754
2025,5,0.007,2.0,0.16,24.0,0.04,model,5.0,9.62519,11.21315433332655,0.5645468408502453,0.6,0.74282262,3.25491764,0.62488116
2025,5,0.007,2.0,0.16,38.0,0.04,model,5.0,9.605345,11.202807343987487,0.5645468408502453,0.65,0.7208467799999999,3.24762204,0.6524198200000001
2025,5,0.007,2.0,0.16,12.0,0.0,model,5.0,9.660514999999998,11.226737948642961,0.5698159446981809,0.6,0.79491448,3.326684899999999,0.5655754000000001
2025,5,0.007,2.0,0.16,12.0,0.08,model,5.0,9.660514999999998,11.226737948642961,0.5698159446981809,0.6,0.79491448,3.326684899999999,0.5655754000000001
2025,5,0.007,2.0,0.16,,0.16,model,5.0,9.579900000000002,11.190223603619367,0.5494922584275721,0.7,0.6889043600000001,3.19498502,0.69690142
2025,10,0.007,2.0,0.16,12.0,0.04,model,10.0,7.13461,8.216050141034925,0.7632673288295316,0.7,0.15427255999999998,2.34208338,0.5302315
2025,10,0.007,2.0,0.16,6.0,0.04,model,10.0,7.13461,8.216050141034925,0.7632673288295316,0.7,0.15427255999999998,2.34208338,0.5302315
2025,10,0.007,2.0,0.16,24.0,0.04,model,10.0,7.067070000000001,8.1893310779941,0.7632673288295316,0.75,0.17860730000000002,2.31540098,0.5961561200000001
2025,10,0.007,2.0,0.16,38.0,0.04,model,10.0,7.029614999999998,8.187607377036345,0.7632673288295316,0.75,0.19500018000000002,2.30774964,0.63107176
2025,10,0.007,2.0,0.16,12.0,0.0,model,10.0,7.1528899999999975,8.223857448302468,0.7632673288295316,0.75,0.14807667999999996,2.3336010600000003,0.5151119200000001
2025,10,0.007,2.0,0.16,12.0,0.08,model,10.0,7.082564999999998,8.191714679510023,0.7632673288295316,0.75,0.16772846,2.3265982399999996,0.5806191999999999
2025,10,0.007,2.0,0.16,,0.16,model,10.0,6.986700000000002,8.19777406659881,0.7677837035563336,0.8,0.23006345999999997,2.2780879,0.72197164
2025,19,0.007,2.0,0.16,12.0,0.04,model,19.0,4.30118,5.476371467039101,0.8129474508243532,0.85,0.20650259999999998,1.0809817399999997,0.09473391999999999
2025,19,0.007,2.0,0.16,6.0,0.04,model,19.0,4.30118,5.476371467039101,0.8129474508243532,0.85,0.20650259999999998,1.0809817399999997,0.09473391999999999
2025,19,0.007,2.0,0.16,24.0,0.04,model,19.0,4.30118,5.476371467039101,0.8129474508243532,0.85,0.20650259999999998,1.0809817399999997,0.09473391999999999
2025,19,0.007,2.0,0.16,38.0,0.04,model,19.0,4.340154999999999,5.520973269315838,0.7896128480692097,0.85,0.22448476,1.05990558,0.09855459999999995
2025,19,0.007,2.0,0.16,12.0,0.0,model,19.0,4.2673499999999995,5.437712488721704,0.8099365343398186,0.85,0.20463512,1.0773886199999998,0.09248164000000003
2025,19,0.007,2.0,0.16,12.0,0.08,model,19.0,4.340154999999999,5.520973269315838,0.7896128480692097,0.85,0.22448476,1.05990558,0.09855459999999995
2025,19,0.007,2.0,0.16,,0.16,model,19.0,4.428500000000001,5.620622487144996,0.7835910151001405,0.9,0.25609366,1.01849936,0.13441476
2025,28,0.007,2.0,0.16,12.0,0.04,model,27.7,3.3594449999999996,3.9594177815052545,0.9175767986619319,0.85,0.09914940000000001,0.6448777600000001,0.12729186
2025,28,0.007,2.0,0.16,6.0,0.04,model,27.7,3.3594449999999996,3.9594177815052545,0.9175767986619319,0.85,0.09914940000000001,0.6448777600000001,0.12729186
2025,28,0.007,2.0,0.16,24.0,0.04,model,27.7,3.3594449999999996,3.9594177815052545,0.9175767986619319,0.85,0.09914940000000001,0.6448777600000001,0.12729186
2025,28,0.007,2.0,0.16,38.0,0.04,model,27.7,3.36317,3.9637498251024876,0.9175767986619319,0.85,0.10049037999999998,0.64011188,0.12902506000000002
2025,28,0.007,2.0,0.16,12.0,0.0,model,27.7,3.33844,3.9310907528318406,0.9235986316310013,0.85,0.09653854,0.62647872,0.12213747999999999
2025,28,0.007,2.0,0.16,12.0,0.08,model,27.7,3.3787800000000003,3.9838594458138217,0.9175767986619319,0.85,0.1162136,0.6690089800000001,0.13803258
2025,28,0.007,2.0,0.16,,0.16,model,27.7,3.428,4.051527256356546,0.9175767986619319,0.9,0.13793007999999995,0.74027224,0.16656582
2025,5,0.01,1.0,0.16,12.0,0.04,model,5.0,9.576365000000001,11.232942364158198,0.5668050282136462,0.55,0.8058658999999999,3.32249002,0.6846988
2025,5,0.01,1.0,0.16,6.0,0.04,model,5.0,9.648675,11.290200611083048,0.6059469425125966,0.45,0.8936894000000001,3.41020276,0.62501292
2025,5,0.01,1.0,0.16,24.0,0.04,model,5.0,9.540804999999999,11.21110701512121,0.5668050282136462,0.55,0.7592644399999999,3.2621214000000003,0.7461516199999999
2025,5,0.01,1.0,0.16,38.0,0.04,model,5.0,9.521284999999999,11.202362811724141,0.5668050282136462,0.6,0.74743802,3.2350331999999997,0.7631502
2025,5,0.01,1.0,0.16,12.0,0.0,model,5.0,9.576365000000001,11.232942364158198,0.5668050282136462,0.55,0.8058658999999999,3.32249002,0.6846988
2025,5,0.01,1.0,0.16,12.0,0.08,model,5.0,9.576365000000001,11.232942364158198,0.5668050282136462,0.55,0.8058658999999999,3.32249002,0.6846988
2025,5,0.01,1.0,0.16,,0.16,model,5.0,9.486989999999999,11.181675823819969,0.556266820517775,0.65,0.7222291999999999,3.1812678200000004,0.81432462
2025,10,0.01,1.0,0.16,12.0,0.04,model,10.0,7.1839400000000015,8.283811394219452,0.7527291211336604,0.7,0.19387331999999996,2.28238372,0.59279492
2025,10,0.01,1.0,0.16,6.0,0.04,model,10.0,7.1839400000000015,8.283811394219452,0.7527291211336604,0.7,0.19387331999999996,2.28238372,0.59279492
2025,10,0.01,1.0,0.16,24.0,0.04,model,10.0,7.106910000000001,8.27522983632479,0.7527291211336604,0.7,0.21643358000000001,2.2590585600000006,0.6683364799999999
2025,10,0.01,1.0,0.16,38.0,0.04,model,10.0,7.0751100000000005,8.285675163316506,0.7768164530099375,0.7,0.23468316,2.2588899599999994,0.70640176
2025,10,0.01,1.0,0.16,12.0,0.0,model,10.0,7.193834999999998,8.285116973434956,0.7527291211336604,0.7,0.19025391999999997,2.2955206199999996,0.58662502
2025,10,0.01,1.0,0.16,12.0,0.08,model,10.0,7.1240499999999995,8.279072487905875,0.7527291211336604,0.7,0.21739373999999997,2.2692365000000003,0.64397642
2025,10,0.01,1.0,0.16,,0.16,model,10.0,7.031744999999999,8.320307466824767,0.7768164530099375,0.8,0.27000984000000006,2.2173428,0.7962384599999999
2025,19,0.01,1.0,0.16,12.0,0.04,model,19.0,4.327480000000001,5.432023620254243,0.8099365343398186,0.85,0.22538816,1.0191632800000001,0.10770421999999998
2025,19,0.01,1.0,0.16,6.0,0.04,model,19.0,4.327480000000001,5.432023620254243,0.8099365343398186,0.85,0.22538816,1.0191632800000001,0.10770421999999998
2025,19,0.01,1.0,0.16,24.0,0.04,model,19.0,4.327480000000001,5.432023620254243,0.8099365343398186,0.85,0.22538816,1.0191632800000001,0.10770421999999998
2025,19,0.01,1.0,0.16,38.0,0.04,model,19.0,4.356419999999998,5.479264191659314,0.7873546607058087,0.9,0.24546651999999997,0.99969712,0.10988715999999997
2025,19,0.01,1.0,0.16,12.0,0.0,model,19.0,4.3164750000000005,5.390619878223655,0.8099365343398186,0.85,0.21680429999999998,1.0124767600000002,0.10616078000000001
2025,19,0.01,1.0,0.16,12.0,0.08,model,19.0,4.356419999999998,5.479264191659314,0.7873546607058087,0.9,0.24546651999999997,0.99969712,0.10988715999999997
2025,19,0.01,1.0,0.16,,0.16,model,19.0,4.45041,5.586448431785618,0.7866019315846751,0.9,0.28171892,0.96879936,0.15562015999999995
2025,28,0.01,1.0,0.16,12.0,0.04,model,27.7,3.3952549999999997,3.979547257226631,0.9235986316310013,0.85,0.10497604,0.6167400999999999,0.14924024
2025,28,0.01,1.0,0.16,6.0,0.04,model,27.7,3.3952549999999997,3.979547257226631,0.9235986316310013,0.85,0.10497604,0.6167400999999999,0.14924024
2025,28,0.01,1.0,0.16,24.0,0.04,model,27.7,3.3952549999999997,3.979547257226631,0.9235986316310013,0.85,0.10497604,0.6167400999999999,0.14924024
2025,28,0.01,1.0,0.16,38.0,0.04,model,27.7,3.396334999999999,3.9810208771745965,0.9235986316310013,0.85,0.10188472000000001,0.6145836400000001,0.14942686000000002
2025,28,0.01,1.0,0.16,12.0,0.0,model,27.7,3.3677599999999996,3.946743722994945,0.9235986316310013,0.85,0.10040169999999998,0.5933493799999999,0.14685929999999997
2025,28,0.01,1.0,0.16,12.0,0.08,model,27.7,3.4163249999999996,4.010467071988,0.9175767986619319,0.85,0.11177746,0.63855208,0.16066282
2025,28,0.01,1.0,0.16,,0.16,model,27.7,3.4678600000000004,4.079391260224986,0.9175767986619319,0.85,0.13595078,0.7109308599999999,0.19938196
2025,5,0.007,3.0,0.16,12.0,0.04,model,5.0,9.850829999999998,11.43282456993896,0.5412122380951018,0.55,0.7810357199999999,3.3071748000000007,0.5726028
2025,5,0.007,3.0,0.16,6.0,0.04,model,5.0,9.945025,11.461772512072466,0.5382013216105672,0.45,0.84118256,3.3839588199999997,0.5086064200000001
2025,5,0.007,3.0,0.16,24.0,0.04,model,5.0,9.803010000000002,11.410698694120356,0.5412122380951018,0.6,0.7320659800000002,3.2506398,0.6275666599999999
2025,5,0.007,3.0,0.16,38.0,0.04,model,5.0,9.787735000000001,11.402114488834956,0.5216412809456267,0.65,0.71054612,3.2354857200000002,0.651518
2025,5,0.007,3.0,0.16,12.0,0.0,model,5.0,9.850829999999998,11.43282456993896,0.5412122380951018,0.55,0.7810357199999999,3.3071748000000007,0.5726028
2025,5,0.007,3.0,0.16,12.0,0.08,model,5.0,9.850829999999998,11.43282456993896,0.5412122380951018,0.55,0.7810357199999999,3.3071748000000007,0.5726028
2025,5,0.007,3.0,0.16,,0.16,model,5.0,9.777085,11.398396268313364,0.5216412809456267,0.75,0.6888602800000002,3.21319912,0.69067728
2025,10,0.007,3.0,0.16,12.0,0.04,model,10.0,7.1230899999999995,8.258830613894439,0.7677837035563336,0.75,0.1495269,2.28198868,0.5401682199999999
2025,10,0.007,3.0,0.16,6.0,0.04,model,10.0,7.1230899999999995,8.258830613894439,0.7677837035563336,0.75,0.1495269,2.28198868,0.5401682199999999
2025,10,0.007,3.0,0.16,24.0,0.04,model,10.0,7.05401,8.22375580972587,0.7677837035563336,0.75,0.17286971999999998,2.26051186,0.5918386
2025,10,0.007,3.0,0.16,38.0,0.04,model,10.0,7.02602,8.22339350080002,0.7677837035563336,0.75,0.19086826,2.2502822200000003,0.6351859199999997
2025,10,0.007,3.0,0.16,12.0,0.0,model,10.0,7.131450000000003,8.269556258409517,0.7677837035563336,0.75,0.14394768,2.26771028,0.5302706
2025,10,0.007,3.0,0.16,12.0,0.08,model,10.0,7.067135,8.226890330829747,0.7677837035563336,0.75,0.16830544000000003,2.26938874,0.5763783000000001
2025,10,0.007,3.0,0.16,,0.16,model,10.0,6.970550000000001,8.216196045616243,0.7677837035563336,0.85,0.22256644,2.2389822199999996,0.708244
2025,19,0.007,3.0,0.16,12.0,0.04,model,19.0,4.295530000000001,5.466034584687514,0.7896128480692097,0.85,0.20950646,1.04555678,0.09748943999999996
2025,19,0.007,3.0,0.16,6.0,0.04,model,19.0,4.295530000000001,5.466034584687514,0.7896128480692097,0.85,0.20950646,1.04555678,0.09748943999999996
2025,19,0.007,3.0,0.16,24.0,0.04,model,19.0,4.295530000000001,5.466034584687514,0.7896128480692097,0.85,0.20950646,1.04555678,0.09748943999999996
2025,19,0.007,3.0,0.16,38.0,0.04,model,19.0,4.34016,5.515655052212747,0.7896128480692097,0.85,0.22681126000000007,1.0380317000000001,0.10227766
2025,19,0.007,3.0,0.16,12.0,0.0,model,19.0,4.2607349999999995,5.428388805391522,0.8099365343398186,0.85,0.20515415999999997,1.05892242,0.09662522
2025,19,0.007,3.0,0.16,12.0,0.08,model,19.0,4.34016,5.515655052212747,0.7896128480692097,0.85,0.22681126000000007,1.0380317000000001,0.10227766
2025,19,0.007,3.0,0.16,,0.16,model,19.0,4.42273,5.606708866795208,0.7896128480692097,0.9,0.25731114,0.9996172600000002,0.13861882
2025,28,0.007,3.0,0.16,12.0,0.04,model,27.7,3.314425,3.9310842559655215,0.9175767986619319,0.85,0.09990758000000002,0.6283187,0.12781494
2025,28,0.007,3.0,0.16,6.0,0.04,model,27.7,3.314425,3.9310842559655215,0.9175767986619319,0.85,0.09990758000000002,0.6283187,0.12781494
2025,28,0.007,3.0,0.16,24.0,0.04,model,27.7,3.314425,3.9310842559655215,0.9175767986619319,0.85,0.09990758000000002,0.6283187,0.12781494
2025,28,0.007,3.0,0.16,38.0,0.04,model,27.7,3.3162949999999993,3.9334632280599755,0.9175767986619319,0.85,0.09950724,0.6320997799999999,0.12957302
2025,28,0.007,3.0,0.16,12.0,0.0,model,27.7,3.29324,3.9030951999663035,0.9235986316310013,0.85,0.09587928000000003,0.6196186,0.1253451
2025,28,0.007,3.0,0.16,12.0,0.08,model,27.7,3.33236,3.950120758787002,0.9175767986619319,0.85,0.10760350000000002,0.66521284,0.13804924
2025,28,0.007,3.0,0.16,,0.16,model,27.7,3.386834999999999,4.01986655232484,0.9175767986619319,0.9,0.13329182000000003,0.7202170400000001,0.16534576
2025,5,0.01,2.0,0.16,12.0,0.04,model,5.0,9.849169999999999,11.430924193388739,0.5397067798528344,0.55,0.7797220800000002,3.2964084400000004,0.62697296
2025,5,0.01,2.0,0.16,6.0,0.04,model,5.0,9.92777,11.467029059220177,0.5449758837007701,0.45,0.8471552200000001,3.3774264800000005,0.55312706
2025,5,0.01,2.0,0.16,24.0,0.04,model,5.0,9.815045,11.419738608107455,0.5397067798528344,0.55,0.7346717000000001,3.23443986,0.68155152
2025,5,0.01,2.0,0.16,38.0,0.04,model,5.0,9.797675000000002,11.406483508755011,0.5397067798528344,0.6,0.7196679000000001,3.209586979999999,0.7069026999999999
2025,5,0.01,2.0,0.16,12.0,0.0,model,5.0,9.849169999999999,11.430924193388739,0.5397067798528344,0.55,0.7797220800000002,3.2964084400000004,0.62697296
2025,5,0.01,2.0,0.16,12.0,0.08,model,5.0,9.849169999999999,11.430924193388739,0.5397067798528344,0.55,0.7797220800000002,3.2964084400000004,0.62697296
2025,5,0.01,2.0,0.16,,0.16,model,5.0,9.7763,11.394757065071637,0.5427176963373691,0.7,0.6944370400000001,3.171378759999999,0.75350396
2025,10,0.01,2.0,0.16,12.0,0.04,model,10.0,7.141295000000001,8.27565185175766,0.7527291211336604,0.75,0.18146368,2.2192404,0.5758241799999999
2025,10,0.01,2.0,0.16,6.0,0.04,model,10.0,7.141295000000001,8.27565185175766,0.7527291211336604,0.75,0.18146368,2.2192404,0.5758241799999999
2025,10,0.01,2.0,0.16,24.0,0.04,model,10.0,7.061049999999999,8.237511983238628,0.7677837035563336,0.75,0.19907577999999995,2.20937042,0.6364291
2025,10,0.01,2.0,0.16,38.0,0.04,model,10.0,7.034435,8.234768516206147,0.7677837035563336,0.75,0.22039606,2.2002649999999995,0.67168264
2025,10,0.01,2.0,0.16,12.0,0.0,model,10.0,7.151979999999999,8.281956791543891,0.7459545590434574,0.75,0.17080447999999998,2.2181027799999997,0.5658260199999999
2025,10,0.01,2.0,0.16,12.0,0.08,model,10.0,7.080940000000001,8.240739743615254,0.7527291211336604,0.75,0.19598137999999998,2.2161681,0.6190653600000001
2025,10,0.01,2.0,0.16,,0.16,model,10.0,6.982169999999999,8.238886854727403,0.7677837035563336,0.85,0.25326786,2.19396102,0.7536510599999999
2025,19,0.01,2.0,0.16,12.0,0.04,model,19.0,4.266895,5.394479311342291,0.7805800986156058,0.85,0.23081459999999998,0.9966204000000001,0.10731315999999999
2025,19,0.01,2.0,0.16,6.0,0.04,model,19.0,4.266895,5.394479311342291,0.7805800986156058,0.85,0.23081459999999998,0.9966204000000001,0.10731315999999999
2025,19,0.01,2.0,0.16,24.0,0.04,model,19.0,4.266895,5.394479311342291,0.7805800986156058,0.85,0.23081459999999998,0.9966204000000001,0.10731315999999999
2025,19,0.01,2.0,0.16,38.0,0.04,model,19.0,4.302015,5.439871350362985,0.7896128480692097,0.9,0.23848532000000003,0.9783782400000001,0.11047899999999998
2025,19,0.01,2.0,0.16,12.0,0.0,model,19.0,4.230175,5.3478884529784265,0.8099365343398186,0.85,0.22297148,1.0061513599999998,0.10679888000000001
2025,19,0.01,2.0,0.16,12.0,0.08,model,19.0,4.302015,5.439871350362985,0.7896128480692097,0.9,0.23848532000000003,0.9783782400000001,0.11047899999999998
2025,19,0.01,2.0,0.16,,0.16,model,19.0,4.392000000000001,5.541109224243824,0.7896128480692097,0.9,0.28172308000000007,0.9564868000000001,0.15147296000000002
2025,28,0.01,2.0,0.16,12.0,0.04,model,27.7,3.285105,3.901744817322117,0.9235986316310013,0.85,0.09422216000000001,0.6059243400000001,0.153236
2025,28,0.01,2.0,0.16,6.0,0.04,model,27.7,3.285105,3.901744817322117,0.9235986316310013,0.85,0.09422216000000001,0.6059243400000001,0.153236
2025,28,0.01,2.0,0.16,24.0,0.04,model,27.7,3.285105,3.901744817322117,0.9235986316310013,0.85,0.09422216000000001,0.6059243400000001,0.153236
2025,28,0.01,2.0,0.16,38.0,0.04,model,27.7,3.286175000000001,3.903894404117509,0.9235986316310013,0.85,0.09133726000000002,0.6142097599999999,0.15204616
2025,28,0.01,2.0,0.16,12.0,0.0,model,27.7,3.251645000000001,3.8663869283221,0.9235986316310013,0.85,0.08866442000000002,0.5945893800000001,0.14065344
2025,28,0.01,2.0,0.16,12.0,0.08,model,27.7,3.307399999999999,3.931185443985058,0.9235986316310013,0.85,0.09923798,0.63847474,0.1635504
2025,28,0.01,2.0,0.16,,0.16,model,27.7,3.3597349999999997,4.0010791231241605,0.9175767986619319,0.9,0.12672074,0.6994788799999998,0.19441287999999998
2025,5,0.01,3.0,0.16,12.0,0.04,model,5.0,10.097060000000003,11.673458485684524,0.5540086331543741,0.55,0.7703285800000002,3.2868895000000005,0.6398967
2025,5,0.01,3.0,0.16,6.0,0.04,model,5.0,10.18874,11.691273789668942,0.5479868001853048,0.5,0.8437175600000002,3.3444894199999995,0.57880214
2025,5,0.01,3.0,0.16,24.0,0.04,model,5.0,10.032969999999999,11.652721486845893,0.5427176963373691,0.55,0.73022918,3.2330749999999995,0.69291984
2025,5,0.01,3.0,0.16,38.0,0.04,model,5.0,10.002035,11.642895561779294,0.5427176963373691,0.65,0.71827754,3.2105746,0.7209997399999999
2025,5,0.01,3.0,0.16,12.0,0.0,model,5.0,10.097060000000003,11.673458485684524,0.5540086331543741,0.55,0.7703285800000002,3.2868895000000005,0.6398967
2025,5,0.01,3.0,0.16,12.0,0.08,model,5.0,10.097060000000003,11.673458485684524,0.5540086331543741,0.55,0.7703285800000002,3.2868895000000005,0.6398967
2025,5,0.01,3.0,0.16,,0.16,model,5.0,9.959685,11.628034351105951,0.5457286128219038,0.65,0.6915218000000001,3.1797994399999996,0.7685347400000001
2025,10,0.01,3.0,0.16,12.0,0.04,model,10.0,7.122584999999999,8.337588793560162,0.7459545590434574,0.75,0.16959504,2.1685252200000003,0.58926022
2025,10,0.01,3.0,0.16,6.0,0.04,model,10.0,7.122584999999999,8.337588793560162,0.7459545590434574,0.75,0.16959504,2.1685252200000003,0.58926022
2025,10,0.01,3.0,0.16,24.0,0.04,model,10.0,7.045529999999999,8.284168465452643,0.7677837035563336,0.8,0.19615786000000004,2.1701540799999997,0.64160076
2025,10,0.01,3.0,0.16,38.0,0.04,model,10.0,7.013685000000001,8.27091424961594,0.7677837035563336,0.85,0.21329035999999996,2.1824265600000006,0.68097382
2025,10,0.01,3.0,0.16,12.0,0.0,model,10.0,7.138229999999998,8.346735312024697,0.7459545590434574,0.75,0.17117116000000002,2.1700740599999992,0.5807483999999999
2025,10,0.01,3.0,0.16,12.0,0.08,model,10.0,7.0623249999999995,8.291390147345618,0.7677837035563336,0.8,0.18561119999999995,2.17966792,0.62849772
2025,10,0.01,3.0,0.16,,0.16,model,10.0,6.960025,8.262397369982878,0.7677837035563336,0.85,0.24805942000000003,2.18402468,0.75247806
2025,19,0.01,3.0,0.16,12.0,0.04,model,19.0,4.276124999999999,5.402167214414971,0.7805800986156058,0.85,0.23447745999999997,0.9981718999999999,0.10729341999999997
2025,19,0.01,3.0,0.16,6.0,0.04,model,19.0,4.276124999999999,5.402167214414971,0.7805800986156058,0.85,0.23447745999999997,0.9981718999999999,0.10729341999999997
2025,19,0.01,3.0,0.16,24.0,0.04,model,19.0,4.276124999999999,5.402167214414971,0.7805800986156058,0.85,0.23447745999999997,0.9981718999999999,0.10729341999999997
2025,19,0.01,3.0,0.16,38.0,0.04,model,19.0,4.31283,5.448540837692235,0.7926237645537444,0.9,0.2391106,0.9949082800000001,0.11233012
2025,19,0.01,3.0,0.16,12.0,0.0,model,19.0,4.2333549999999995,5.356260145801359,0.8129474508243532,0.85,0.21306385999999997,1.00140768,0.11075568000000004
2025,19,0.01,3.0,0.16,12.0,0.08,model,19.0,4.31283,5.448540837692235,0.7926237645537444,0.9,0.2391106,0.9949082800000001,0.11233012
2025,19,0.01,3.0,0.16,,0.16,model,19.0,4.395635,5.537200813723483,0.7896128480692097,0.9,0.27513459999999995,0.9570058400000002,0.15333954000000002
2025,28,0.01,3.0,0.16,12.0,0.04,model,27.7,3.23886,3.8749680148357344,0.9235986316310013,0.85,0.08715442000000001,0.6162818200000001,0.15015190000000003
2025,28,0.01,3.0,0.16,6.0,0.04,model,27.7,3.23886,3.8749680148357344,0.9235986316310013,0.85,0.08715442000000001,0.6162818200000001,0.15015190000000003
2025,28,0.01,3.0,0.16,24.0,0.04,model,27.7,3.23886,3.8749680148357344,0.9235986316310013,0.85,0.08715442000000001,0.6162818200000001,0.15015190000000003
2025,28,0.01,3.0,0.16,38.0,0.04,model,27.7,3.2392349999999994,3.876387302566656,0.9235986316310013,0.85,0.08900100000000001,0.6202642999999999,0.15408016
2025,28,0.01,3.0,0.16,12.0,0.0,model,27.7,3.212315000000001,3.8437291000407408,0.9356422975691399,0.85,0.08413294,0.5892443,0.14558442000000002
2025,28,0.01,3.0,0.16,12.0,0.08,model,27.7,3.263905,3.9015920724109536,0.9235986316310013,0.85,0.09374818000000003,0.6393169599999999,0.16238178
2025,28,0.01,3.0,0.16,,0.16,model,27.7,3.3149699999999998,3.969139422595281,0.9175767986619319,0.9,0.12287534,0.69957042,0.19394540000000005
