gw,element,web,club,pos,opp,home,kickoff,price,own,status,avail,p60,eg,ea,pcs,ebonus,dc_pts,xpts,ep_next
6,1,Raya,Arsenal,GKP,Leeds,True,2026-10-10 11:30:00+00:00,6.1,42.3,a,1,0.9108,0,0.004424,0.3662,0.1373,0,3.302,6
6,2,Arrizabalaga,Arsenal,GKP,Leeds,True,2026-10-10 11:30:00+00:00,4.9,0.1,a,1,0.08919,0,0.0009057,0.03586,0.01493,0,0.3177,0
6,3,Meslier,Arsenal,GKP,Leeds,True,2026-10-10 11:30:00+00:00,4.9,0,a,1,0,0,0,0,0,0,0,0
6,4,Gabriel,Arsenal,DEF,Leeds,True,2026-10-10 11:30:00+00:00,8,22.7,a,1,0.9108,0.1606,0.08106,0.3662,0.4215,0.6581,5.142,4
6,5,J.Timber,Arsenal,DEF,Leeds,True,2026-10-10 11:30:00+00:00,6.5,0.4,a,1,0,0.02699,0.02371,0,0.03409,0,0.6015,0.3
6,6,Saliba,Arsenal,DEF,Leeds,True,2026-10-10 11:30:00+00:00,5.9,0.2,i,0,0,0,0,0,0,0,0,0
6,7,Lewis-Skelly,Arsenal,MID,Leeds,True,2026-10-10 11:30:00+00:00,5.4,0.6,a,1,0.5345,0.02899,0.03694,0.2149,0.05441,0.0676,1.915,1
6,8,Calafiori,Arsenal,DEF,Leeds,True,2026-10-10 11:30:00+00:00,5.8,50.5,a,1,0.8477,0.1247,0.09531,0.3408,0.3801,0.07838,4.493,3
6,9,Hincapie,Arsenal,DEF,Leeds,True,2026-10-10 11:30:00+00:00,5.2,0.9,a,1,0.08919,0.004437,0.01712,0.03586,0.02869,0.06406,0.786,0.3
6,10,White,Arsenal,DEF,Leeds,True,2026-10-10 11:30:00+00:00,5.5,4.9,d,0.75,0.2867,0.01425,0.04696,0.1152,0.1081,0.079,1.538,0.8
6,11,Mosquera,Arsenal,DEF,Leeds,True,2026-10-10 11:30:00+00:00,5.3,1.6,a,1,0.3964,0.01056,0.01978,0.1594,0.1129,0.1594,1.724,0
6,12,Saka,Arsenal,MID,Leeds,True,2026-10-10 11:30:00+00:00,9.5,13.7,a,1,0.9108,0.352,0.2586,0.3662,0.5804,0.2838,5.525,4
6,13,Rice,Arsenal,MID,Leeds,True,2026-10-10 11:30:00+00:00,7.4,11.6,d,0.75,0.6831,0.0538,0.1575,0.2746,0.1592,0.4574,2.84,3
6,14,Eze,Arsenal,MID,Leeds,True,2026-10-10 11:30:00+00:00,6.2,1,a,1,0.1381,0.05055,0.0324,0.05551,0.04444,0.01237,1.45,0.7
6,15,Ødegaard,Arsenal,MID,Leeds,True,2026-10-10 11:30:00+00:00,6.8,19.8,a,1,0.8477,0.09932,0.311,0.3408,0.2891,0.1303,3.948,5
6,16,Madueke,Arsenal,MID,Leeds,True,2026-10-10 11:30:00+00:00,6.2,0.2,a,1,0.08919,0.01446,0.03425,0.03586,0.0199,0.01128,0.7396,0.3
6,17,Merino,Arsenal,MID,Leeds,True,2026-10-10 11:30:00+00:00,5.7,0.4,a,1,0,0.05543,0.03279,0,0.03916,0,1.127,0.7
6,18,Martinelli,Arsenal,MID,Leeds,True,2026-10-10 11:30:00+00:00,6.3,0.1,u,0,0,0,0,0,0,0,0,0
6,19,Zubimendi,Arsenal,MID,Leeds,True,2026-10-10 11:30:00+00:00,5.3,0.6,a,1,0.08919,0.02498,0.0147,0.03586,0,0.03791,1.332,1
6,20,Dowman,Arsenal,MID,Leeds,True,2026-10-10 11:30:00+00:00,5.3,0.1,a,1,0.08919,0.01469,0.0185,0.03586,0.01826,0.0274,0.601,0.3
6,22,Nwaneri,Arsenal,MID,Leeds,True,2026-10-10 11:30:00+00:00,5.4,0,u,0,0,0,0,0,0,0,0,0
6,23,Fábio Vieira,Arsenal,MID,Leeds,True,2026-10-10 11:30:00+00:00,5.5,0,u,0,0,0,0,0,0,,,0
6,24,Nelson,Arsenal,MID,Leeds,True,2026-10-10 11:30:00+00:00,5.5,0,u,0,0,0,0,0,0,,,0
6,25,Gyökeres,Arsenal,FWD,Leeds,True,2026-10-10 11:30:00+00:00,7.1,3.1,a,1,0.06307,0.06818,0.02165,0.02535,0.08783,0.0003172,1.078,0.7
6,26,Havertz,Arsenal,FWD,Leeds,True,2026-10-10 11:30:00+00:00,7.6,8.3,d,0.75,0.6358,0.2862,0.1192,0.2556,0.4427,0.004263,3.145,2.8
6,27,G.Jesus,Arsenal,FWD,Leeds,True,2026-10-10 11:30:00+00:00,5.9,0.1,u,0,0,0,0,0,0,0,0,0
6,31,Konsa,Arsenal,DEF,Leeds,True,2026-10-10 11:30:00+00:00,4.6,19.4,a,1,0.6786,0.028,0.02308,0.2728,0.195,0.1953,3.031,3.7
6,452,Bruno G.,Arsenal,MID,Leeds,True,2026-10-10 11:30:00+00:00,6.7,1.8,a,1,0.2273,0.09639,0.08418,0.09136,0.1379,0.08368,1.929,2.7
6,557,Tzolis,Arsenal,MID,Leeds,True,2026-10-10 11:30:00+00:00,6.3,12.2,a,1,0.8368,0.07642,0.2053,0.3364,0.2053,0.1285,3.148,3.3
6,260,Wilson,Leeds,MID,Arsenal,False,2026-10-10 11:30:00+00:00,6.2,1.7,i,0,0,0,0,0,0,0,0,0
6,326,Perri,Leeds,GKP,Arsenal,False,2026-10-10 11:30:00+00:00,4.5,0.3,u,0,0,0,0,0,0,0,0,0
6,327,Bijol,Leeds,DEF,Arsenal,False,2026-10-10 11:30:00+00:00,5,0.7,a,1,0.3333,0.009594,0.02062,0.0537,0.04533,0.336,1.285,0.3
6,329,Rodon,Leeds,DEF,Arsenal,False,2026-10-10 11:30:00+00:00,4.3,0.8,i,0,0,0,0,0,0,0,0,0
6,330,Bogle,Leeds,DEF,Arsenal,False,2026-10-10 11:30:00+00:00,4.6,7.2,a,1,0.8619,0.03802,0.05165,0.1389,0.1467,0.1327,2.115,11.3
6,331,Gudmundsson,Leeds,DEF,Arsenal,False,2026-10-10 11:30:00+00:00,4.5,0.1,a,1,0.5405,0.008123,0.03115,0.08708,0.07547,0.09778,1.407,4.7
6,332,Justin,Leeds,DEF,Arsenal,False,2026-10-10 11:30:00+00:00,4.5,1.4,a,1,1,0.0511,0.08937,0.1611,0.198,0.5343,3.282,4.7
6,333,Bornauw,Leeds,DEF,Arsenal,False,2026-10-10 11:30:00+00:00,4.5,0,u,0,0,0,0,0,0,0,0,0
6,334,Muharemović,Leeds,DEF,Arsenal,False,2026-10-10 11:30:00+00:00,5,4.3,a,1,1,0.04283,0.06578,0.1611,0.173,0.9522,3.555,5.7
6,335,Stach,Leeds,MID,Arsenal,False,2026-10-10 11:30:00+00:00,6,2.5,a,1,0.9108,0.07566,0.1312,0.1467,0.1867,0.7234,3.65,3.3
6,336,Okafor,Leeds,MID,Arsenal,False,2026-10-10 11:30:00+00:00,5.8,0.4,a,1,0.6667,0.07054,0.04251,0.1074,0.1244,0.04479,2.196,5
6,337,Aaronson,Leeds,MID,Arsenal,False,2026-10-10 11:30:00+00:00,5.3,0.5,a,1,0.2583,0.04361,0.05907,0.04162,0.05217,0.05848,1.717,1
6,338,Ampadu,Leeds,MID,Arsenal,False,2026-10-10 11:30:00+00:00,5.4,0.9,a,1,1,0.0303,0.03868,0.1611,0.09004,1.023,3.452,4.7
6,339,Longstaff,Leeds,MID,Arsenal,False,2026-10-10 11:30:00+00:00,4.9,0.1,a,1,0,0.00398,0.006272,0,0,0,0.4612,0.3
6,341,Gnonto,Leeds,MID,Arsenal,False,2026-10-10 11:30:00+00:00,5,0,u,0,0,0,0,0,0,0,0,0
6,342,Harrison,Leeds,MID,Arsenal,False,2026-10-10 11:30:00+00:00,5,0,u,0,0,0,0,0,0,0,0,0
6,343,James,Leeds,MID,Arsenal,False,2026-10-10 11:30:00+00:00,4.9,0.1,a,1,0.06307,0.02178,0.01704,0.01016,0.001811,0.01507,0.9941,0.7
6,344,Gruev,Leeds,MID,Arsenal,False,2026-10-10 11:30:00+00:00,5,0,a,1,0,0,0,0,0,0,0,0
6,345,Tanaka,Leeds,MID,Arsenal,False,2026-10-10 11:30:00+00:00,4.9,0.3,a,1,0.6928,0.05588,0.06732,0.1116,0.1141,0.2353,2.317,4.3
6,346,Calvert-Lewin,Leeds,FWD,Arsenal,False,2026-10-10 11:30:00+00:00,6,24.8,a,1,1,0.2977,0.03607,0.1611,0.4448,0.003061,3.237,4.3
6,347,Nmecha,Leeds,FWD,Arsenal,False,2026-10-10 11:30:00+00:00,5.4,0.5,a,1,0.08919,0.08407,0.04771,0.01437,0.1097,0.0008373,1.573,1
6,348,Piroe,Leeds,FWD,Arsenal,False,2026-10-10 11:30:00+00:00,5,0.1,u,0,0,0,0,0,0,0,0,0
6,349,Mateo Joseph,Leeds,FWD,Arsenal,False,2026-10-10 11:30:00+00:00,4.5,0.1,i,0,0,0,0,0,0,,,0
6,385,Trafford,Leeds,GKP,Arsenal,False,2026-10-10 11:30:00+00:00,5,5.5,a,1,0.8619,0,0.002651,0.1389,0.3972,0,3.215,5.3
6,598,Elvedi,Leeds,DEF,Arsenal,False,2026-10-10 11:30:00+00:00,4.5,0.1,a,1,0.6995,0.0232,0.07774,0.1127,0.1329,0.4218,2.404,4
6,603,Lienou,Leeds,DEF,Arsenal,False,2026-10-10 11:30:00+00:00,4,0.1,a,1,0,0,0,0,0,,,0
6,604,Cresswell,Leeds,MID,Arsenal,False,2026-10-10 11:30:00+00:00,4.5,0.1,a,1,0,0,0,0,0,,,0
6,625,Cairns,Leeds,GKP,Arsenal,False,2026-10-10 11:30:00+00:00,4,0.2,a,1,0,0,0,0,0,0,0,0
6,629,Zetterer,Leeds,GKP,Arsenal,False,2026-10-10 11:30:00+00:00,4,0.7,a,1,0,0,0,0,0,0,0,0
6,641,Bard,Leeds,DEF,Arsenal,False,2026-10-10 11:30:00+00:00,4.5,0,a,1,0,0.002679,0.003597,0,0,0,0.3127,0.3
6,648,Bahoya,Leeds,MID,Arsenal,False,2026-10-10 11:30:00+00:00,5,0,a,1,0,0.000385,0.0003885,0,0,0,0.3956,0.3
6,29,M.Bizot,Aston Villa,GKP,Brentford,True,2026-10-10 14:00:00+00:00,4.5,0.1,i,1,0.1953,0,0.001423,0.03885,0.03947,0,0.4972,0
6,30,Digne,Aston Villa,DEF,Brentford,True,2026-10-10 14:00:00+00:00,4.5,0,u,0,0,0,0,0,0,0,0,0
6,32,Cash,Aston Villa,DEF,Brentford,True,2026-10-10 14:00:00+00:00,4.4,4.8,a,1,0.5203,0.02723,0.06669,0.1035,0.1223,0.06054,1.549,1.7
6,33,Mings,Aston Villa,DEF,Brentford,True,2026-10-10 14:00:00+00:00,4.5,0.4,a,1,0.6928,0.07452,0.03799,0.1378,0.172,0.406,2.565,3
6,34,Pau,Aston Villa,DEF,Brentford,True,2026-10-10 14:00:00+00:00,4.4,0.3,i,1,0.3072,0.03384,0.008689,0.06112,0.06586,0.07939,1.301,0
6,35,Bogarde,Aston Villa,MID,Brentford,True,2026-10-10 14:00:00+00:00,4.9,0.1,a,1,0.08919,0.005276,0.007062,0.01774,0.004047,0.01199,0.4289,0
6,36,Maatsen,Aston Villa,DEF,Brentford,True,2026-10-10 14:00:00+00:00,4.4,0.5,i,0,0,0,0,0,0,0,0,0
6,37,Lindelöf,Aston Villa,DEF,Brentford,True,2026-10-10 14:00:00+00:00,4.5,0.3,a,1,0.925,0.06938,0.06025,0.184,0.2081,0.1151,3.052,2.7
6,38,A.García,Aston Villa,DEF,Brentford,True,2026-10-10 14:00:00+00:00,4,1.5,a,1,0,0.0027,0.00338,0,0.002899,,,0
6,39,Nedeljkovic,Aston Villa,DEF,Brentford,True,2026-10-10 14:00:00+00:00,4,0.1,u,0,0,0,0,0,0,0,0,0
6,41,Buendía,Aston Villa,MID,Brentford,True,2026-10-10 14:00:00+00:00,5.9,1,a,1,0.9369,0.1716,0.1872,0.1864,0.3278,0.3672,4.238,5.7
6,44,Bailey,Aston Villa,MID,Brentford,True,2026-10-10 14:00:00+00:00,5.4,0.1,u,0,0,0,0,0,0,0,0,0
6,45,McGinn,Aston Villa,MID,Brentford,True,2026-10-10 14:00:00+00:00,5.4,2.2,a,1,0.9108,0.1221,0.2128,0.1812,0.2768,0.09219,3.403,5
6,46,Barkley,Aston Villa,MID,Brentford,True,2026-10-10 14:00:00+00:00,5,0.3,a,1,0.7129,0.1188,0.153,0.1418,0.2276,0.1409,3.276,2
6,47,Kamara,Aston Villa,MID,Brentford,True,2026-10-10 14:00:00+00:00,5,0.3,a,1,0.7727,0.0619,0.115,0.1537,0.1564,0.1968,2.707,3.7
6,48,Onana,Aston Villa,MID,Brentford,True,2026-10-10 14:00:00+00:00,4.9,0,i,0,0,0,0,0,0,0,0,0
6,49,Iling Jr,Aston Villa,MID,Brentford,True,2026-10-10 14:00:00+00:00,5,0,u,0,0,0,0,0,0,,,0
6,50,Burrowes,Aston Villa,MID,Brentford,True,2026-10-10 14:00:00+00:00,4.5,0.6,a,1,0,0,0,0,0,,,0
6,51,George Hemmings,Aston Villa,MID,Brentford,True,2026-10-10 14:00:00+00:00,4.5,1.2,a,1,0.3822,0.07431,0.09828,0.07604,0.1305,,,1.7
6,52,Alysson,Aston Villa,MID,Brentford,True,2026-10-10 14:00:00+00:00,5,0,d,0.75,0,0.02497,0.01628,0,0.01668,,,1.7
6,53,Manzambi,Aston Villa,MID,Brentford,True,2026-10-10 14:00:00+00:00,5.9,0.4,a,1,0.2745,0.1009,0.06752,0.05462,0.1533,0.07378,1.768,4.7
6,54,Gomes,Aston Villa,MID,Brentford,True,2026-10-10 14:00:00+00:00,5.5,0,a,1,0.3502,0.03228,0.04425,0.06967,0.06685,0.3246,1.562,1.3
6,55,Watkins,Aston Villa,FWD,Brentford,True,2026-10-10 14:00:00+00:00,7.8,2.5,u,0,0,0,0,0,0,0,0,0
6,56,Abraham,Aston Villa,FWD,Brentford,True,2026-10-10 14:00:00+00:00,5.5,0.2,a,1,0,0.06457,0.01476,0,0.07546,0,1.045,1
6,160,Garnacho,Aston Villa,MID,Brentford,True,2026-10-10 14:00:00+00:00,5.8,0.3,a,1,0,0.0104,0.01183,0,0,0,0.5447,0.3
6,166,N.Jackson,Aston Villa,FWD,Brentford,True,2026-10-10 14:00:00+00:00,6.5,1.5,a,1,0.4883,0.1821,0.1003,0.09714,0.2859,,,2.7
6,582,Madjo,Aston Villa,FWD,Brentford,True,2026-10-10 14:00:00+00:00,5.4,0.2,i,0,0,0,0,0,0,0,0,0
6,596,Ruggeri,Aston Villa,DEF,Brentford,True,2026-10-10 14:00:00+00:00,4.5,0.1,a,1,0.2745,0.01985,0.0222,0.05462,0.05654,0.2483,1.408,1.3
6,597,Suzuki,Aston Villa,GKP,Brentford,True,2026-10-10 14:00:00+00:00,5,1.9,a,1,0.8627,0,0.006912,0.1716,0.3612,0,3.245,4.7
6,606,Rowe,Aston Villa,DEF,Brentford,True,2026-10-10 14:00:00+00:00,4,0.2,a,1,0,0,0,0,0,,,0
6,607,Lynch,Aston Villa,MID,Brentford,True,2026-10-10 14:00:00+00:00,4.5,0.1,u,0,0,0,0,0,0,0,0,0
6,611,Wan-Bissaka,Aston Villa,DEF,Brentford,True,2026-10-10 14:00:00+00:00,4.5,0.2,a,1,0.3426,0.007294,0.04817,0.06816,0.06436,0.2568,1.756,1.7
6,618,Goretzka,Aston Villa,MID,Brentford,True,2026-10-10 14:00:00+00:00,5.9,0,i,1,0,0,0,0,0,0,0,0
6,630,Harwood-Bellis,Aston Villa,DEF,Brentford,True,2026-10-10 14:00:00+00:00,4.5,0,a,1,0,0,0,0,0,0,0,0
6,631,Mbaye,Aston Villa,MID,Brentford,True,2026-10-10 14:00:00+00:00,6,0.1,a,1,0,0.02046,0.02248,0,0,0,0.8922,0.7
6,667,Wright,Aston Villa,GKP,Brentford,True,2026-10-10 14:00:00+00:00,4,0.1,a,1,0,0,0,0,0,0,0,1
6,82,Kelleher,Brentford,GKP,Aston Villa,False,2026-10-10 14:00:00+00:00,5,6.1,a,1,1,0,0.003972,0.1821,0.4302,0,3.776,3.7
6,83,Valdimarsson,Brentford,GKP,Aston Villa,False,2026-10-10 14:00:00+00:00,4.5,0.1,a,1,0,0,0,0,0,0,0,0
6,84,Collins,Brentford,DEF,Aston Villa,False,2026-10-10 14:00:00+00:00,5.4,1,i,0,0,0,0,0,0,0,0,0
6,85,Van den Berg,Brentford,DEF,Aston Villa,False,2026-10-10 14:00:00+00:00,4.9,0.1,i,0,0,0,0,0,0,0,0,0
6,86,Lewis-Potter,Brentford,MID,Aston Villa,False,2026-10-10 14:00:00+00:00,5.5,1.7,a,1,0.8216,0.1413,0.1458,0.1496,0.2616,0.05047,3.427,2
6,87,Ajer,Brentford,DEF,Aston Villa,False,2026-10-10 14:00:00+00:00,4.5,3.9,a,1,0.9108,0.03438,0.04315,0.1659,0.1524,0.7608,2.994,3.3
6,88,Kayode,Brentford,DEF,Aston Villa,False,2026-10-10 14:00:00+00:00,4.6,7.6,a,1,0.6716,0.04268,0.06291,0.1223,0.1437,0.1266,2.368,2.7
6,89,Henry,Brentford,DEF,Aston Villa,False,2026-10-10 14:00:00+00:00,4.4,0.2,a,1,0,7.162e-05,0.0001223,0,0,0,0.1252,0
6,90,Hickey,Brentford,DEF,Aston Villa,False,2026-10-10 14:00:00+00:00,4.5,0.1,a,1,0.2415,0.02036,0.02321,0.04397,0.0432,0.08428,1.446,1
6,92,Ji-soo,Brentford,DEF,Aston Villa,False,2026-10-10 14:00:00+00:00,4.4,0,a,1,0,0,0,0,0,,,0
6,93,Schuster,Brentford,DEF,Aston Villa,False,2026-10-10 14:00:00+00:00,4.5,0.3,a,1,0.6995,0.03671,0.148,0.1274,0.209,0.8881,3.266,7
6,94,Schade,Brentford,MID,Aston Villa,False,2026-10-10 14:00:00+00:00,6.2,11.5,a,1,0.925,0.2798,0.1262,0.1685,0.4317,0.04324,4.346,8.7
6,95,O.Dango,Brentford,MID,Aston Villa,False,2026-10-10 14:00:00+00:00,6.3,0.5,a,1,0.2703,0.107,0.1158,0.04922,0.158,0.05194,2.412,1
6,96,Damsgaard,Brentford,MID,Aston Villa,False,2026-10-10 14:00:00+00:00,5.4,0.4,a,1,0.6264,0.0655,0.1867,0.1141,0.1709,0.2607,3.06,4
6,97,Jensen,Brentford,MID,Aston Villa,False,2026-10-10 14:00:00+00:00,5.4,0.1,i,1,0.3333,0.01838,0.06714,0.06071,0.06569,0.09951,1.186,0
6,98,Janelt,Brentford,MID,Aston Villa,False,2026-10-10 14:00:00+00:00,5,2.5,a,1,0.9369,0.08222,0.1587,0.1706,0.2048,0.8508,3.579,6
6,99,Milambo,Brentford,MID,Aston Villa,False,2026-10-10 14:00:00+00:00,5,0,i,0,0,0,0,0,0,,,0
6,100,Carvalho,Brentford,MID,Aston Villa,False,2026-10-10 14:00:00+00:00,5,0,a,1,0,0.00287,0.001063,0,0,0,0.2297,2
6,102,Yarmoliuk,Brentford,MID,Aston Villa,False,2026-10-10 14:00:00+00:00,4.8,0.6,a,1,0.3502,0.02774,0.04364,0.06378,0.03763,0.2286,1.711,2.3
6,103,Dasilva,Brentford,MID,Aston Villa,False,2026-10-10 14:00:00+00:00,4.9,0,i,1,0,0.000146,0.0001313,0,0,,,0
6,105,Anthony,Brentford,MID,Aston Villa,False,2026-10-10 14:00:00+00:00,5.9,0.1,a,1,0.5655,0.1856,0.1744,0.103,0.3078,0.05868,3.36,4
6,106,Thiago,Brentford,FWD,Aston Villa,False,2026-10-10 14:00:00+00:00,7.8,9.1,a,1,1,0.5291,0.09341,0.1821,0.7805,0.04039,4.827,2.7
6,107,Furo,Brentford,FWD,Aston Villa,False,2026-10-10 14:00:00+00:00,4.5,0.9,i,0,0,0,0,0,0,,,0
6,108,Wilson,Brentford,FWD,Aston Villa,False,2026-10-10 14:00:00+00:00,5.4,0.3,a,1,0.075,0.08452,0.0243,0.01366,0.1109,0.0007544,1.207,0.3
6,565,M.Sangaré,Brentford,MID,Aston Villa,False,2026-10-10 14:00:00+00:00,5.6,9.9,a,1,0.5314,0.07077,0.1231,0.09677,0.1391,0.6266,2.648,1.3
6,620,Diouf,Brentford,DEF,Aston Villa,False,2026-10-10 14:00:00+00:00,4.5,0.1,a,1,0.3333,0.01189,0.06151,0.06071,0.07803,0.104,1.404,0.7
6,657,Nunes,Brentford,MID,Aston Villa,False,2026-10-10 14:00:00+00:00,4.5,0,a,1,0,0,0,0,0,,,0
6,660,Fredrick,Brentford,DEF,Aston Villa,False,2026-10-10 14:00:00+00:00,4,0,a,1,0,0,0,0,0,,,1.1
6,661,Balcombe,Brentford,GKP,Aston Villa,False,2026-10-10 14:00:00+00:00,4,0,a,1,0,0,0,0,0,0,0,1
6,28,Martinez,Chelsea,GKP,Bournemouth,True,2026-10-10 14:00:00+00:00,5,4.7,a,1,0.8047,0,0.02378,0.1659,0.3599,0,3.133,2.3
6,40,Rogers,Chelsea,MID,Bournemouth,True,2026-10-10 14:00:00+00:00,7.7,40.5,a,1,0.9108,0.197,0.2465,0.1878,0.3894,0.07132,4.045,5.3
6,101,Henderson,Chelsea,MID,Bournemouth,True,2026-10-10 14:00:00+00:00,4.9,0,a,1,0.2121,0.01533,0.05686,0.04374,0.04105,0.06403,0.8953,0.7
6,136,Welbeck,Chelsea,FWD,Bournemouth,True,2026-10-10 14:00:00+00:00,5.9,1,a,1,0.3502,0.1653,0.05183,0.0722,0.24,0.001494,2.176,1.3
6,140,Sánchez,Chelsea,GKP,Bournemouth,True,2026-10-10 14:00:00+00:00,4.9,0.7,u,0,0,0,0,0,0,0,0,0
6,141,Jörgensen,Chelsea,GKP,Bournemouth,True,2026-10-10 14:00:00+00:00,5,0,u,0,0,0,0,0,0,0,0,0
6,142,James,Chelsea,DEF,Bournemouth,True,2026-10-10 14:00:00+00:00,5.4,5.8,d,0.75,0.3258,0.02289,0.05334,0.06718,0.09154,0.07606,1.299,0.5
6,143,Chalobah,Chelsea,DEF,Bournemouth,True,2026-10-10 14:00:00+00:00,5.5,0.1,u,0,0,0,0,0,0,0,0,0
6,144,Gusto,Chelsea,DEF,Bournemouth,True,2026-10-10 14:00:00+00:00,4.9,1,a,1,0.5629,0.02861,0.06801,0.116,0.1353,0.05204,1.993,0.7
6,145,Fofana,Chelsea,DEF,Bournemouth,True,2026-10-10 14:00:00+00:00,5,0.2,a,1,0.8939,0.02279,0.03224,0.1843,0.1443,0.705,3.059,2.7
6,146,B.Badiashile,Chelsea,DEF,Bournemouth,True,2026-10-10 14:00:00+00:00,4.5,0,u,0,0,0,0,0,0,0,0,0
6,148,Hato,Chelsea,DEF,Bournemouth,True,2026-10-10 14:00:00+00:00,4.5,0.8,a,1,0.3703,0.01796,0.08634,0.07634,0.1099,0.09694,1.581,1
6,149,Colwill,Chelsea,DEF,Bournemouth,True,2026-10-10 14:00:00+00:00,4.8,0.9,a,1,0.775,0.02303,0.02487,0.1598,0.1262,0.3505,2.361,0.7
6,150,M.Sarr,Chelsea,DEF,Bournemouth,True,2026-10-10 14:00:00+00:00,4.5,0,u,0,0,0,0,0,0,0,0,0
6,151,Acheampong,Chelsea,DEF,Bournemouth,True,2026-10-10 14:00:00+00:00,4.5,0.3,a,1,0.3311,0.02088,0.0159,0.06826,0.05814,0.1409,1.516,0.3
6,152,Palestra,Chelsea,DEF,Bournemouth,True,2026-10-10 14:00:00+00:00,5.3,0.6,d,0.5,0,0,0,0,0,0,0,0
6,154,Palmer,Chelsea,MID,Bournemouth,True,2026-10-10 14:00:00+00:00,9.7,25.7,d,0.75,0.75,0.2648,0.1415,0.1546,0.4178,0.1247,3.766,2
6,156,Neto,Chelsea,MID,Bournemouth,True,2026-10-10 14:00:00+00:00,6.5,1.4,a,1,0.8309,0.1273,0.21,0.1713,0.2782,0.0406,3.525,2
6,157,Estêvão,Chelsea,MID,Bournemouth,True,2026-10-10 14:00:00+00:00,6.3,0.7,a,1,0,0.009938,0.009063,0,0,0,0.7235,1
6,158,Gittens,Chelsea,MID,Bournemouth,True,2026-10-10 14:00:00+00:00,5.8,0,d,0.75,0,0,0,0,0,0,0,0
6,159,Caicedo,Chelsea,MID,Bournemouth,True,2026-10-10 14:00:00+00:00,5.3,1,d,0.5,0.1136,0.006083,0.01278,0.02343,0.01403,0.08645,0.4515,0
6,161,Lavia,Chelsea,MID,Bournemouth,True,2026-10-10 14:00:00+00:00,5,0.2,a,1,0.4106,0.08439,0.04575,0.08465,0.1314,0.06791,1.708,1
6,163,D.Essugo,Chelsea,MID,Bournemouth,True,2026-10-10 14:00:00+00:00,4.5,0.1,u,0,0,0,0,0,0,,,0
6,164,Quenda,Chelsea,MID,Bournemouth,True,2026-10-10 14:00:00+00:00,5.3,0,a,1,0,0.0114,0.01083,0,0,0,0.5013,0.3
6,165,João Pedro,Chelsea,FWD,Bournemouth,True,2026-10-10 14:00:00+00:00,7.7,65.1,d,0.75,0.5346,0.2412,0.07065,0.1102,0.3655,0.001711,2.434,3.2
6,168,Marc Guiu,Chelsea,FWD,Bournemouth,True,2026-10-10 14:00:00+00:00,5,0.2,u,0,0,0,0,0,0,0,0,0
6,169,Mheuka,Chelsea,FWD,Bournemouth,True,2026-10-10 14:00:00+00:00,4.5,0.5,a,1,0,0.000319,0.0001329,0,0,,,0
6,170,Emegha,Chelsea,FWD,Bournemouth,True,2026-10-10 14:00:00+00:00,4.9,0.1,i,1,0,0,0,0,0,0,0,0
6,200,Lacroix,Chelsea,DEF,Bournemouth,True,2026-10-10 14:00:00+00:00,5.9,6.8,a,1,0.7324,0.05669,0.04454,0.151,0.1645,0.8428,3.185,2
6,560,Penders,Chelsea,GKP,Bournemouth,True,2026-10-10 14:00:00+00:00,4.4,0.1,a,1,0,0,0,0,0,0,0,0
6,561,Anselmino,Chelsea,DEF,Bournemouth,True,2026-10-10 14:00:00+00:00,4.5,0,a,1,0,0,0,0,0,,,0
6,568,Barco,Chelsea,MID,Bournemouth,True,2026-10-10 14:00:00+00:00,5.4,0.1,a,1,0.2745,0.05304,0.04394,0.0566,0.07478,0.07378,1.314,0.7
6,583,Chavarria,Chelsea,DEF,Bournemouth,True,2026-10-10 14:00:00+00:00,4.9,0.1,a,1,0.2745,0.02906,0.03871,0.0566,0.06893,0.111,1.682,1
6,662,Nicoll-Jazuli,Chelsea,MID,Bournemouth,True,2026-10-10 14:00:00+00:00,4.5,0,a,1,0,0.00542,0.005471,0,0,0,1.044,1.1
6,57,Petrović,Bournemouth,GKP,Chelsea,False,2026-10-10 14:00:00+00:00,4.5,3,a,1,1,0,0.001809,0.1862,0.1352,0,2.756,1.3
6,58,Forster,Bournemouth,GKP,Chelsea,False,2026-10-10 14:00:00+00:00,4,3.5,a,1,0,0,0,0,0,0,0,0
6,59,Dennis,Bournemouth,GKP,Chelsea,False,2026-10-10 14:00:00+00:00,4,0.1,u,0,0,0,0,0,0,0,0,0
6,60,Hill,Bournemouth,DEF,Chelsea,False,2026-10-10 14:00:00+00:00,5.5,0.8,a,1,1,0.03203,0.09539,0.1862,0.1982,1.109,3.588,2.3
6,61,Truffert,Bournemouth,DEF,Chelsea,False,2026-10-10 14:00:00+00:00,5.4,3,a,1,1,0.0514,0.1342,0.1862,0.2451,0.5784,3.455,1.7
6,62,Diakité,Bournemouth,DEF,Chelsea,False,2026-10-10 14:00:00+00:00,4.9,0.2,a,1,0,0,0,0,0,0,0,0
6,63,Milosavljević,Bournemouth,DEF,Chelsea,False,2026-10-10 14:00:00+00:00,4.9,0,i,0,0,0,0,0,0,0,0,0
6,64,Smith,Bournemouth,DEF,Chelsea,False,2026-10-10 14:00:00+00:00,4.5,0.1,a,1,1,0.014,0.04328,0.1862,0.1433,0.1199,2.192,0.7
6,65,J.Araujo,Bournemouth,DEF,Chelsea,False,2026-10-10 14:00:00+00:00,4.4,0,i,0,0,0,0,0,0,,,0
6,66,Soler,Bournemouth,DEF,Chelsea,False,2026-10-10 14:00:00+00:00,4,0.3,a,1,0,0,0,0,0,,,0
6,67,Rayan,Bournemouth,MID,Chelsea,False,2026-10-10 14:00:00+00:00,6.3,1.6,a,1,1,0.1983,0.1831,0.1862,0.3645,0.07414,4.166,2
6,68,Tavernier,Bournemouth,MID,Chelsea,False,2026-10-10 14:00:00+00:00,6.1,6.8,a,1,1,0.2442,0.2477,0.1862,0.4516,0.1734,4.408,6.7
6,69,Scott,Bournemouth,MID,Chelsea,False,2026-10-10 14:00:00+00:00,6.1,5.8,a,1,0.9108,0.09196,0.1134,0.1696,0.1976,0.7463,3.546,5.3
6,70,Kluivert,Bournemouth,MID,Chelsea,False,2026-10-10 14:00:00+00:00,6,0.9,i,0,0,0,0,0,0,0,0,0
6,71,Cook,Bournemouth,MID,Chelsea,False,2026-10-10 14:00:00+00:00,5,0.2,a,1,0.2322,0.0105,0.02023,0.04323,0,0.2083,1.355,0.7
6,72,Gannon-Doak,Bournemouth,MID,Chelsea,False,2026-10-10 14:00:00+00:00,4.9,0.1,a,1,0,0.01496,0.0103,0,0,,,1
6,73,Adams,Bournemouth,MID,Chelsea,False,2026-10-10 14:00:00+00:00,5,0.3,a,1,0.7047,0.0374,0.07601,0.1312,0.09047,0.5318,2.798,3.3
6,74,Brooks,Bournemouth,MID,Chelsea,False,2026-10-10 14:00:00+00:00,5,0.1,a,1,0,0.0353,0.02832,0,0.01522,0,0.9031,0.7
6,75,Christie,Bournemouth,MID,Chelsea,False,2026-10-10 14:00:00+00:00,5,0,a,1,0.2121,0.0463,0.03936,0.03949,0.056,0.05869,1.446,1.3
6,76,Tóth.A,Bournemouth,MID,Chelsea,False,2026-10-10 14:00:00+00:00,4.9,0,a,1,0,0.01129,0.01364,0,0,,,0.3
6,77,Adli,Bournemouth,MID,Chelsea,False,2026-10-10 14:00:00+00:00,4.9,0,i,0,0,0,0,0,0,0,0,0
6,78,Kroupi.Jr,Bournemouth,MID,Chelsea,False,2026-10-10 14:00:00+00:00,7.4,0.2,i,0,0,0,0,0,0,0,0,0
6,79,Evanilson,Bournemouth,FWD,Chelsea,False,2026-10-10 14:00:00+00:00,6,3.2,a,1,0.9369,0.2578,0.1374,0.1744,0.4143,0.002868,3.691,3
6,80,Enes Ünal,Bournemouth,FWD,Chelsea,False,2026-10-10 14:00:00+00:00,5.5,0,u,0,0,0,0,0,0,,,0
6,81,Rodríguez,Bournemouth,FWD,Chelsea,False,2026-10-10 14:00:00+00:00,6,0.1,a,1,0,0.006088,0.002562,0,0,0,0.4261,0.3
6,566,Silva,Bournemouth,DEF,Chelsea,False,2026-10-10 14:00:00+00:00,5,0.4,a,1,1,0.1743,0.03659,0.1862,0.2977,1.202,4.389,2.3
6,573,Sanchez,Bournemouth,DEF,Chelsea,False,2026-10-10 14:00:00+00:00,4.4,0.2,a,1,0,0,0,0,0,0,0,0
6,608,Jebbison,Bournemouth,FWD,Chelsea,False,2026-10-10 14:00:00+00:00,5,0.1,a,1,0,0.02432,0.009409,0,0.02001,0,0.7514,0.7
6,615,Di Gregorio,Bournemouth,GKP,Chelsea,False,2026-10-10 14:00:00+00:00,4.5,0,a,1,0,0,0,0,0,0,0,0
6,259,Diop,Ipswich,DEF,Fulham,True,2026-10-10 14:00:00+00:00,4,12.7,a,1,0.9369,0.04604,0.02741,0.1872,0.1636,0.6729,3.336,2.7
6,267,Lukić,Ipswich,MID,Fulham,True,2026-10-10 14:00:00+00:00,4.9,0.1,a,1,0.9108,0.08113,0.1243,0.182,0.189,0.2249,2.828,1.7
6,300,Walton,Ipswich,GKP,Fulham,True,2026-10-10 14:00:00+00:00,4.4,0.4,a,1,0.2745,0,0.002884,0.05485,0,0,0.6256,0.7
6,301,Palmer,Ipswich,GKP,Fulham,True,2026-10-10 14:00:00+00:00,4,3.9,a,1,0,0,0,0,0,0,0,0
6,302,Button,Ipswich,GKP,Fulham,True,2026-10-10 14:00:00+00:00,4,0.6,a,1,0,0,0,0,0,0,0,0
6,303,Kipré,Ipswich,DEF,Fulham,True,2026-10-10 14:00:00+00:00,3.9,0.9,a,1,0,0,0,0,0,0,0,0
6,304,O'Shea,Ipswich,DEF,Fulham,True,2026-10-10 14:00:00+00:00,4,2.7,a,1,1,0.029,0.06524,0.1998,0.1819,0.7022,3.488,2
6,305,Davis,Ipswich,DEF,Fulham,True,2026-10-10 14:00:00+00:00,4,6.9,a,1,1,0.2462,0.1155,0.1998,0.4333,0.2022,4.693,5.7
6,306,Greaves,Ipswich,DEF,Fulham,True,2026-10-10 14:00:00+00:00,4,1.1,a,1,0.7255,0.02129,0.03061,0.1449,0.1203,0.375,2.177,0.7
6,307,Johnson,Ipswich,DEF,Fulham,True,2026-10-10 14:00:00+00:00,4,0.1,u,0,0,0,0,0,0,0,0,0
6,308,Furlong,Ipswich,DEF,Fulham,True,2026-10-10 14:00:00+00:00,3.9,0.6,a,1,0,0.002056,0.002261,0,0,0,0.1649,0
6,309,Núñez,Ipswich,MID,Fulham,True,2026-10-10 14:00:00+00:00,4.9,0.1,a,1,0.3005,0.02291,0.02232,0.06003,0.04876,0.1848,1.076,0
6,310,Matusiwa,Ipswich,MID,Fulham,True,2026-10-10 14:00:00+00:00,4.9,0,a,1,0,0,0,0,0,0,0,0
6,311,Burns,Ipswich,MID,Fulham,True,2026-10-10 14:00:00+00:00,5,0,u,0,0,0,0,0,0,0,0,0
6,312,Taylor,Ipswich,MID,Fulham,True,2026-10-10 14:00:00+00:00,4.4,0,i,0,0,0,0,0,0,0,0,0
6,313,Clarke,Ipswich,MID,Fulham,True,2026-10-10 14:00:00+00:00,5.4,0.2,a,1,0.5054,0.06077,0.06205,0.101,0.1038,0.1087,1.915,1.3
6,314,Ogbene,Ipswich,MID,Fulham,True,2026-10-10 14:00:00+00:00,4.9,0,u,0,0,0,0,0,0,0,0,0
6,315,Fatawu,Ipswich,MID,Fulham,True,2026-10-10 14:00:00+00:00,5.4,0.2,s,0,0,0,0,0,0,0,0,0
6,316,Emersonn,Ipswich,FWD,Fulham,True,2026-10-10 14:00:00+00:00,5.5,3.5,a,1,0.8368,0.25,0.1658,0.1672,0.4064,0.008416,3.749,5.3
6,317,Hirst,Ipswich,FWD,Fulham,True,2026-10-10 14:00:00+00:00,5,0.1,u,0,0,0,0,0,0,0,0,0
6,318,Philogene,Ipswich,MID,Fulham,True,2026-10-10 14:00:00+00:00,5.4,0.1,a,1,0,0.01851,0.01821,0,0.005255,0,0.6578,0.7
6,319,Szmodics,Ipswich,MID,Fulham,True,2026-10-10 14:00:00+00:00,5,0,u,0,0,0,0,0,0,0,0,0
6,320,Akpom,Ipswich,FWD,Fulham,True,2026-10-10 14:00:00+00:00,5,1.2,a,1,0,0.05348,0.01466,0,0.06255,0,0.8955,0.3
6,321,Walle Egeli,Ipswich,FWD,Fulham,True,2026-10-10 14:00:00+00:00,4.5,3.5,a,1,0,0.004638,0.001933,0,0.003274,0,0.1649,0
6,322,Al-Hamadi,Ipswich,FWD,Fulham,True,2026-10-10 14:00:00+00:00,5,0,u,0,0,0,0,0,0,0,0,0
6,323,McAteer,Ipswich,MID,Fulham,True,2026-10-10 14:00:00+00:00,4.4,1,a,1,0,0.00973,0.009367,0,0,0,0.5714,0.3
6,324,Mehmeti,Ipswich,MID,Fulham,True,2026-10-10 14:00:00+00:00,4.8,0,a,1,0,0,0,0,0,0,0,0
6,554,Van Oevelen,Ipswich,GKP,Fulham,True,2026-10-10 14:00:00+00:00,4.5,0,u,0,0,0,0,0,0,0,0,0
6,562,Maeda,Ipswich,MID,Fulham,True,2026-10-10 14:00:00+00:00,5.3,0.2,a,1,0.4946,0.1036,0.03898,0.09882,0.1363,0.08862,2.453,1.3
6,564,Scherpen,Ipswich,GKP,Fulham,True,2026-10-10 14:00:00+00:00,4.5,0.6,a,1,0.5606,0,0.003311,0.112,0.2076,0,1.9,1
6,571,Florentino,Ipswich,MID,Fulham,True,2026-10-10 14:00:00+00:00,4.8,0.1,a,1,0.2273,0.02199,0.02211,0.0454,0.02488,0.2363,1.328,0.7
6,591,Enciso,Ipswich,MID,Fulham,True,2026-10-10 14:00:00+00:00,5.5,0.8,a,1,0.7727,0.1621,0.1445,0.1544,0.2938,,,1.7
6,592,Ouattara,Ipswich,DEF,Fulham,True,2026-10-10 14:00:00+00:00,4,0.9,a,1,0.2745,0.01903,0.0301,0.05485,0.0518,0.111,1.662,1.3
6,602,Humphreys,Ipswich,MID,Fulham,True,2026-10-10 14:00:00+00:00,4.5,0,u,0,0,0,0,0,0,0,0,0
6,619,Palacios,Ipswich,MID,Fulham,True,2026-10-10 14:00:00+00:00,5,0.1,a,1,0.8108,0.05765,0.07894,0.162,0.1255,0.6858,3.309,3.3
6,640,Flemming,Ipswich,FWD,Fulham,True,2026-10-10 14:00:00+00:00,5.5,0.1,a,1,0.4595,0.3255,0.03975,0.09179,0.4574,0.002488,2.933,2
6,250,Leno,Fulham,GKP,Ipswich,False,2026-10-10 14:00:00+00:00,4.5,3.4,a,1,1,0,0.002213,0.2306,0.2668,0,3.403,4.3
6,251,Lecomte,Fulham,GKP,Ipswich,False,2026-10-10 14:00:00+00:00,4,1.1,a,1,0,0,0,0,0,0,0,0
6,252,McNally,Fulham,GKP,Ipswich,False,2026-10-10 14:00:00+00:00,4,0.1,u,0,0,0,0,0,0,0,0,0
6,253,Andersen,Fulham,DEF,Ipswich,False,2026-10-10 14:00:00+00:00,5,0.2,a,1,0.2761,0.01887,0.01513,0.06368,0.05727,0.2912,1.297,0.7
6,254,Robinson,Fulham,DEF,Ipswich,False,2026-10-10 14:00:00+00:00,4.5,1.5,a,1,1,0.07497,0.0976,0.2306,0.2688,0.3511,3.651,3
6,255,J.Cuenca,Fulham,DEF,Ipswich,False,2026-10-10 14:00:00+00:00,4.5,0,a,1,0.1061,0.003446,0.01368,0.02446,0.02422,0.1251,0.4664,0
6,256,Tete,Fulham,DEF,Ipswich,False,2026-10-10 14:00:00+00:00,4.4,0.2,a,1,0,0.002744,0.004147,0,0.001302,0,0.003627,0
6,257,Bassey,Fulham,DEF,Ipswich,False,2026-10-10 14:00:00+00:00,4.5,0.7,a,1,1,0.0466,0.03138,0.2306,0.1936,0.4372,3.324,4.3
6,258,Castagne,Fulham,DEF,Ipswich,False,2026-10-10 14:00:00+00:00,4.5,0.9,a,1,1,0.09242,0.1174,0.2306,0.3002,0.2067,3.559,2.7
6,261,Iwobi,Fulham,MID,Ipswich,False,2026-10-10 14:00:00+00:00,5.4,0.7,a,1,0.9369,0.09913,0.1999,0.2161,0.247,0.08837,3.521,3.3
6,262,Smith Rowe,Fulham,MID,Ipswich,False,2026-10-10 14:00:00+00:00,5.3,0.2,a,1,0.1642,0.04609,0.02866,0.03787,0.04882,0.01412,1.263,0.7
6,263,Kevin,Fulham,MID,Ipswich,False,2026-10-10 14:00:00+00:00,5.3,0,a,1,0,0.03099,0.0343,0,0.0104,0,1.118,0.7
6,264,Bobb,Fulham,MID,Ipswich,False,2026-10-10 14:00:00+00:00,5.5,0.3,a,1,0.9369,0.08714,0.1698,0.2161,0.2147,0.07748,3.39,2.7
6,265,Berge,Fulham,MID,Ipswich,False,2026-10-10 14:00:00+00:00,4.9,0.3,a,1,0.7119,0.04432,0.08506,0.1642,0.1062,0.184,2.58,2.3
6,266,Cairney,Fulham,MID,Ipswich,False,2026-10-10 14:00:00+00:00,4.9,0,i,1,0.06307,0.01266,0.01421,0.01454,0.01973,0.01043,0.366,0
6,268,King,Fulham,MID,Ipswich,False,2026-10-10 14:00:00+00:00,5.5,2.6,a,1,0.7727,0.2123,0.1135,0.1782,0.3283,0.05729,3.464,5
6,269,Sessegnon,Fulham,DEF,Ipswich,False,2026-10-10 14:00:00+00:00,4.3,0.3,a,1,0,0.008322,0.009694,0,0.00579,0,0.4326,0.3
6,270,Reed,Fulham,MID,Ipswich,False,2026-10-10 14:00:00+00:00,4.4,1.1,a,1,0,0,0,0,0,0,0,0
6,271,Muniz,Fulham,FWD,Ipswich,False,2026-10-10 14:00:00+00:00,5.4,0.4,a,1,0.2273,0.1036,0.03462,0.05241,0.141,0.002133,1.487,0.7
6,272,Kusi-Asare,Fulham,FWD,Ipswich,False,2026-10-10 14:00:00+00:00,4.5,5.4,a,1,0,0.001633,0.0007462,0,0.0007775,,,0
6,569,Gonzalo,Fulham,FWD,Ipswich,False,2026-10-10 14:00:00+00:00,6,4,a,1,1,0.4197,0.1352,0.2306,0.6416,0.008801,4.735,2
6,570,Palacios,Fulham,MID,Ipswich,False,2026-10-10 14:00:00+00:00,5.4,0.2,a,1,0.4946,0.1165,0.04648,0.1141,0.1672,0.08862,2.192,3
6,580,Charles,Fulham,MID,Ipswich,False,2026-10-10 14:00:00+00:00,5,0.1,a,1,0.6995,0.05601,0.07715,0.1613,0.1125,0.5917,3.076,3.7
6,610,De Fougerolles,Fulham,DEF,Ipswich,False,2026-10-10 14:00:00+00:00,4,0.1,u,0,0,0,0,0,0,0,0,0
6,626,Zepa,Fulham,MID,Ipswich,False,2026-10-10 14:00:00+00:00,4.4,0.3,a,1,0,0,0,0,0,0,0,0
6,635,Larsson,Fulham,MID,Ipswich,False,2026-10-10 14:00:00+00:00,5,0,a,1,0,0.02298,0.01947,0,0,0,1.173,1
6,636,Ángel,Fulham,MID,Ipswich,False,2026-10-10 14:00:00+00:00,5,0,a,1,0,0,0,0,0,0,0,0
6,650,Affengruber,Fulham,DEF,Ipswich,False,2026-10-10 14:00:00+00:00,4.5,0.1,a,1,0.7225,0.03454,0.04736,0.1666,0.1583,0.8118,3.072,4
6,501,Danso,Sunderland,DEF,Brighton,True,2026-10-10 14:00:00+00:00,5,0.2,a,1,0.7678,0.02555,0.02185,0.1572,0.1251,0.7745,2.795,1
6,529,Roefs,Sunderland,GKP,Brighton,True,2026-10-10 14:00:00+00:00,4.9,2.4,a,1,1,0,0.01702,0.2047,0.05238,0,2.59,1.3
6,530,Patterson,Sunderland,GKP,Brighton,True,2026-10-10 14:00:00+00:00,4,0.1,u,0,0,0,0,0,0,0,0,0
6,531,Ellborg,Sunderland,GKP,Brighton,True,2026-10-10 14:00:00+00:00,4.4,0.1,a,1,0,0,0,0,0,0,0,0
6,532,Ballard,Sunderland,DEF,Brighton,True,2026-10-10 14:00:00+00:00,4.9,2.5,d,0.75,0.5796,0.06268,0.04256,0.1186,0.156,0.6594,2.419,1.5
6,533,Mukiele,Sunderland,DEF,Brighton,True,2026-10-10 14:00:00+00:00,5.4,1.9,a,1,0.8939,0.1124,0.09557,0.183,0.2776,0.7397,3.825,1.3
6,534,Hume,Sunderland,DEF,Brighton,True,2026-10-10 14:00:00+00:00,4.3,2.8,a,1,0.3845,0.04506,0.06917,0.0787,0.1254,0.06624,1.92,0.7
6,535,Alderete,Sunderland,DEF,Brighton,True,2026-10-10 14:00:00+00:00,4.8,0.2,a,1,0.06307,0.006256,0.004981,0.01291,0.01223,0.04643,0.4099,0
6,536,Reinildo,Sunderland,DEF,Brighton,True,2026-10-10 14:00:00+00:00,4.4,0.3,a,1,0.7879,0.013,0.03116,0.1613,0.1214,0.2529,2.331,0
6,537,Seelt,Sunderland,DEF,Brighton,True,2026-10-10 14:00:00+00:00,4.5,0,u,0,0,0,0,0,0,0,0,0
6,538,Hjelde,Sunderland,DEF,Brighton,True,2026-10-10 14:00:00+00:00,4,0,u,0,0,0,0,0,0,,,0
6,539,O'Nien,Sunderland,DEF,Brighton,True,2026-10-10 14:00:00+00:00,3.9,2.5,a,1,0.2703,0.00973,0.009661,0.05532,0.04616,0.1011,0.767,0
6,540,Masuaku,Sunderland,DEF,Brighton,True,2026-10-10 14:00:00+00:00,4,0.1,u,0,0,0,0,0,0,,,0
6,541,Meunier,Sunderland,DEF,Brighton,True,2026-10-10 14:00:00+00:00,4.5,0.3,a,1,1,0.06716,0.07576,0.2047,0.2302,0.2022,3.402,2.3
6,542,E.Le Fée,Sunderland,MID,Brighton,True,2026-10-10 14:00:00+00:00,5.7,3.4,a,1,1,0.1965,0.3512,0.2047,0.4414,0.3704,5.053,4.3
6,543,Diarra,Sunderland,MID,Brighton,True,2026-10-10 14:00:00+00:00,5.3,0,i,0,0,0,0,0,0,0,0,0
6,544,Xhaka,Sunderland,MID,Brighton,True,2026-10-10 14:00:00+00:00,5.5,3.6,a,1,1,0.03742,0.1816,0.2047,0.1651,0.7531,3.437,2
6,545,Sadiki,Sunderland,MID,Brighton,True,2026-10-10 14:00:00+00:00,4.9,0.2,a,1,1,0.08619,0.06555,0.2047,0.1702,0.2071,2.97,1.7
6,546,Adingra,Sunderland,MID,Brighton,True,2026-10-10 14:00:00+00:00,4.9,0,u,0,0,0,0,0,0,0,0,0
6,547,Mundle,Sunderland,MID,Brighton,True,2026-10-10 14:00:00+00:00,4.9,0,i,0,0,0,0,0,0,0,0,0
6,548,Rigg,Sunderland,MID,Brighton,True,2026-10-10 14:00:00+00:00,4.9,0,a,1,0,0.003676,0.005984,0,0,0,0.4327,0
6,549,Talbi,Sunderland,MID,Brighton,True,2026-10-10 14:00:00+00:00,5.3,0.1,a,1,0.06307,0.0176,0.01068,0.01291,0.01944,0.006164,0.4658,0
6,550,Jocelin.T,Sunderland,MID,Brighton,True,2026-10-10 14:00:00+00:00,5,0,a,1,0,0,0,0,0,,,0
6,551,N.Angulo,Sunderland,MID,Brighton,True,2026-10-10 14:00:00+00:00,5,0.1,a,1,0.6187,0.1291,0.09615,0.1267,0.2052,0.07825,2.767,2.7
6,552,Brobbey,Sunderland,FWD,Brighton,True,2026-10-10 14:00:00+00:00,5.7,6.9,d,0.75,0.75,0.26,0.07441,0.1535,0.3979,0.002854,3.03,5
6,553,Isidor,Sunderland,FWD,Brighton,True,2026-10-10 14:00:00+00:00,5.5,1.3,a,1,0,0.1238,0.01289,0,0.1496,0,1.62,2
6,612,Methalie,Sunderland,DEF,Brighton,True,2026-10-10 14:00:00+00:00,4.5,0,a,1,0.3182,0.01297,0.01379,0.06514,0.05757,0.1287,0.7081,-0.3
6,613,Ahoka,Sunderland,MID,Brighton,True,2026-10-10 14:00:00+00:00,4.5,0.2,a,1,0,0,0,0,0,0,0,0
6,646,Fofana,Sunderland,MID,Brighton,True,2026-10-10 14:00:00+00:00,5.5,0,a,1,0,0.04886,0.02539,0,0.02041,0,1.341,1
6,651,J.Angulo,Sunderland,FWD,Brighton,True,2026-10-10 14:00:00+00:00,4.5,0.7,a,1,0,0,0,0,0,0,0,0
6,109,Verbruggen,Brighton,GKP,Sunderland,False,2026-10-10 14:00:00+00:00,4.5,21.6,a,1,1,0,0.0028,0.2404,0.2048,0,3.225,5.7
6,111,Steele,Brighton,GKP,Sunderland,False,2026-10-10 14:00:00+00:00,4,4.1,a,1,0,0,0,0,0,0,0,0
6,113,F.Kadıoğlu,Brighton,DEF,Sunderland,False,2026-10-10 14:00:00+00:00,4.4,1.6,a,1,0.8939,0.04544,0.07845,0.2149,0.2179,0.132,2.894,4.3
6,114,Boscagli,Brighton,DEF,Sunderland,False,2026-10-10 14:00:00+00:00,4.5,0.3,a,1,0.7727,0.01374,0.06646,0.1858,0.162,0.233,2.483,4.7
6,115,De Cuyper,Brighton,DEF,Sunderland,False,2026-10-10 14:00:00+00:00,5,27.8,a,1,0.9108,0.118,0.2588,0.219,0.4181,0.1053,3.996,7
6,116,Dunk,Brighton,DEF,Sunderland,False,2026-10-10 14:00:00+00:00,4.5,1.5,d,0.75,0.5909,0.02243,0.01609,0.1421,0.111,0.3051,1.973,4.3
6,117,Coppola,Brighton,DEF,Sunderland,False,2026-10-10 14:00:00+00:00,4.5,0,a,1,0,0,0,0,0,0,0,0
6,118,Igor,Brighton,DEF,Sunderland,False,2026-10-10 14:00:00+00:00,4.5,0,u,0,0,0,0,0,0,0,0,0
6,119,Costinha,Brighton,DEF,Sunderland,False,2026-10-10 14:00:00+00:00,4.5,0,a,1,0,0.009438,0.01189,0,0,0,0.8614,1
6,120,Svoboda,Brighton,DEF,Sunderland,False,2026-10-10 14:00:00+00:00,5,0.1,a,1,0,0.0009237,0.001019,0,0,0,0.2773,0.3
6,121,Mitoma,Brighton,MID,Sunderland,False,2026-10-10 14:00:00+00:00,5.9,0,i,1,0,0.01003,0.008361,0,0.01304,0,0.08827,0
6,122,Minteh,Brighton,MID,Sunderland,False,2026-10-10 14:00:00+00:00,5.8,0,i,0,0,0,0,0,0,0,0,0
6,123,Hinshelwood,Brighton,MID,Sunderland,False,2026-10-10 14:00:00+00:00,5.9,0.6,i,1,0.3333,0.08149,0.03828,0.08015,0.1291,0.04941,1.448,0
6,124,Groß,Brighton,MID,Sunderland,False,2026-10-10 14:00:00+00:00,5.8,28.9,a,1,1,0.1322,0.2557,0.2404,0.3158,0.1809,3.909,10.7
6,125,Georginio,Brighton,FWD,Sunderland,False,2026-10-10 14:00:00+00:00,5.3,0.5,a,1,0.1061,0.03317,0.05522,0.0255,0.05171,0.008734,1.01,0.3
6,126,O'Riley,Brighton,MID,Sunderland,False,2026-10-10 14:00:00+00:00,5.4,0.1,a,1,0,0.007954,0.003307,0,0,0,0.4402,0.7
6,127,Gomez,Brighton,MID,Sunderland,False,2026-10-10 14:00:00+00:00,5,4,a,1,0.7727,0.1717,0.1214,0.1858,0.2851,0.2407,3.644,4.3
6,128,Buonanotte,Brighton,MID,Sunderland,False,2026-10-10 14:00:00+00:00,5,0,u,0,0,0,0,0,0,,,0
6,129,Ayari,Brighton,MID,Sunderland,False,2026-10-10 14:00:00+00:00,5.4,0.4,a,1,0.6466,0.07606,0.0568,0.1555,0.134,0.2311,2.396,4.3
6,130,Wieffer,Brighton,DEF,Sunderland,False,2026-10-10 14:00:00+00:00,4.9,0.2,i,0,0,0,0,0,0,0,0,0
6,132,Howell,Brighton,MID,Sunderland,False,2026-10-10 14:00:00+00:00,4.5,0,u,0,0,0,0,0,0,0,0,0
6,133,Watson,Brighton,MID,Sunderland,False,2026-10-10 14:00:00+00:00,5,0,u,0,0,0,0,0,0,,,0
6,134,Oriola,Brighton,MID,Sunderland,False,2026-10-10 14:00:00+00:00,4.5,0.2,a,1,0,0,0,0,0,,,0
6,135,Yohanna,Brighton,MID,Sunderland,False,2026-10-10 14:00:00+00:00,4.8,0,i,1,0,0.002637,0.002717,0,0,0,0.1586,0
6,137,Tzimas,Brighton,FWD,Sunderland,False,2026-10-10 14:00:00+00:00,5.4,0,i,0,0,0,0,0,0,,,0
6,138,Kostoulas,Brighton,FWD,Sunderland,False,2026-10-10 14:00:00+00:00,5.6,4.2,a,1,0.6667,0.2523,0.1005,0.1603,0.3837,0.005867,3.155,7.3
6,139,Ferguson,Brighton,FWD,Sunderland,False,2026-10-10 14:00:00+00:00,5,0,i,1,0,0,0,0,0,,,0
6,328,Struijk,Brighton,DEF,Sunderland,False,2026-10-10 14:00:00+00:00,4.9,0.2,d,0.75,0.226,0.02005,0.01297,0.05434,0.05151,0.1652,1.053,1.7
6,504,Vuskovic,Brighton,DEF,Sunderland,False,2026-10-10 14:00:00+00:00,5,3.7,a,1,0.7727,0.07423,0.02166,0.1858,0.1902,,,8.7
6,594,David,Brighton,FWD,Sunderland,False,2026-10-10 14:00:00+00:00,5.9,0.2,a,1,0,0.0219,0.006099,0,0.02239,0,0.2915,0
6,600,Osman,Brighton,MID,Sunderland,False,2026-10-10 14:00:00+00:00,5,0,a,1,0,0.01308,0.01133,0,0,0,0.6307,0.3
6,605,Yalcouyé,Brighton,MID,Sunderland,False,2026-10-10 14:00:00+00:00,4.5,4,a,1,0.4545,0.1104,0.1032,0.1093,0.1829,,,3.7
6,614,Hadjam,Brighton,DEF,Sunderland,False,2026-10-10 14:00:00+00:00,4.5,0,a,1,0,0,0,0,0,0,0,0
6,624,Cozier-Duberry,Brighton,MID,Sunderland,False,2026-10-10 14:00:00+00:00,5,0,u,0,0,0,0,0,0,0,0,0
6,639,Andrés,Brighton,MID,Sunderland,False,2026-10-10 14:00:00+00:00,5.5,0,a,1,0.3925,0.09693,0.04977,0.09436,0.1384,0.1055,2.087,4
6,652,Azeez,Brighton,MID,Sunderland,False,2026-10-10 14:00:00+00:00,5.5,0,i,1,0,0,0,0,0,0,0,0
6,658,Ibrahim,Brighton,MID,Sunderland,False,2026-10-10 14:00:00+00:00,4.5,0,a,1,0,0,0,0,0,0,0,0
6,43,Tielemans,Manchester United,MID,Tottenham,True,2026-10-10 16:30:00+00:00,5.8,1.5,a,1,0.9108,0.08201,0.1401,0.3033,0.1892,0.358,3.592,2.7
6,131,Baleba,Manchester United,MID,Tottenham,True,2026-10-10 16:30:00+00:00,4.9,0.1,a,1,0.1381,0.01052,0.0161,0.04598,0.01997,0.06673,0.5989,0
6,162,Andrey Santos,Manchester United,MID,Tottenham,True,2026-10-10 16:30:00+00:00,4.8,0.6,a,1,0.2441,0.03643,0.02071,0.0813,0.04745,0.07903,1.216,0.3
6,325,Darlow,Manchester United,GKP,Tottenham,True,2026-10-10 16:30:00+00:00,4.5,0,d,0.75,0.1704,0,0.0007004,0.05676,0.06716,0,0.6029,0
6,412,Lammens,Manchester United,GKP,Tottenham,True,2026-10-10 16:30:00+00:00,4.9,9.9,a,1,1,0,0.002093,0.333,0.2603,0,3.745,2.7
6,413,Bayindir,Manchester United,GKP,Tottenham,True,2026-10-10 16:30:00+00:00,4.5,0,u,0,0,0,0,0,0,0,0,0
6,414,Heaton,Manchester United,GKP,Tottenham,True,2026-10-10 16:30:00+00:00,4,0.1,i,0,0,0,0,0,0,0,0,0
6,415,Dorgu,Manchester United,MID,Tottenham,True,2026-10-10 16:30:00+00:00,5.8,0.5,d,0.75,0.2007,0.08176,0.06716,0.06683,0.1099,0.07435,1.732,2.2
6,416,De Ligt,Manchester United,DEF,Tottenham,True,2026-10-10 16:30:00+00:00,5,0,i,0,0,0,0,0,0,0,0,0
6,417,Dalot,Manchester United,DEF,Tottenham,True,2026-10-10 16:30:00+00:00,4.9,1.6,a,1,0.7417,0.05281,0.1024,0.247,0.2604,0.1631,3.24,1.7
6,418,Maguire,Manchester United,DEF,Tottenham,True,2026-10-10 16:30:00+00:00,4.8,8.6,a,1,1,0.05204,0.08043,0.333,0.2947,0.6639,4.188,1.7
6,419,Martinez,Manchester United,DEF,Tottenham,True,2026-10-10 16:30:00+00:00,5,1.3,a,1,0.8939,0.02726,0.03664,0.2977,0.2192,0.5238,3.702,1.7
6,420,Yoro,Manchester United,DEF,Tottenham,True,2026-10-10 16:30:00+00:00,4.8,0.5,a,1,0,0.003485,0.00192,0,0,0,0.3762,0.3
6,421,Heaven,Manchester United,DEF,Tottenham,True,2026-10-10 16:30:00+00:00,4.3,0.3,a,1,0.1061,0.005377,0.005405,0.03532,0.02889,0.078,0.4741,0
6,422,Mazraoui,Manchester United,DEF,Tottenham,True,2026-10-10 16:30:00+00:00,4.4,0.5,a,1,0.2583,0.01177,0.01576,0.08603,0.06412,0.07515,1.311,0.3
6,423,Shaw,Manchester United,DEF,Tottenham,True,2026-10-10 16:30:00+00:00,4.3,7.7,a,1,0.8216,0.0185,0.06139,0.2736,0.2147,0.2132,2.983,2
6,424,Amass,Manchester United,DEF,Tottenham,True,2026-10-10 16:30:00+00:00,4,0.2,a,1,0,0,0,0,0,,,0
6,425,Fredricson,Manchester United,DEF,Tottenham,True,2026-10-10 16:30:00+00:00,4,0,u,0,0,0,0,0,0,,,0
6,426,B.Fernandes,Manchester United,MID,Tottenham,True,2026-10-10 16:30:00+00:00,11.9,38.5,a,1,1,0.3471,0.5492,0.333,0.7167,0.243,6.676,2
6,427,Mbeumo,Manchester United,MID,Tottenham,True,2026-10-10 16:30:00+00:00,7.9,20.6,a,1,0.9369,0.3935,0.2086,0.312,0.6073,0.04286,5.366,4
6,428,Cunha,Manchester United,MID,Tottenham,True,2026-10-10 16:30:00+00:00,7.9,5.8,a,1,0.9108,0.1782,0.2095,0.3033,0.3451,0.08591,4.012,5
6,429,Rashford,Manchester United,MID,Tottenham,True,2026-10-10 16:30:00+00:00,7,1.5,d,0.75,0.5,0.1188,0.07723,0.1665,0.1933,,,1.7
6,430,Mount,Manchester United,MID,Tottenham,True,2026-10-10 16:30:00+00:00,5.4,0,a,1,0.1523,0.02444,0.0254,0.0507,0.03168,0.05853,0.8679,0.3
6,431,Amad,Manchester United,MID,Tottenham,True,2026-10-10 16:30:00+00:00,5.7,0.3,i,0,0,0,0,0,0,0,0,0
6,432,Mainoo,Manchester United,MID,Tottenham,True,2026-10-10 16:30:00+00:00,5.5,1.6,d,0.75,0.6704,0.03618,0.06338,0.2233,0.0899,0.6738,2.712,4.3
6,433,Ugarte,Manchester United,MID,Tottenham,True,2026-10-10 16:30:00+00:00,5,0,i,0,0,0,0,0,0,0,0,0
6,434,J.Fletcher,Manchester United,MID,Tottenham,True,2026-10-10 16:30:00+00:00,4.9,0,a,1,0,0,0,0,0,,,0
6,435,Lacey,Manchester United,MID,Tottenham,True,2026-10-10 16:30:00+00:00,4.9,0.1,a,1,0,0.007172,0.006541,0,0.00182,,,0
6,436,Collyer,Manchester United,MID,Tottenham,True,2026-10-10 16:30:00+00:00,5,0,u,0,0,0,0,0,0,,,0
6,437,Bendito Mantato,Manchester United,MID,Tottenham,True,2026-10-10 16:30:00+00:00,4.4,0.2,a,1,0,0,0,0,0,,,0
6,438,Fletcher,Manchester United,MID,Tottenham,True,2026-10-10 16:30:00+00:00,4.4,0.3,a,1,0,0.002843,0.002867,0,0.0002409,,,0
6,439,Šeško,Manchester United,FWD,Tottenham,True,2026-10-10 16:30:00+00:00,7,1.6,d,0.75,0,0.06475,0.007591,0,0.08034,0,0.7826,1.5
6,440,Zirkzee,Manchester United,FWD,Tottenham,True,2026-10-10 16:30:00+00:00,5.3,0.4,a,1,0.06307,0.0555,0.02568,0.021,0.07057,0.0008881,0.9883,0.7
6,441,Obi,Manchester United,FWD,Tottenham,True,2026-10-10 16:30:00+00:00,4.5,0.9,u,0,0,0,0,0,0,,,0
6,112,Van Hecke,Tottenham,DEF,Manchester United,False,2026-10-10 16:30:00+00:00,4.9,6.5,d,0.75,0.75,0.05967,0.02196,0.1058,0.1287,0.4794,2.245,5.5
6,147,Tosin,Tottenham,DEF,Manchester United,False,2026-10-10 16:30:00+00:00,4.4,0.1,a,1,0,0.0002232,0.0004804,0,0,0,0.1739,0.3
6,401,Marmoush,Tottenham,FWD,Manchester United,False,2026-10-10 16:30:00+00:00,7,2.1,a,1,0.7297,0.1503,0.07863,0.1029,0.2439,0.005408,2.621,2
6,403,Sávio,Tottenham,MID,Manchester United,False,2026-10-10 16:30:00+00:00,6.5,0.7,a,1,0.6928,0.1112,0.09725,0.09769,0.2034,0.08275,2.692,2.7
6,455,Tonali,Tottenham,MID,Manchester United,False,2026-10-10 16:30:00+00:00,5.3,1.8,a,1,0.8358,0.03652,0.08668,0.1179,0.1114,0.275,2.694,3.3
6,494,Vicario,Tottenham,GKP,Manchester United,False,2026-10-10 16:30:00+00:00,4.5,0.1,u,0,0,0,0,0,0,0,0,0
6,495,Austin,Tottenham,GKP,Manchester United,False,2026-10-10 16:30:00+00:00,4,1,a,1,0,0,0,0,0,0,0,0
6,496,Kinsky,Tottenham,GKP,Manchester United,False,2026-10-10 16:30:00+00:00,4.5,17.3,a,1,1,0,0.005994,0.141,0.1853,0,2.626,5
6,497,Dubravka,Tottenham,GKP,Manchester United,False,2026-10-10 16:30:00+00:00,4,17.1,a,1,0,0,0,0,0,0,0,0
6,498,Senesi,Tottenham,DEF,Manchester United,False,2026-10-10 16:30:00+00:00,5.8,3.5,a,1,0.3333,0.01044,0.0265,0.047,0.05314,0.4388,1.244,0
6,499,Pedro Porro,Tottenham,DEF,Manchester United,False,2026-10-10 16:30:00+00:00,5.4,7.6,d,0.75,0.3776,0.01924,0.05029,0.05324,0.07807,0.1771,1.244,2
6,500,Romero,Tottenham,DEF,Manchester United,False,2026-10-10 16:30:00+00:00,5,0.1,u,0,0,0,0,0,0,0,0,0
6,502,Robertson,Tottenham,DEF,Manchester United,False,2026-10-10 16:30:00+00:00,4.4,2.5,a,1,0.7119,0.03289,0.08184,0.1004,0.1383,0.224,2.252,4
6,503,Van de Ven,Tottenham,DEF,Manchester United,False,2026-10-10 16:30:00+00:00,5,3.8,a,1,0.8939,0.06114,0.02645,0.126,0.1437,0.1757,2.2,5.3
6,505,Spence,Tottenham,DEF,Manchester United,False,2026-10-10 16:30:00+00:00,4.5,0.2,u,0,0,0,0,0,0,0,0,0
6,506,Udogie,Tottenham,DEF,Manchester United,False,2026-10-10 16:30:00+00:00,4.4,0.3,a,1,0.3773,0.007518,0.02414,0.0532,0.04603,0.05813,0.9471,1.7
6,507,Phillips,Tottenham,DEF,Manchester United,False,2026-10-10 16:30:00+00:00,4.5,0,u,0,0,0,0,0,0,,,0
6,508,Davies,Tottenham,DEF,Manchester United,False,2026-10-10 16:30:00+00:00,3.9,0.9,a,1,0,0,0,0,0,0,0,0
6,509,Byfield,Tottenham,DEF,Manchester United,False,2026-10-10 16:30:00+00:00,4,0.1,a,1,0,0,0,0,0,,,0
6,510,Rowswell,Tottenham,DEF,Manchester United,False,2026-10-10 16:30:00+00:00,4,0.1,a,1,0,0,0,0,0,,,0
6,511,Souza,Tottenham,DEF,Manchester United,False,2026-10-10 16:30:00+00:00,4,0.2,u,0,0,0,0,0,0,,,0
6,512,Kudus,Tottenham,MID,Manchester United,False,2026-10-10 16:30:00+00:00,6.5,0.2,a,1,0,0.02788,0.04289,0,0.02013,0,0.9549,2
6,513,Xavi,Tottenham,MID,Manchester United,False,2026-10-10 16:30:00+00:00,5.9,0,i,0,0,0,0,0,0,0,0,0
6,514,Tel,Tottenham,MID,Manchester United,False,2026-10-10 16:30:00+00:00,5.7,0.2,a,1,0.6095,0.07199,0.09534,0.08594,0.1459,0.0546,2.33,1.3
6,515,Maddison,Tottenham,MID,Manchester United,False,2026-10-10 16:30:00+00:00,6.3,0.4,a,1,0,0.02557,0.01229,0,0,,,0.7
6,516,Bentancur,Tottenham,MID,Manchester United,False,2026-10-10 16:30:00+00:00,5.5,0.2,a,1,0.8939,0.03691,0.03907,0.126,0.08979,0.9233,3.335,4
6,517,Odobert,Tottenham,MID,Manchester United,False,2026-10-10 16:30:00+00:00,5.5,0,i,0,0,0,0,0,0,0,0,0
6,518,P.M.Sarr,Tottenham,MID,Manchester United,False,2026-10-10 16:30:00+00:00,4.9,0.1,u,0,0,0,0,0,0,0,0,0
6,519,Gallagher,Tottenham,MID,Manchester United,False,2026-10-10 16:30:00+00:00,5.3,0.2,a,1,0.3773,0.04296,0.02755,0.0532,0.0627,0.1105,1.491,3
6,520,Bergvall,Tottenham,MID,Manchester United,False,2026-10-10 16:30:00+00:00,5.3,0.1,a,1,0,0.01412,0.007895,0,0,0,0.654,0.7
6,521,Kulusevski,Tottenham,MID,Manchester United,False,2026-10-10 16:30:00+00:00,6.5,0,i,0,0,0,0,0,0,,,0
6,522,Gray,Tottenham,MID,Manchester United,False,2026-10-10 16:30:00+00:00,4.9,0.2,a,1,0.6227,0.04836,0.04692,0.08781,0.09898,0.04617,1.95,1.7
6,523,Moore,Tottenham,MID,Manchester United,False,2026-10-10 16:30:00+00:00,5,0.1,u,0,0,0,0,0,0,,,0
6,524,Olusesi,Tottenham,MID,Manchester United,False,2026-10-10 16:30:00+00:00,4.4,1,a,1,0,0,0,0,0,,,0
6,525,Fernandes,Tottenham,MID,Manchester United,False,2026-10-10 16:30:00+00:00,5.7,0.8,a,1,0.5318,0.03466,0.0788,0.07498,0.0744,0.3886,2.329,1.3
6,526,Solanke,Tottenham,FWD,Manchester United,False,2026-10-10 16:30:00+00:00,5.8,0.8,a,1,0.3905,0.07684,0.02233,0.05507,0.1111,0.002749,1.652,1.7
6,527,Richarlison,Tottenham,FWD,Manchester United,False,2026-10-10 16:30:00+00:00,5.9,0.6,u,0,0,0,0,0,0,0,0,0
6,528,Scarlett,Tottenham,FWD,Manchester United,False,2026-10-10 16:30:00+00:00,4.5,1.1,u,0,0,0,0,0,0,,,0
6,578,Mudryk,Tottenham,MID,Manchester United,False,2026-10-10 16:30:00+00:00,5.3,0,i,0,0,0,0,0,0,,,0
6,601,Williams-Barnett,Tottenham,MID,Manchester United,False,2026-10-10 16:30:00+00:00,4.5,0.1,a,1,0,0,0,0,0,,,0
6,21,Nørgaard,Everton,MID,Hull,False,2026-10-11 13:00:00+00:00,4.8,0,i,0,0,0,0,0,0,,,0
6,209,Johnson,Everton,MID,Hull,False,2026-10-11 13:00:00+00:00,5.9,0.1,a,1,0.6036,0.06354,0.03846,0.1738,0.0989,0.04635,2.117,2.3
6,226,Pickford,Everton,GKP,Hull,False,2026-10-11 13:00:00+00:00,5.5,9.1,a,1,1,0,0.006703,0.2879,0.2148,0,3.441,5
6,227,Travers,Everton,GKP,Hull,False,2026-10-11 13:00:00+00:00,5,0,a,1,0,0,0,0,0,0,0,0
6,228,King,Everton,GKP,Hull,False,2026-10-11 13:00:00+00:00,4.5,0,a,1,0,0,0,0,0,0,0,0
6,229,Tarkowski,Everton,DEF,Hull,False,2026-10-11 13:00:00+00:00,6.2,16.5,a,1,1,0.05357,0.05647,0.2879,0.2524,1.118,4.53,8.3
6,230,Branthwaite,Everton,DEF,Hull,False,2026-10-11 13:00:00+00:00,5.5,2.4,a,1,0.7727,0.02967,0.02508,0.2225,0.1702,0.7135,3.269,5.7
6,231,Keane,Everton,DEF,Hull,False,2026-10-11 13:00:00+00:00,4.8,0.7,a,1,0.2273,0.02038,0.003914,0.06544,0.05916,0.2158,1.036,0
6,232,O'Brien,Everton,DEF,Hull,False,2026-10-11 13:00:00+00:00,4.8,0.3,a,1,0.2273,0.008361,0.006448,0.06544,0.03946,0.08244,1.044,0.7
6,233,Mykolenko,Everton,DEF,Hull,False,2026-10-11 13:00:00+00:00,4.6,4.2,a,1,1,0.0129,0.03559,0.2879,0.1971,0.515,3.38,5.7
6,234,Patterson,Everton,DEF,Hull,False,2026-10-11 13:00:00+00:00,4.5,0,u,0,0,0,0,0,0,0,0,0
6,235,Aznou,Everton,DEF,Hull,False,2026-10-11 13:00:00+00:00,4,0.1,u,0,0,0,0,0,0,,,0
6,236,Dewsbury-Hall,Everton,MID,Hull,False,2026-10-11 13:00:00+00:00,6.6,6,a,1,1,0.1342,0.1885,0.2879,0.285,0.27,3.901,2.3
6,238,Grealish,Everton,MID,Hull,False,2026-10-11 13:00:00+00:00,6.5,0.5,a,1,0.2121,0.03024,0.05299,0.06108,0.0463,0.01754,1.294,1.7
6,239,Garner,Everton,MID,Hull,False,2026-10-11 13:00:00+00:00,6,0.2,a,1,0.8939,0.03771,0.1105,0.2574,0.1205,0.7934,3.143,3
6,242,George,Everton,MID,Hull,False,2026-10-11 13:00:00+00:00,5.5,0.9,a,1,0.5606,0.05446,0.1153,0.1614,0.116,0.07533,2.531,4.7
6,243,Alcaraz,Everton,MID,Hull,False,2026-10-11 13:00:00+00:00,4.9,0.1,a,1,0,0.00188,0.001954,0,0,0,0.2736,0
6,244,Armstrong,Everton,MID,Hull,False,2026-10-11 13:00:00+00:00,5,0.4,a,1,0.7727,0.04455,0.08203,0.2225,0.1126,0.2999,2.376,2
6,245,Dibling,Everton,MID,Hull,False,2026-10-11 13:00:00+00:00,5.4,0,a,1,0,0.00604,0.007848,0,0.0001706,0,0.2661,0.3
6,246,Röhl,Everton,MID,Hull,False,2026-10-11 13:00:00+00:00,4.9,0,i,1,0.6095,0.02992,0.0499,0.1755,0.07902,0.1405,1.763,0
6,247,Hackney,Everton,MID,Hull,False,2026-10-11 13:00:00+00:00,5.4,0.2,a,1,0.1373,0.0205,0.02483,0.03952,0,0.03689,1.391,2
6,248,Beto,Everton,FWD,Hull,False,2026-10-11 13:00:00+00:00,5.4,0.6,u,0,0,0,0,0,0,0,0,0
6,249,Barry,Everton,FWD,Hull,False,2026-10-11 13:00:00+00:00,5.7,8.3,a,1,0.8619,0.3366,0.05012,0.2482,0.4976,0.003468,3.86,3.3
6,649,Maitland-Niles,Everton,DEF,Hull,False,2026-10-11 13:00:00+00:00,4.5,1.4,a,1,0.7225,0.02301,0.06039,0.208,0.1739,0.2338,3.005,7
6,654,Graham,Everton,MID,Hull,False,2026-10-11 13:00:00+00:00,4.5,0.1,a,1,0,0,0,0,0,,,0
6,240,Iroegbunam,Hull,MID,Everton,True,2026-10-11 13:00:00+00:00,5,0,a,1,0.2273,0.02114,0.04132,0.07607,0.02543,0.1668,1.216,0.3
6,273,Phillips,Hull,GKP,Everton,True,2026-10-11 13:00:00+00:00,4,1.4,a,1,0,0,0,0,0,0,0,0
6,274,Butland,Hull,GKP,Everton,True,2026-10-11 13:00:00+00:00,4.4,0.1,i,0,0,0,0,0,0,0,0,0
6,275,Cartwright,Hull,GKP,Everton,True,2026-10-11 13:00:00+00:00,4,0,u,0,0,0,0,0,0,0,0,0
6,276,Lo-Tutala,Hull,GKP,Everton,True,2026-10-11 13:00:00+00:00,4,0,u,0,0,0,0,0,0,0,0,0
6,277,Egan,Hull,DEF,Everton,True,2026-10-11 13:00:00+00:00,4.1,7,a,1,1,0.0277,0.03441,0.3347,0.2388,0.9522,4.256,3
6,278,Hughes,Hull,DEF,Everton,True,2026-10-11 13:00:00+00:00,3.9,0.2,i,0,0,0,0,0,0,0,0,0
6,279,Ajayi,Hull,DEF,Everton,True,2026-10-11 13:00:00+00:00,4.2,14,a,1,1,0.1333,0.03483,0.3347,0.344,0.2022,4.283,2.3
6,280,Coyle,Hull,DEF,Everton,True,2026-10-11 13:00:00+00:00,4,0.7,a,1,0.8368,0.03033,0.0385,0.2801,0.2098,0.1934,3.233,2.7
6,281,Drameh,Hull,DEF,Everton,True,2026-10-11 13:00:00+00:00,4,0,u,0,0,0,0,0,0,0,0,0
6,282,Giles,Hull,DEF,Everton,True,2026-10-11 13:00:00+00:00,4,2.9,a,1,1,0.02842,0.1803,0.3347,0.3432,0.2022,3.999,4
6,283,Jacob,Hull,DEF,Everton,True,2026-10-11 13:00:00+00:00,4,0,u,0,0,0,0,0,0,0,0,0
6,284,McCarthy,Hull,DEF,Everton,True,2026-10-11 13:00:00+00:00,4,0.1,a,1,0,0,0,0,0,0,0,0
6,285,McNair,Hull,DEF,Everton,True,2026-10-11 13:00:00+00:00,4,0.1,a,1,0,0.002168,0.002538,0,0.0005936,0,0.1456,0
6,286,Belloumi,Hull,MID,Everton,True,2026-10-11 13:00:00+00:00,5.1,5.1,a,1,0.7691,0.1517,0.1247,0.2574,0.2561,0.3379,3.478,7.3
6,287,Millar,Hull,MID,Everton,True,2026-10-11 13:00:00+00:00,5,0,u,0,0,0,0,0,0,0,0,0
6,288,Dowell,Hull,MID,Everton,True,2026-10-11 13:00:00+00:00,4.5,0.3,a,1,0,0,0,0,0,0,0,0
6,289,Crooks,Hull,MID,Everton,True,2026-10-11 13:00:00+00:00,4.4,0.5,a,1,0.3681,0.02859,0.04475,0.1232,0.05284,0.07915,0.9005,0.3
6,290,Slater,Hull,MID,Everton,True,2026-10-11 13:00:00+00:00,4.5,5.2,a,1,1,0.06513,0.1768,0.3347,0.1929,0.1344,3.355,2.3
6,291,Matazo,Hull,MID,Everton,True,2026-10-11 13:00:00+00:00,4.5,0,i,0,0,0,0,0,0,0,0,0
6,292,Ömür,Hull,MID,Everton,True,2026-10-11 13:00:00+00:00,4.9,0,a,1,0,0,0,0,0,0,0,0
6,293,Kamara,Hull,MID,Everton,True,2026-10-11 13:00:00+00:00,5,0,u,0,0,0,0,0,0,0,0,0
6,294,Zambrano,Hull,MID,Everton,True,2026-10-11 13:00:00+00:00,4.5,0.1,a,1,0,0,0,0,0,0,0,0
6,295,McBurnie,Hull,FWD,Everton,True,2026-10-11 13:00:00+00:00,5.5,1.9,a,1,1,0.2995,0.1337,0.3347,0.477,0.008801,3.416,2.3
6,296,Akintola,Hull,MID,Everton,True,2026-10-11 13:00:00+00:00,5,0,u,0,0,0,0,0,0,0,0,0
6,297,Gyabi,Hull,MID,Everton,True,2026-10-11 13:00:00+00:00,4.4,0,i,0,0,0,0,0,0,,,0
6,298,Destan,Hull,FWD,Everton,True,2026-10-11 13:00:00+00:00,4.5,0.2,u,0,0,0,0,0,0,0,0,0
6,299,Burstow,Hull,FWD,Everton,True,2026-10-11 13:00:00+00:00,4.5,0,u,0,0,0,0,0,0,0,0,0
6,340,Gelhardt,Hull,MID,Everton,True,2026-10-11 13:00:00+00:00,5,0,a,1,0,0.002399,0.002004,0,0,,,0.3
6,556,Targett,Hull,DEF,Everton,True,2026-10-11 13:00:00+00:00,4,1.6,d,0.75,0,0.0002638,0.0002925,0,0,,,0
6,563,Morita,Hull,MID,Everton,True,2026-10-11 13:00:00+00:00,4.9,0,i,1,0,0.009352,0.009808,0,0.00771,0,0.2471,0
6,572,Tzolakis,Hull,GKP,Everton,True,2026-10-11 13:00:00+00:00,4.7,12.8,a,1,1,0,0.005928,0.3347,0.2752,0,3.533,4.7
6,574,Hjertø-Dahl,Hull,MID,Everton,True,2026-10-11 13:00:00+00:00,4.9,0.1,a,1,0,0.002057,0.002074,0,0,0,0.2106,0.3
6,576,Stroud,Hull,MID,Everton,True,2026-10-11 13:00:00+00:00,5,0.1,a,1,0.3314,0.03847,0.0432,0.1109,0.05702,0.07125,1.455,1.3
6,585,Herrington,Hull,DEF,Everton,True,2026-10-11 13:00:00+00:00,4,0.6,a,1,0.2745,0.01992,0.0374,0.09189,0.07988,0.111,1.905,1
6,586,Mendy,Hull,DEF,Everton,True,2026-10-11 13:00:00+00:00,4.1,6.3,a,1,0.3314,0.05885,0.0222,0.1109,0.1265,0.3723,2.256,3
6,589,Gourna-Douath,Hull,MID,Everton,True,2026-10-11 13:00:00+00:00,5,0,a,1,0.1941,0.02925,0.0353,0.06497,0.03569,0.05217,1.037,1
6,617,Cho,Hull,MID,Everton,True,2026-10-11 13:00:00+00:00,5,0,a,1,0,0.0619,0.02832,0,0.03786,0,1.432,2.7
6,632,Ansah,Hull,FWD,Everton,True,2026-10-11 13:00:00+00:00,5,0,i,0,0,0,0,0,0,0,0,0
6,637,Vaz,Hull,FWD,Everton,True,2026-10-11 13:00:00+00:00,5,0.1,a,1,0,0.02069,0.00954,0,0.01192,0,0.8458,0.7
6,638,Norton-Cuffy,Hull,DEF,Everton,True,2026-10-11 13:00:00+00:00,4,0.2,d,0.75,0,0.006056,0.005111,0,0,0,0.2331,0.2
6,642,Thomas,Hull,MID,Everton,True,2026-10-11 13:00:00+00:00,5.5,0,a,1,0.3925,0.05229,0.05859,0.1314,0.07204,0.1055,2.139,1.3
6,645,Mouzakitis,Hull,MID,Everton,True,2026-10-11 13:00:00+00:00,5,0,a,1,0,0,0,0,0,0,0,0
6,42,Guessand,Crystal Palace,MID,Nottingham Forest,True,2026-10-11 13:00:00+00:00,5.4,0,a,1,0,0.01578,0.01358,0,0.005334,0,0.5214,0
6,153,Disasi,Crystal Palace,DEF,Nottingham Forest,True,2026-10-11 13:00:00+00:00,4.5,0.1,s,0,0,0,0,0,0,0,0,0
6,198,Henderson,Crystal Palace,GKP,Nottingham Forest,True,2026-10-11 13:00:00+00:00,5,1.3,i,1,0.6095,0,0.001215,0.1516,0.1918,0,2.021,0
6,199,Benitez,Crystal Palace,GKP,Nottingham Forest,True,2026-10-11 13:00:00+00:00,4.5,0.1,a,1,0.3905,0,0.004034,0.09711,0.07168,0,1.138,2.7
6,202,Richards,Crystal Palace,DEF,Nottingham Forest,True,2026-10-11 13:00:00+00:00,4.9,0.6,a,1,0.8358,0.04016,0.019,0.2078,0.165,0.7333,3.124,3.7
6,203,Canvot,Crystal Palace,DEF,Nottingham Forest,True,2026-10-11 13:00:00+00:00,4.8,0.2,a,1,0.7324,0.04762,0.01586,0.1821,0.158,0.6601,3.007,3
6,204,Mitchell,Crystal Palace,DEF,Nottingham Forest,True,2026-10-11 13:00:00+00:00,4.5,6.1,a,1,0.9108,0.06755,0.09483,0.2265,0.2559,0.2721,3.557,7.7
6,205,Sosa,Crystal Palace,DEF,Nottingham Forest,True,2026-10-11 13:00:00+00:00,4.5,0,u,0,0,0,0,0,0,,,0
6,206,Chadi Riad,Crystal Palace,DEF,Nottingham Forest,True,2026-10-11 13:00:00+00:00,4.3,0,i,0,0,0,0,0,0,0,0,0
6,207,Mingueza,Crystal Palace,DEF,Nottingham Forest,True,2026-10-11 13:00:00+00:00,4.4,0.1,a,1,0,0.001922,0.002121,0,0,0,0.3617,0.3
6,208,Sarr,Crystal Palace,MID,Nottingham Forest,True,2026-10-11 13:00:00+00:00,6.2,0.6,a,1,0.075,0.05518,0.01592,0.01865,0.05899,0.005759,0.9214,0.3
6,210,Wharton,Crystal Palace,MID,Nottingham Forest,True,2026-10-11 13:00:00+00:00,5.4,0.7,a,1,0.8477,0.03548,0.1847,0.2108,0.1501,0.4653,3.193,2
6,211,Yeremy,Crystal Palace,MID,Nottingham Forest,True,2026-10-11 13:00:00+00:00,5.5,0.3,a,1,0.4883,0.0966,0.246,0.1214,0.2244,0.06537,2.908,2.7
6,212,Hughes,Crystal Palace,MID,Nottingham Forest,True,2026-10-11 13:00:00+00:00,4.4,7.3,a,1,0.08919,0.01536,0.02715,0.02218,0.01433,0.01009,0.7747,0.7
6,213,Lerma,Crystal Palace,MID,Nottingham Forest,True,2026-10-11 13:00:00+00:00,4.8,0.1,a,1,0.1523,0.04153,0.03738,0.03786,0.04956,0.07025,0.9603,0.3
6,214,Kamada,Crystal Palace,MID,Nottingham Forest,True,2026-10-11 13:00:00+00:00,5,0.5,a,1,0.8477,0.06308,0.1351,0.2108,0.1606,0.3803,3.151,5.3
6,215,Devenny,Crystal Palace,MID,Nottingham Forest,True,2026-10-11 13:00:00+00:00,5,0,u,0,0,0,0,0,0,0,0,0
6,216,Esse,Crystal Palace,MID,Nottingham Forest,True,2026-10-11 13:00:00+00:00,5,0,u,0,0,0,0,0,0,,,0
6,217,M.França,Crystal Palace,MID,Nottingham Forest,True,2026-10-11 13:00:00+00:00,4.9,0,u,0,0,0,0,0,0,,,0
6,218,Doucouré,Crystal Palace,MID,Nottingham Forest,True,2026-10-11 13:00:00+00:00,4.8,0,a,1,0,0,0,0,0,,,0
6,219,J.Rak-Sakyi,Crystal Palace,MID,Nottingham Forest,True,2026-10-11 13:00:00+00:00,4.9,0,u,0,0,0,0,0,0,,,0
6,220,Cardines,Crystal Palace,DEF,Nottingham Forest,True,2026-10-11 13:00:00+00:00,4.5,0,u,0,0,0,0,0,0,0,0,0
6,221,Drakes-Thomas,Crystal Palace,MID,Nottingham Forest,True,2026-10-11 13:00:00+00:00,4.5,0.1,a,1,0,0,0,0,0,,,0
6,222,Strand Larsen,Crystal Palace,FWD,Nottingham Forest,True,2026-10-11 13:00:00+00:00,6,0.7,a,1,0.6809,0.1785,0.04693,0.1693,0.2682,0.002739,2.807,3.7
6,223,Mateta,Crystal Palace,FWD,Nottingham Forest,True,2026-10-11 13:00:00+00:00,6.3,1.3,i,1,0.1061,0.07869,0.01079,0.02638,0.1083,0.0004818,0.8953,0
6,224,Nketiah,Crystal Palace,FWD,Nottingham Forest,True,2026-10-11 13:00:00+00:00,5.5,0.5,a,1,0.1261,0.09381,0.08422,0.03137,0.1431,0.001776,1.493,1.7
6,225,Uche,Crystal Palace,FWD,Nottingham Forest,True,2026-10-11 13:00:00+00:00,5,0,u,0,0,0,0,0,0,,,0
6,241,McNeil,Crystal Palace,MID,Nottingham Forest,True,2026-10-11 13:00:00+00:00,5.4,0.1,a,1,0.1061,0.01154,0.01454,0.02638,0.01405,0.03262,0.5877,0
6,555,Matthews,Crystal Palace,GKP,Nottingham Forest,True,2026-10-11 13:00:00+00:00,4,1.7,a,1,0,0,0,0,0,0,0,0
6,577,Tomiyasu,Crystal Palace,DEF,Nottingham Forest,True,2026-10-11 13:00:00+00:00,4.4,0.3,d,0.75,0.1224,0.01449,0.01966,0.03044,0.03317,0.04952,0.9274,0.2
6,588,Khalaili,Crystal Palace,DEF,Nottingham Forest,True,2026-10-11 13:00:00+00:00,5,0.3,a,1,0.8627,0.1313,0.0614,0.2145,0.2878,0.6924,4.1,5.3
6,595,Gozo,Crystal Palace,MID,Nottingham Forest,True,2026-10-11 13:00:00+00:00,4.9,0,a,1,0,0.007152,0.00724,0,0,0,0.4516,0.3
6,633,Ahanor,Crystal Palace,DEF,Nottingham Forest,True,2026-10-11 13:00:00+00:00,4.5,0,a,1,0.33,0.01836,0.02671,0.08207,0.08201,0.2985,1.407,1
6,643,Chilwell,Crystal Palace,DEF,Nottingham Forest,True,2026-10-11 13:00:00+00:00,4.5,0.4,a,1,0,0.01879,0.006812,0,0.008616,0,0.7046,2.7
6,644,Timber,Crystal Palace,MID,Nottingham Forest,True,2026-10-11 13:00:00+00:00,5,0,a,1,1,0.1109,0.09836,0.2487,0.2149,0.5125,3.826,3
6,647,Osorio,Crystal Palace,MID,Nottingham Forest,True,2026-10-11 13:00:00+00:00,5.5,0,a,1,0,0.0004167,0.0004208,0,0,0,0.2809,0.3
6,167,Delap,Nottingham Forest,FWD,Crystal Palace,False,2026-10-11 13:00:00+00:00,5.6,2.7,a,1,0.6155,0.1809,0.05246,0.1518,0.274,0.00394,2.14,2.7
6,201,Muñoz,Nottingham Forest,DEF,Crystal Palace,False,2026-10-11 13:00:00+00:00,5.4,5.7,a,1,0.5286,0.06444,0.09636,0.1304,0.1952,0.2531,2.74,1.7
6,467,Sels,Nottingham Forest,GKP,Crystal Palace,False,2026-10-11 13:00:00+00:00,5,1.6,a,1,1,0,0.002075,0.2467,0.214,0,3.281,3.7
6,468,John,Nottingham Forest,GKP,Crystal Palace,False,2026-10-11 13:00:00+00:00,4.5,0.1,a,1,0,0,0,0,0,0,0,0
6,469,N.Williams,Nottingham Forest,DEF,Crystal Palace,False,2026-10-11 13:00:00+00:00,5,8.7,a,1,1,0.0597,0.1359,0.2467,0.2904,0.3047,3.883,3.7
6,470,Morato,Nottingham Forest,DEF,Crystal Palace,False,2026-10-11 13:00:00+00:00,5,0,u,0,0,0,0,0,0,0,0,0
6,471,Milenković,Nottingham Forest,DEF,Crystal Palace,False,2026-10-11 13:00:00+00:00,5.4,1,i,1,0.6095,0.01375,0.01185,0.1503,0.1041,0.4632,2.072,0
6,472,Murillo,Nottingham Forest,DEF,Crystal Palace,False,2026-10-11 13:00:00+00:00,5.5,2.1,a,1,0.7727,0.03445,0.02657,0.1906,0.1571,0.7378,2.952,6
6,473,Aina,Nottingham Forest,DEF,Crystal Palace,False,2026-10-11 13:00:00+00:00,4.4,2.4,a,1,0.4106,0.01315,0.02286,0.1013,0.08087,0.09903,1.248,1
6,474,Jair Cunha,Nottingham Forest,DEF,Crystal Palace,False,2026-10-11 13:00:00+00:00,4.5,0.2,a,1,0.7466,0.03677,0.02306,0.1842,0.1515,0.3831,2.474,3
6,475,Savona,Nottingham Forest,DEF,Crystal Palace,False,2026-10-11 13:00:00+00:00,4.5,0,i,0,0,0,0,0,0,0,0,0
6,476,O.Richards,Nottingham Forest,DEF,Crystal Palace,False,2026-10-11 13:00:00+00:00,4,0.2,a,1,0,0,0,0,0,,,0
6,477,Abbott,Nottingham Forest,DEF,Crystal Palace,False,2026-10-11 13:00:00+00:00,4,0.1,u,0,0,0,0,0,0,0,0,0
6,478,Netz,Nottingham Forest,DEF,Crystal Palace,False,2026-10-11 13:00:00+00:00,4.4,0,a,1,0.1381,0.006019,0.01037,0.03406,0.01885,0.08033,1.022,0.3
6,479,Bindon,Nottingham Forest,DEF,Crystal Palace,False,2026-10-11 13:00:00+00:00,4,0.1,u,0,0,0,0,0,0,0,0,0
6,480,Gibbs-White,Nottingham Forest,MID,Crystal Palace,False,2026-10-11 13:00:00+00:00,8,15.7,a,1,0.9369,0.2882,0.2063,0.2311,0.4823,0.07624,4.723,4.3
6,482,Hudson-Odoi,Nottingham Forest,MID,Crystal Palace,False,2026-10-11 13:00:00+00:00,5.8,0.1,a,1,0,0.0002149,0.0003,0,0,0,0.1281,0
6,483,Ndoye,Nottingham Forest,MID,Crystal Palace,False,2026-10-11 13:00:00+00:00,5.5,0.7,a,1,0.4106,0.1138,0.1354,0.1013,0.1986,0.04013,2.32,1
6,484,Hutchinson,Nottingham Forest,MID,Crystal Palace,False,2026-10-11 13:00:00+00:00,5.4,0.1,u,0,0,0,0,0,0,0,0,0
6,485,Bakwa,Nottingham Forest,MID,Crystal Palace,False,2026-10-11 13:00:00+00:00,5.5,0,u,0,0,0,0,0,0,0,0,0
6,486,McAtee,Nottingham Forest,MID,Crystal Palace,False,2026-10-11 13:00:00+00:00,5.5,0.1,a,1,0.7727,0.05891,0.149,0.1906,0.1559,0.2796,2.812,2.3
6,487,Dominguez,Nottingham Forest,MID,Crystal Palace,False,2026-10-11 13:00:00+00:00,4.9,0.1,a,1,0.075,0.01124,0.01532,0.0185,0.00906,0.02223,0.5804,0
6,488,I.Sangaré,Nottingham Forest,MID,Crystal Palace,False,2026-10-11 13:00:00+00:00,4.9,0.4,a,1,0.1953,0.01565,0.019,0.04816,0.01035,0.1312,1.181,0.7
6,489,Yates,Nottingham Forest,MID,Crystal Palace,False,2026-10-11 13:00:00+00:00,4.5,1.2,a,1,0,0.007145,0.005627,0,0.003579,0,0.1454,0
6,490,Wood,Nottingham Forest,FWD,Crystal Palace,False,2026-10-11 13:00:00+00:00,5.8,0.9,a,1,0.1642,0.07062,0.01713,0.0405,0.08748,0.001445,1.461,1
6,491,Igor Jesus,Nottingham Forest,FWD,Crystal Palace,False,2026-10-11 13:00:00+00:00,5.8,2.6,a,1,0.4595,0.2115,0.06394,0.1133,0.3068,0.001903,2.617,3
6,493,Kalimuendo,Nottingham Forest,FWD,Crystal Palace,False,2026-10-11 13:00:00+00:00,5.4,0.1,a,1,0,0.0003645,0.0001408,0,0,,,0
6,558,Schlager,Nottingham Forest,MID,Crystal Palace,False,2026-10-11 13:00:00+00:00,5,0.1,a,1,0.8627,0.05911,0.04905,0.2128,0.1163,0.6255,3.029,2.7
6,581,Diomande,Nottingham Forest,DEF,Crystal Palace,False,2026-10-11 13:00:00+00:00,5.4,0.5,a,1,0.5054,0.02135,0.01802,0.1247,0.09724,0.3657,2.138,2.3
6,590,Benda,Nottingham Forest,GKP,Crystal Palace,False,2026-10-11 13:00:00+00:00,4.5,0.1,a,1,0,0,0,0,0,0,0,0
6,350,A.Becker,Liverpool,GKP,Manchester City,True,2026-10-11 15:30:00+00:00,5.5,4.1,a,1,0.8619,0,0.001923,0.1744,0.1778,0,2.48,8.3
6,351,Mamardashvili,Liverpool,GKP,Manchester City,True,2026-10-11 15:30:00+00:00,4.9,0.1,a,1,0.1381,0,0.0008263,0.02794,0.04939,0,0.3808,0
6,352,Woodman,Liverpool,GKP,Manchester City,True,2026-10-11 15:30:00+00:00,4,1,a,1,0,0,0,0,0,0,0,0
6,353,Pecsi,Liverpool,GKP,Manchester City,True,2026-10-11 15:30:00+00:00,4,0,u,0,0,0,0,0,0,0,0,0
6,354,Jaros,Liverpool,GKP,Manchester City,True,2026-10-11 15:30:00+00:00,4,0,i,0,0,0,0,0,0,0,0,0
6,355,Davies,Liverpool,GKP,Manchester City,True,2026-10-11 15:30:00+00:00,4,0.2,a,1,0,0,0,0,0,0,0,0
6,356,Virgil,Liverpool,DEF,Manchester City,True,2026-10-11 15:30:00+00:00,6.5,16.2,a,1,1,0.107,0.01827,0.2024,0.2275,0.8747,3.943,7.3
6,357,Frimpong,Liverpool,DEF,Manchester City,True,2026-10-11 15:30:00+00:00,5.3,1.8,a,1,0.2953,0.01395,0.07713,0.05975,0.09408,0.04778,1.27,0.3
6,358,Kerkez,Liverpool,DEF,Manchester City,True,2026-10-11 15:30:00+00:00,5.3,2.2,a,1,0.7324,0.03781,0.0562,0.1482,0.1502,0.1036,2.271,4
6,359,Gomez,Liverpool,DEF,Manchester City,True,2026-10-11 15:30:00+00:00,4.9,0,a,1,0.075,0.005155,0.005668,0.01518,0.01353,0.02206,0.2725,0
6,360,Bradley,Liverpool,DEF,Manchester City,True,2026-10-11 15:30:00+00:00,5,0,i,0,0,0,0,0,0,0,0,0
6,361,Lucky,Liverpool,DEF,Manchester City,True,2026-10-11 15:30:00+00:00,4,0.1,a,1,0,0,0,0,0,,,0
6,362,Jacquet,Liverpool,DEF,Manchester City,True,2026-10-11 15:30:00+00:00,5,3.5,a,1,1,0.02757,0.04784,0.2024,0.1696,0.4522,3.019,6.7
6,363,Leoni,Liverpool,DEF,Manchester City,True,2026-10-11 15:30:00+00:00,4,0,i,0,0,0,0,0,0,,,0
6,364,Tsimikas,Liverpool,DEF,Manchester City,True,2026-10-11 15:30:00+00:00,4.9,0.1,a,1,0,0.008765,0.008058,0,0.006971,,,0.3
6,365,Ramsay,Liverpool,DEF,Manchester City,True,2026-10-11 15:30:00+00:00,4,0.1,u,0,0,0,0,0,0,,,0
6,366,Wirtz,Liverpool,MID,Manchester City,True,2026-10-11 15:30:00+00:00,7.3,5.7,a,1,0.7727,0.1815,0.1502,0.1564,0.3117,0.07458,3.484,4
6,367,Gakpo,Liverpool,MID,Manchester City,True,2026-10-11 15:30:00+00:00,7.2,12.4,d,0.75,0.6162,0.1517,0.1586,0.1247,0.2753,0.1116,3.112,3.8
6,368,Szoboszlai,Liverpool,MID,Manchester City,True,2026-10-11 15:30:00+00:00,7,32.8,a,1,1,0.1434,0.2906,0.2024,0.3473,0.5029,4.429,2.7
6,369,Ngumoha,Liverpool,MID,Manchester City,True,2026-10-11 15:30:00+00:00,5.7,0.5,a,1,0.3333,0.05807,0.08142,0.06745,0.1054,0.05513,1.734,0.3
6,370,Chiesa,Liverpool,MID,Manchester City,True,2026-10-11 15:30:00+00:00,5.3,0,i,0,0,0,0,0,0,0,0,0
6,371,Gravenberch,Liverpool,MID,Manchester City,True,2026-10-11 15:30:00+00:00,5.8,1.1,a,1,0.3333,0.02671,0.04323,0.06745,0.02988,0.1313,1.825,1
6,372,Mac Allister,Liverpool,MID,Manchester City,True,2026-10-11 15:30:00+00:00,5.4,1.3,a,1,0.7155,0.09227,0.08619,0.1448,0.1634,0.247,2.688,2.7
6,373,C.Jones,Liverpool,MID,Manchester City,True,2026-10-11 15:30:00+00:00,5.5,0,u,0,0,0,0,0,0,0,0,0
6,374,Endo,Liverpool,MID,Manchester City,True,2026-10-11 15:30:00+00:00,4.9,0.1,a,1,0,0,0,0,0,0,0,0
6,375,Nyoni,Liverpool,MID,Manchester City,True,2026-10-11 15:30:00+00:00,4.9,0,a,1,0,0.01845,0.01226,0,0,,,0.7
6,376,Bajcetic,Liverpool,MID,Manchester City,True,2026-10-11 15:30:00+00:00,5,0,u,0,0,0,0,0,0,,,0
6,377,Munoz,Liverpool,MID,Manchester City,True,2026-10-11 15:30:00+00:00,6.5,0.9,a,1,0.3574,0.0932,0.0736,0.07231,0.1282,0.07683,2.158,1.7
6,378,McConnell,Liverpool,MID,Manchester City,True,2026-10-11 15:30:00+00:00,4.4,0.2,a,1,0,0,0,0,0,,,0
6,379,Isak,Liverpool,FWD,Manchester City,True,2026-10-11 15:30:00+00:00,9.1,22.4,d,0.75,0.5796,0.2772,0.04848,0.1173,0.4091,0.0034,2.714,5.8
6,380,Ekitiké,Liverpool,FWD,Manchester City,True,2026-10-11 15:30:00+00:00,7.4,0.1,i,0,0,0,0,0,0,0,0,0
6,381,Koumas,Liverpool,MID,Manchester City,True,2026-10-11 15:30:00+00:00,5,0,a,1,0,0.009544,0.007482,0,0,0,0.6761,0.7
6,382,Danns,Liverpool,FWD,Manchester City,True,2026-10-11 15:30:00+00:00,4.5,0.2,a,1,0,0,0,0,0,,,0
6,383,Elliott,Liverpool,MID,Manchester City,True,2026-10-11 15:30:00+00:00,5.4,0,u,0,0,0,0,0,0,,,0
6,579,Araujo,Liverpool,DEF,Manchester City,True,2026-10-11 15:30:00+00:00,5.4,3,a,1,0.6995,0.02787,0.03575,0.1416,0.1214,0.4218,2.526,7
6,627,Barcola,Liverpool,MID,Manchester City,True,2026-10-11 15:30:00+00:00,8,1.9,a,1,0.7225,0.1178,0.09546,0.1462,0.1998,0.1553,3.099,2.3
6,155,Enzo,Manchester City,MID,Liverpool,False,2026-10-11 15:30:00+00:00,6.9,3.6,a,1,0.7678,0.1686,0.1842,0.1473,0.315,0.1005,3.269,4
6,237,Ndiaye,Manchester City,MID,Liverpool,False,2026-10-11 15:30:00+00:00,5.8,6.7,a,1,0.8216,0.1526,0.1787,0.1577,0.2908,0.3956,3.965,3
6,384,Donnarumma,Manchester City,GKP,Liverpool,False,2026-10-11 15:30:00+00:00,5.5,7.6,a,1,0.9108,0,0.001276,0.1748,0.2184,0,2.761,5.3
6,386,Bettinelli,Manchester City,GKP,Liverpool,False,2026-10-11 15:30:00+00:00,4.5,0,a,1,0,0,0,0,0,0,0,0
6,387,O'Reilly,Manchester City,DEF,Liverpool,False,2026-10-11 15:30:00+00:00,6.3,10.9,a,1,0.3072,0.05208,0.02867,0.05895,0.09388,0.04233,1.601,0.7
6,388,Guéhi,Manchester City,DEF,Liverpool,False,2026-10-11 15:30:00+00:00,6,18.2,a,1,0.9108,0.08962,0.07154,0.1748,0.2328,0.4507,3.424,6
6,389,Matheus N.,Manchester City,DEF,Liverpool,False,2026-10-11 15:30:00+00:00,5.9,1,a,1,0.4655,0.008813,0.04161,0.08934,0.08168,0.1773,1.576,3.3
6,390,Rúben,Manchester City,DEF,Liverpool,False,2026-10-11 15:30:00+00:00,5.5,1.9,a,1,0.8619,0.02026,0.02987,0.1654,0.1293,0.2925,2.515,4.3
6,391,Gvardiol,Manchester City,DEF,Liverpool,False,2026-10-11 15:30:00+00:00,5.7,26.8,a,1,0.7727,0.06469,0.05816,0.1483,0.1807,0.2379,2.625,7.7
6,392,Aït-Nouri,Manchester City,DEF,Liverpool,False,2026-10-11 15:30:00+00:00,5.3,0.4,a,1,0.06307,0.005897,0.006483,0.0121,0.01471,0.02064,0.3095,0
6,393,Khusanov,Manchester City,DEF,Liverpool,False,2026-10-11 15:30:00+00:00,5.4,1.4,a,1,0.5203,0.01778,0.01886,0.09984,0.08415,0.2649,1.5,1.7
6,394,Alleyne,Manchester City,DEF,Liverpool,False,2026-10-11 15:30:00+00:00,5,0,u,0,0,0,0,0,0,0,0,0
6,395,Lewis,Manchester City,DEF,Liverpool,False,2026-10-11 15:30:00+00:00,4.4,0.2,a,1,0.08919,0.01703,0.02556,0.01712,0.04159,0.02886,0.4223,0
6,396,Vitor Reis,Manchester City,DEF,Liverpool,False,2026-10-11 15:30:00+00:00,4.5,0,a,1,0,0.0001081,0.0001189,0,0,,,0
6,397,Semenyo,Manchester City,MID,Liverpool,False,2026-10-11 15:30:00+00:00,8.4,15.3,d,0.75,0.6269,0.1503,0.1103,0.1203,0.252,0.1002,2.932,6.5
6,398,Foden,Manchester City,MID,Liverpool,False,2026-10-11 15:30:00+00:00,6.9,1.8,s,0,0,0,0,0,0,0,0,0
6,399,Cherki,Manchester City,MID,Liverpool,False,2026-10-11 15:30:00+00:00,7.8,28.4,a,1,0.4883,0.1077,0.2369,0.0937,0.2347,0.1072,3.047,4
6,400,Doku,Manchester City,MID,Liverpool,False,2026-10-11 15:30:00+00:00,7.4,0.7,a,1,0.075,0.01881,0.04082,0.01439,0.02614,0.006719,0.7781,0.3
6,402,Rodrigo,Manchester City,MID,Liverpool,False,2026-10-11 15:30:00+00:00,6.5,0,u,0,0,0,0,0,0,0,0,0
6,404,Reijnders,Manchester City,MID,Liverpool,False,2026-10-11 15:30:00+00:00,6,0,u,0,0,0,0,0,0,0,0,0
6,406,Kovačić,Manchester City,MID,Liverpool,False,2026-10-11 15:30:00+00:00,5.4,0.1,a,1,0,0.01565,0.02444,0,0.007056,,,0
6,407,Echeverri,Manchester City,MID,Liverpool,False,2026-10-11 15:30:00+00:00,4.9,0,u,0,0,0,0,0,0,,,0
6,408,Phillips,Manchester City,MID,Liverpool,False,2026-10-11 15:30:00+00:00,5,0,u,0,0,0,0,0,0,,,0
6,409,Mukasa,Manchester City,MID,Liverpool,False,2026-10-11 15:30:00+00:00,4.5,0.1,u,0,0,0,0,0,0,,,0
6,410,Monga,Manchester City,MID,Liverpool,False,2026-10-11 15:30:00+00:00,4.9,0,u,0,0,0,0,0,0,0,0,0
6,411,Haaland,Manchester City,FWD,Liverpool,False,2026-10-11 15:30:00+00:00,15.6,73.8,a,1,0.8477,0.4982,0.1122,0.1627,0.7394,0.002436,4.767,8
6,481,Anderson,Manchester City,MID,Liverpool,False,2026-10-11 15:30:00+00:00,6.3,4,a,1,1,0.08503,0.1735,0.1919,0.2204,1.173,4.329,3.3
6,587,Rulli,Manchester City,GKP,Liverpool,False,2026-10-11 15:30:00+00:00,5,0,a,1,0,0,0,0,0,0,0,0
6,616,Bouaddi,Manchester City,MID,Liverpool,False,2026-10-11 15:30:00+00:00,5.5,0.2,a,1,0,0.007188,0.007318,0,0,0,0.4721,0.3
6,621,McAidoo,Manchester City,MID,Liverpool,False,2026-10-11 15:30:00+00:00,4.5,0.1,a,1,0,0.003363,0.002408,0,0,,,0.3
6,622,Braithwaite,Manchester City,DEF,Liverpool,False,2026-10-11 15:30:00+00:00,4,0.2,a,1,0,0.0001622,0.0001783,0,0,0,0.1895,0
6,628,Allan,Manchester City,MID,Liverpool,False,2026-10-11 15:30:00+00:00,6,0,a,1,0,0,0,0,0,0,0,0
6,653,Samba,Manchester City,MID,Liverpool,False,2026-10-11 15:30:00+00:00,4.5,0,a,1,0,0,0,0,0,0,0,0
6,91,Pinnock,Coventry,DEF,Newcastle United,True,2026-10-12 19:00:00+00:00,4.5,0.1,a,1,0.5405,0.02237,0.02027,0.1229,0.1,0.6498,2.213,4.3
6,104,Onyeka,Coventry,MID,Newcastle United,True,2026-10-12 19:00:00+00:00,4.9,0.1,a,1,0.6466,0.03918,0.05183,0.147,0.0937,,,2.3
6,110,Rushworth,Coventry,GKP,Newcastle United,True,2026-10-12 19:00:00+00:00,4.5,0.8,a,1,0.7727,0,0.03596,0.1756,0.09748,0,2.243,4.3
6,171,Dovin,Coventry,GKP,Newcastle United,True,2026-10-12 19:00:00+00:00,4,1,u,0,0,0,0,0,0,0,0,0
6,172,Wilson,Coventry,GKP,Newcastle United,True,2026-10-12 19:00:00+00:00,4.4,0.4,a,1,0,0,0,0,0,0,0,0
6,173,Thomas,Coventry,DEF,Newcastle United,True,2026-10-12 19:00:00+00:00,4,8.5,a,1,1,0.0626,0.1121,0.2273,0.2649,0.9522,4.347,4.3
6,174,Kitching,Coventry,DEF,Newcastle United,True,2026-10-12 19:00:00+00:00,4,0.3,u,0,0,0,0,0,0,0,0,0
6,175,van Ewijk,Coventry,DEF,Newcastle United,True,2026-10-12 19:00:00+00:00,4,8.7,d,0.75,0.5441,0.01572,0.03326,0.1237,0.1062,0.2812,1.745,0.8
6,176,Dasilva,Coventry,DEF,Newcastle United,True,2026-10-12 19:00:00+00:00,4,0.7,a,1,1,0.07674,0.09392,0.2273,0.266,0.2022,3.623,5.7
6,177,Kesler-Hayden,Coventry,DEF,Newcastle United,True,2026-10-12 19:00:00+00:00,3.9,0,i,0,0,0,0,0,0,0,0,0
6,178,Bidwell,Coventry,DEF,Newcastle United,True,2026-10-12 19:00:00+00:00,4,0.1,a,1,0,0,0,0,0,0,0,0
6,179,Latibeaudiere,Coventry,DEF,Newcastle United,True,2026-10-12 19:00:00+00:00,4,0,a,1,0,0.0001757,0.0001932,0,0,0,0.2746,0.3
6,180,Woolfenden,Coventry,DEF,Newcastle United,True,2026-10-12 19:00:00+00:00,4,0.1,i,0,0,0,0,0,0,0,0,0
6,181,Brau,Coventry,DEF,Newcastle United,True,2026-10-12 19:00:00+00:00,4,0,u,0,0,0,0,0,0,0,0,0
6,182,Amenda,Coventry,DEF,Newcastle United,True,2026-10-12 19:00:00+00:00,4,0.6,i,0,0,0,0,0,0,0,0,0
6,183,Rudoni,Coventry,MID,Newcastle United,True,2026-10-12 19:00:00+00:00,4.9,0.1,a,1,0.8627,0.1878,0.1185,0.1961,0.3081,0.379,4.04,3
6,184,Grimes,Coventry,MID,Newcastle United,True,2026-10-12 19:00:00+00:00,4.9,0.1,a,1,1,0.06317,0.07618,0.2273,0.1462,0.1344,3.052,2.3
6,185,Sakamoto,Coventry,MID,Newcastle United,True,2026-10-12 19:00:00+00:00,4.8,0.1,a,1,0,0.00635,0.00629,0,0.002347,0,0.2162,0
6,186,Mason-Clark,Coventry,MID,Newcastle United,True,2026-10-12 19:00:00+00:00,5.3,0.1,a,1,0.1941,0.06485,0.06116,0.04412,0.08049,0.05217,1.741,1.3
6,187,Eccles,Coventry,MID,Newcastle United,True,2026-10-12 19:00:00+00:00,4.8,0,i,1,0,0,0,0,0,0,0,0
6,188,Torp,Coventry,MID,Newcastle United,True,2026-10-12 19:00:00+00:00,5.3,0.1,a,1,0,0.009703,0.02036,0,0,0,0.6409,0.3
6,189,Shepherd,Coventry,MID,Newcastle United,True,2026-10-12 19:00:00+00:00,4.4,0.3,a,1,0,0,0,0,0,0,0,0
6,190,Tchaouna,Coventry,MID,Newcastle United,True,2026-10-12 19:00:00+00:00,5.4,0.1,a,1,0.3333,0.05983,0.0717,0.07577,0.09313,0.06917,1.907,0.7
6,191,Borges Rodrigues,Coventry,MID,Newcastle United,True,2026-10-12 19:00:00+00:00,4.5,0.1,u,0,0,0,0,0,0,0,0,0
6,192,Andrews,Coventry,MID,Newcastle United,True,2026-10-12 19:00:00+00:00,4.5,0.3,u,0,0,0,0,0,0,0,0,0
6,193,Wright,Coventry,FWD,Newcastle United,True,2026-10-12 19:00:00+00:00,5.3,0.1,i,0,0,0,0,0,0,0,0,0
6,194,Thomas-Asante,Coventry,FWD,Newcastle United,True,2026-10-12 19:00:00+00:00,5,0.8,a,1,0.4118,0.1154,0.04026,0.0936,0.1649,0.1705,2.33,2
6,195,Simms,Coventry,FWD,Newcastle United,True,2026-10-12 19:00:00+00:00,4.9,0.6,a,1,0.1373,0.06273,0.01875,0.0312,0.08271,0.002416,1.136,0.7
6,196,Markelo,Coventry,FWD,Newcastle United,True,2026-10-12 19:00:00+00:00,5,0,u,0,0,0,0,0,0,0,0,0
6,197,Bassette,Coventry,FWD,Newcastle United,True,2026-10-12 19:00:00+00:00,4.5,0,u,0,0,0,0,0,0,0,0,0
6,492,Awoniyi,Coventry,FWD,Newcastle United,True,2026-10-12 19:00:00+00:00,5.4,0.4,s,0,0,0,0,0,0,0,0,0
6,575,Yirenkyi,Coventry,MID,Newcastle United,True,2026-10-12 19:00:00+00:00,4.8,0.1,a,1,0.575,0.04535,0.06598,0.1307,0.08368,0.103,2.18,1.7
6,584,Hamer,Coventry,MID,Newcastle United,True,2026-10-12 19:00:00+00:00,5.4,0.1,a,1,0,0.00617,0.006433,0,0,0,0.5448,0.3
6,599,Cherif,Coventry,FWD,Newcastle United,True,2026-10-12 19:00:00+00:00,5,0.1,a,1,0,0.01805,0.0076,0,0.02085,0,0.3467,0.3
6,623,Bentley,Coventry,GKP,Newcastle United,True,2026-10-12 19:00:00+00:00,4,0.6,a,1,0.1381,0,0.00146,0.03138,0.01878,0,0.3586,0
6,655,Gboho,Coventry,MID,Newcastle United,True,2026-10-12 19:00:00+00:00,5.5,0,a,1,0,0,0,0,0,0,0,0
6,656,Mfuni,Coventry,DEF,Newcastle United,True,2026-10-12 19:00:00+00:00,4,0.1,a,1,0.2121,0.01049,0.01159,0.04822,0.04476,,,3
6,405,N.Gonzalez,Newcastle United,MID,Coventry,False,2026-10-12 19:00:00+00:00,5.5,0.2,a,1,0.3653,0.01526,0.02154,0.1114,0.03067,0.2185,1.284,1
6,442,Pope,Newcastle United,GKP,Coventry,False,2026-10-12 19:00:00+00:00,4.9,0.9,a,1,0.2273,0.07176,0.04872,0.06929,0.2905,0,1.591,0
6,443,Gillespie,Newcastle United,GKP,Coventry,False,2026-10-12 19:00:00+00:00,4.5,0,a,1,0,0,0,0,0,0,0,0
6,444,Jaouen,Newcastle United,GKP,Coventry,False,2026-10-12 19:00:00+00:00,4.4,0,d,0.5,0,0,0,0,0,0,0,0
6,445,Thiaw,Newcastle United,DEF,Coventry,False,2026-10-12 19:00:00+00:00,5,2.2,a,1,1,0.1229,0.03238,0.3049,0.3142,0.8174,4.819,1.7
6,446,Schär,Newcastle United,DEF,Coventry,False,2026-10-12 19:00:00+00:00,4.9,0.2,a,1,0,0.003656,0.002642,0,0,0,0.3269,0.3
6,447,Botman,Newcastle United,DEF,Coventry,False,2026-10-12 19:00:00+00:00,5,0.7,a,1,1,0.05948,0.06951,0.3049,0.2776,1.034,4.604,2.3
6,448,Burn,Newcastle United,DEF,Coventry,False,2026-10-12 19:00:00+00:00,4.8,0.7,i,1,0.1523,0.008391,0.006124,0.04642,0.0366,0.1179,0.7305,0
6,449,Hall,Newcastle United,DEF,Coventry,False,2026-10-12 19:00:00+00:00,5.3,17.3,a,1,1,0.0565,0.1367,0.3049,0.3224,0.6471,4.497,5.7
6,450,Livramento,Newcastle United,DEF,Coventry,False,2026-10-12 19:00:00+00:00,4.9,0.1,d,0.75,0,0.001408,0.002971,0,0,0,0.1119,1
6,451,A.Murphy,Newcastle United,DEF,Coventry,False,2026-10-12 19:00:00+00:00,4,0.1,u,0,0,0,0,0,0,,,0
6,453,Barnes,Newcastle United,MID,Coventry,False,2026-10-12 19:00:00+00:00,6.1,5.7,a,1,0.8477,0.2414,0.1367,0.2585,0.3795,0.05361,4.156,7.7
6,454,Elanga,Newcastle United,MID,Coventry,False,2026-10-12 19:00:00+00:00,6.1,4.5,i,0,0,0,0,0,0,0,0,0
6,456,J.Ramsey,Newcastle United,MID,Coventry,False,2026-10-12 19:00:00+00:00,4.9,0.2,i,0,0,0,0,0,0,0,0,0
6,457,J.Murphy,Newcastle United,MID,Coventry,False,2026-10-12 19:00:00+00:00,5.9,0.1,a,1,0.2752,0.05764,0.1196,0.08391,0.09835,0.02367,1.632,0.7
6,458,Joelinton,Newcastle United,MID,Coventry,False,2026-10-12 19:00:00+00:00,5.4,0,i,0,0,0,0,0,0,0,0,0
6,459,L.Miley,Newcastle United,MID,Coventry,False,2026-10-12 19:00:00+00:00,5.5,0.1,a,1,0.7727,0.04462,0.08995,0.2356,0.1206,0.5023,2.791,2
6,460,Willock,Newcastle United,MID,Coventry,False,2026-10-12 19:00:00+00:00,5,0.6,a,1,0.5775,0.114,0.1371,0.1761,0.2039,0.06208,2.938,4.3
6,461,Touré,Newcastle United,MID,Coventry,False,2026-10-12 19:00:00+00:00,5.8,0.1,a,1,0,0.02114,0.01819,0,3.1e-05,0,0.8289,2.3
6,462,Steur,Newcastle United,MID,Coventry,False,2026-10-12 19:00:00+00:00,4.9,0.1,a,1,0.5054,0.09734,0.05907,0.1541,0.1373,0.1087,2.569,2
6,463,Woltemade,Newcastle United,FWD,Coventry,False,2026-10-12 19:00:00+00:00,5.9,0.5,u,0,0,0,0,0,0,0,0,0
6,464,Wissa,Newcastle United,FWD,Coventry,False,2026-10-12 19:00:00+00:00,6.2,18.7,a,1,0.7727,0.3573,0.108,0.2356,0.5374,0.00544,3.724,1
6,465,Osula,Newcastle United,FWD,Coventry,False,2026-10-12 19:00:00+00:00,5.8,0.3,i,0,0,0,0,0,0,0,0,0
6,466,Neave,Newcastle United,FWD,Coventry,False,2026-10-12 19:00:00+00:00,4.5,0.5,u,0,0,0,0,0,0,,,0
6,559,Bamba,Newcastle United,MID,Coventry,False,2026-10-12 19:00:00+00:00,4.9,0.1,a,1,0,0.007529,0.007685,0,0,0,0.7033,0.7
6,567,Horníček,Newcastle United,GKP,Coventry,False,2026-10-12 19:00:00+00:00,5,1.5,a,1,1,0,0.00658,0.3049,0.3095,0,3.692,2
6,593,Dedić,Newcastle United,DEF,Coventry,False,2026-10-12 19:00:00+00:00,4.5,1.8,i,0,0,0,0,0,0,0,0,0
6,609,Shahar,Newcastle United,DEF,Coventry,False,2026-10-12 19:00:00+00:00,4,0.2,u,0,0,0,0,0,0,,,0
6,634,Fernandez-Pardo,Newcastle United,FWD,Coventry,False,2026-10-12 19:00:00+00:00,6,0.1,a,1,0.3925,0.1397,0.06481,0.1197,0.2047,0.006908,2.357,1.3
6,659,Miley,Newcastle United,MID,Coventry,False,2026-10-12 19:00:00+00:00,4.5,0,a,1,0,0,0,0,0,0,0,0
6,663,Pivas,Newcastle United,DEF,Coventry,False,2026-10-12 19:00:00+00:00,4,0,a,1,0,0,0,0,0,,,1.1
6,664,Salia,Newcastle United,FWD,Coventry,False,2026-10-12 19:00:00+00:00,4.5,0.1,a,1,0,0,0,0,0,0,0,1
6,665,Mills,Newcastle United,MID,Coventry,False,2026-10-12 19:00:00+00:00,4.5,0,a,1,0,0,0,0,0,0,0,1.1
6,666,Thompson,Newcastle United,MID,Coventry,False,2026-10-12 19:00:00+00:00,4.5,0,a,1,0,0,0,0,0,0,0,1.1
7,21,Nørgaard,Everton,MID,Chelsea,True,2026-10-17 11:30:00+00:00,4.8,0,i,0,0,0,0,0,0,,,0
7,209,Johnson,Everton,MID,Chelsea,True,2026-10-17 11:30:00+00:00,5.9,0.1,a,1,0.6036,0.09586,0.05802,0.1412,0.149,0.04635,2.354,2.3
7,226,Pickford,Everton,GKP,Chelsea,True,2026-10-17 11:30:00+00:00,5.5,9.1,a,1,1,0,0.01011,0.234,0.2235,0,3.275,5
7,227,Travers,Everton,GKP,Chelsea,True,2026-10-17 11:30:00+00:00,5,0,a,1,0,0,0,0,0,0,0,0
7,228,King,Everton,GKP,Chelsea,True,2026-10-17 11:30:00+00:00,4.5,0,a,1,0,0,0,0,0,0,0,0
7,229,Tarkowski,Everton,DEF,Chelsea,True,2026-10-17 11:30:00+00:00,6.2,16.5,a,1,1,0.08082,0.0852,0.234,0.2678,1.118,4.483,8.3
7,230,Branthwaite,Everton,DEF,Chelsea,True,2026-10-17 11:30:00+00:00,5.5,2.4,a,1,0.7727,0.04477,0.03784,0.1808,0.1695,0.7135,3.155,5.7
7,231,Keane,Everton,DEF,Chelsea,True,2026-10-17 11:30:00+00:00,4.8,0.7,a,1,0.2273,0.03074,0.005904,0.05318,0.06359,0.2158,1.037,0
7,232,O'Brien,Everton,DEF,Chelsea,True,2026-10-17 11:30:00+00:00,4.8,0.3,a,1,0.2273,0.01261,0.009729,0.05318,0.03874,0.08244,1.008,0.7
7,233,Mykolenko,Everton,DEF,Chelsea,True,2026-10-17 11:30:00+00:00,4.6,4.2,a,1,1,0.01946,0.05369,0.234,0.1845,0.515,3.148,5.7
7,234,Patterson,Everton,DEF,Chelsea,True,2026-10-17 11:30:00+00:00,4.5,0,u,0,0,0,0,0,0,0,0,0
7,235,Aznou,Everton,DEF,Chelsea,True,2026-10-17 11:30:00+00:00,4,0.1,u,0,0,0,0,0,0,,,0
7,236,Dewsbury-Hall,Everton,MID,Chelsea,True,2026-10-17 11:30:00+00:00,6.6,6,a,1,1,0.2024,0.2845,0.234,0.4162,0.27,4.607,2.3
7,238,Grealish,Everton,MID,Chelsea,True,2026-10-17 11:30:00+00:00,6.5,0.5,a,1,0.2121,0.04562,0.07995,0.04964,0.07837,0.01754,1.472,1.7
7,239,Garner,Everton,MID,Chelsea,True,2026-10-17 11:30:00+00:00,6,0.2,a,1,0.8939,0.05689,0.1667,0.2092,0.1723,0.7934,3.411,3
7,242,George,Everton,MID,Chelsea,True,2026-10-17 11:30:00+00:00,5.5,0.9,a,1,0.5606,0.08216,0.1739,0.1312,0.1788,0.07533,2.879,4.7
7,243,Alcaraz,Everton,MID,Chelsea,True,2026-10-17 11:30:00+00:00,4.9,0.1,a,1,0,0.002836,0.002948,0,0,0,0.2814,0
7,244,Armstrong,Everton,MID,Chelsea,True,2026-10-17 11:30:00+00:00,5,0.4,a,1,0.7727,0.06722,0.1238,0.1808,0.1616,0.2999,2.622,2
7,245,Dibling,Everton,MID,Chelsea,True,2026-10-17 11:30:00+00:00,5.4,0,a,1,0,0.009113,0.01184,0,0.005846,0,0.2991,0.3
7,246,Röhl,Everton,MID,Chelsea,True,2026-10-17 11:30:00+00:00,4.9,0,i,1,0.6095,0.04515,0.07529,0.1426,0.1108,0.1405,1.915,0
7,247,Hackney,Everton,MID,Chelsea,True,2026-10-17 11:30:00+00:00,5.4,0.2,a,1,0.1373,0.03093,0.03747,0.03212,0.01558,0.03689,1.489,2
7,248,Beto,Everton,FWD,Chelsea,True,2026-10-17 11:30:00+00:00,5.4,0.6,u,0,0,0,0,0,0,0,0,0
7,249,Barry,Everton,FWD,Chelsea,True,2026-10-17 11:30:00+00:00,5.7,8.3,a,1,0.8619,0.5079,0.07561,0.2017,0.7403,0.003468,4.864,3.3
7,649,Maitland-Niles,Everton,DEF,Chelsea,True,2026-10-17 11:30:00+00:00,4.5,1.4,a,1,0.7225,0.03471,0.09112,0.169,0.1842,0.2338,2.953,7
7,654,Graham,Everton,MID,Chelsea,True,2026-10-17 11:30:00+00:00,4.5,0.1,a,1,0,0,0,0,0,,,0
7,28,Martinez,Chelsea,GKP,Everton,False,2026-10-17 11:30:00+00:00,5,4.7,a,1,0.8047,0,0.02055,0.1544,0.3701,0,3.115,2.3
7,40,Rogers,Chelsea,MID,Everton,False,2026-10-17 11:30:00+00:00,7.7,40.5,a,1,0.9108,0.1702,0.213,0.1747,0.3409,0.07132,3.748,5.3
7,101,Henderson,Chelsea,MID,Everton,False,2026-10-17 11:30:00+00:00,4.9,0,a,1,0.2121,0.01325,0.04912,0.04069,0.03491,0.06403,0.8525,0.7
7,136,Welbeck,Chelsea,FWD,Everton,False,2026-10-17 11:30:00+00:00,5.9,1,a,1,0.3502,0.1429,0.04478,0.06718,0.2069,0.001494,2.032,1.3
7,140,Sánchez,Chelsea,GKP,Everton,False,2026-10-17 11:30:00+00:00,4.9,0.7,u,0,0,0,0,0,0,0,0,0
7,141,Jörgensen,Chelsea,GKP,Everton,False,2026-10-17 11:30:00+00:00,5,0,u,0,0,0,0,0,0,0,0,0
7,142,James,Chelsea,DEF,Everton,False,2026-10-17 11:30:00+00:00,5.4,5.8,d,1,0.4345,0.02637,0.06144,0.08334,0.1074,0.1014,1.621,0.5
7,143,Chalobah,Chelsea,DEF,Everton,False,2026-10-17 11:30:00+00:00,5.5,0.1,u,0,0,0,0,0,0,0,0,0
7,144,Gusto,Chelsea,DEF,Everton,False,2026-10-17 11:30:00+00:00,4.9,1,a,1,0.5629,0.02472,0.05876,0.108,0.12,0.05204,1.875,0.7
7,145,Fofana,Chelsea,DEF,Everton,False,2026-10-17 11:30:00+00:00,5,0.2,a,1,0.8939,0.01969,0.02786,0.1715,0.1305,0.705,2.936,2.7
7,146,B.Badiashile,Chelsea,DEF,Everton,False,2026-10-17 11:30:00+00:00,4.5,0,u,0,0,0,0,0,0,0,0,0
7,148,Hato,Chelsea,DEF,Everton,False,2026-10-17 11:30:00+00:00,4.5,0.8,a,1,0.3703,0.01551,0.0746,0.07103,0.09596,0.09694,1.476,1
7,149,Colwill,Chelsea,DEF,Everton,False,2026-10-17 11:30:00+00:00,4.8,0.9,a,1,0.775,0.0199,0.02149,0.1487,0.1141,0.3505,2.249,0.7
7,150,M.Sarr,Chelsea,DEF,Everton,False,2026-10-17 11:30:00+00:00,4.5,0,u,0,0,0,0,0,0,0,0,0
7,151,Acheampong,Chelsea,DEF,Everton,False,2026-10-17 11:30:00+00:00,4.5,0.3,a,1,0.3311,0.01804,0.01374,0.06351,0.05097,0.1409,1.453,0.3
7,152,Palestra,Chelsea,DEF,Everton,False,2026-10-17 11:30:00+00:00,5.3,0.6,d,1,0,0,0,0,0,0,0,0
7,154,Palmer,Chelsea,MID,Everton,False,2026-10-17 11:30:00+00:00,9.7,25.7,d,1,1,0.305,0.163,0.1918,0.4863,0.1662,4.619,2
7,156,Neto,Chelsea,MID,Everton,False,2026-10-17 11:30:00+00:00,6.5,1.4,a,1,0.8309,0.11,0.1815,0.1594,0.2437,0.0406,3.306,2
7,157,Estêvão,Chelsea,MID,Everton,False,2026-10-17 11:30:00+00:00,6.3,0.7,a,1,0,0.008587,0.007831,0,0,0,0.713,1
7,158,Gittens,Chelsea,MID,Everton,False,2026-10-17 11:30:00+00:00,5.8,0,d,1,0,0,0,0,0,0,0,0
7,159,Caicedo,Chelsea,MID,Everton,False,2026-10-17 11:30:00+00:00,5.3,1,d,1,0.2273,0.01051,0.02209,0.04359,0.02448,0.1729,0.8774,0
7,161,Lavia,Chelsea,MID,Everton,False,2026-10-17 11:30:00+00:00,5,0.2,a,1,0.4106,0.07292,0.03953,0.07876,0.1145,0.06791,1.609,1
7,163,D.Essugo,Chelsea,MID,Everton,False,2026-10-17 11:30:00+00:00,4.5,0.1,u,0,0,0,0,0,0,,,0
7,164,Quenda,Chelsea,MID,Everton,False,2026-10-17 11:30:00+00:00,5.3,0,a,1,0,0.00985,0.009359,0,0,0,0.4891,0.3
7,165,João Pedro,Chelsea,FWD,Everton,False,2026-10-17 11:30:00+00:00,7.7,65.1,d,1,0.7129,0.2778,0.08139,0.1367,0.4232,0.002281,2.967,3.2
7,168,Marc Guiu,Chelsea,FWD,Everton,False,2026-10-17 11:30:00+00:00,5,0.2,u,0,0,0,0,0,0,0,0,0
7,169,Mheuka,Chelsea,FWD,Everton,False,2026-10-17 11:30:00+00:00,4.5,0.5,a,1,0,0.0002756,0.0001148,0,0,,,0
7,170,Emegha,Chelsea,FWD,Everton,False,2026-10-17 11:30:00+00:00,4.9,0.1,i,1,0,0,0,0,0,0,0,0
7,200,Lacroix,Chelsea,DEF,Everton,False,2026-10-17 11:30:00+00:00,5.9,6.8,a,1,0.7324,0.04898,0.03848,0.1405,0.1463,0.8428,3.035,2
7,560,Penders,Chelsea,GKP,Everton,False,2026-10-17 11:30:00+00:00,4.4,0.1,a,1,0,0,0,0,0,0,0,0
7,561,Anselmino,Chelsea,DEF,Everton,False,2026-10-17 11:30:00+00:00,4.5,0,a,1,0,0,0,0,0,,,0
7,568,Barco,Chelsea,MID,Everton,False,2026-10-17 11:30:00+00:00,5.4,0.1,a,1,0.2745,0.04582,0.03797,0.05266,0.06319,0.07378,1.245,0.7
7,583,Chavarria,Chelsea,DEF,Everton,False,2026-10-17 11:30:00+00:00,4.9,0.1,a,1,0.2745,0.0251,0.03345,0.05266,0.05892,0.111,1.599,1
7,662,Nicoll-Jazuli,Chelsea,MID,Everton,False,2026-10-17 11:30:00+00:00,4.5,0,a,1,0,0.004683,0.004727,0,0,0,1.038,1.1
7,155,Enzo,Manchester City,MID,Ipswich,True,2026-10-17 14:00:00+00:00,6.9,3.6,a,1,0.7678,0.3206,0.3503,0.2918,0.5764,0.1005,4.934,4
7,237,Ndiaye,Manchester City,MID,Ipswich,True,2026-10-17 14:00:00+00:00,5.8,6.7,a,1,0.8216,0.2903,0.34,0.3123,0.5319,0.3956,5.533,3
7,384,Donnarumma,Manchester City,GKP,Ipswich,True,2026-10-17 14:00:00+00:00,5.5,7.6,a,1,0.9108,0,0.002427,0.3462,0.2048,0,3.345,5.3
7,386,Bettinelli,Manchester City,GKP,Ipswich,True,2026-10-17 14:00:00+00:00,4.5,0,a,1,0,0,0,0,0,0,0,0
7,387,O'Reilly,Manchester City,DEF,Ipswich,True,2026-10-17 14:00:00+00:00,6.3,10.9,a,1,0.3072,0.09905,0.05454,0.1168,0.1932,0.04233,2.385,0.7
7,388,Guéhi,Manchester City,DEF,Ipswich,True,2026-10-17 14:00:00+00:00,6,18.2,a,1,0.9108,0.1705,0.1361,0.3462,0.4607,0.4507,5.303,6
7,389,Matheus N.,Manchester City,DEF,Ipswich,True,2026-10-17 14:00:00+00:00,5.9,1,a,1,0.4655,0.01676,0.07915,0.1769,0.1683,0.1773,2.345,3.3
7,390,Rúben,Manchester City,DEF,Ipswich,True,2026-10-17 14:00:00+00:00,5.5,1.9,a,1,0.8619,0.03853,0.05681,0.3276,0.2629,0.2925,3.759,4.3
7,391,Gvardiol,Manchester City,DEF,Ipswich,True,2026-10-17 14:00:00+00:00,5.7,26.8,a,1,0.7727,0.123,0.1106,0.2937,0.3623,0.2379,4.148,7.7
7,392,Aït-Nouri,Manchester City,DEF,Ipswich,True,2026-10-17 14:00:00+00:00,5.3,0.4,a,1,0.06307,0.01122,0.01233,0.02397,0.0312,0.02064,0.4468,0
7,393,Khusanov,Manchester City,DEF,Ipswich,True,2026-10-17 14:00:00+00:00,5.4,1.4,a,1,0.5203,0.03382,0.03588,0.1977,0.1703,0.2649,2.288,1.7
7,394,Alleyne,Manchester City,DEF,Ipswich,True,2026-10-17 14:00:00+00:00,5,0,u,0,0,0,0,0,0,0,0,0
7,395,Lewis,Manchester City,DEF,Ipswich,True,2026-10-17 14:00:00+00:00,4.4,0.2,a,1,0.08919,0.03239,0.04862,0.0339,0.0832,0.02886,0.7412,0
7,396,Vitor Reis,Manchester City,DEF,Ipswich,True,2026-10-17 14:00:00+00:00,4.5,0,a,1,0,0.0002056,0.0002261,0,0,,,0
7,397,Semenyo,Manchester City,MID,Ipswich,True,2026-10-17 14:00:00+00:00,8.4,15.3,d,1,0.8358,0.3813,0.2797,0.3177,0.6165,0.1336,5.649,6.5
7,398,Foden,Manchester City,MID,Ipswich,True,2026-10-17 14:00:00+00:00,6.9,1.8,s,0,0,0,0,0,0,0,0,0
7,399,Cherki,Manchester City,MID,Ipswich,True,2026-10-17 14:00:00+00:00,7.8,28.4,a,1,0.4883,0.2048,0.4506,0.1856,0.4526,0.1072,4.483,4
7,400,Doku,Manchester City,MID,Ipswich,True,2026-10-17 14:00:00+00:00,7.4,0.7,a,1,0.075,0.03577,0.07764,0.02851,0.06403,0.006719,1.025,0.3
7,402,Rodrigo,Manchester City,MID,Ipswich,True,2026-10-17 14:00:00+00:00,6.5,0,u,0,0,0,0,0,0,0,0,0
7,404,Reijnders,Manchester City,MID,Ipswich,True,2026-10-17 14:00:00+00:00,6,0,u,0,0,0,0,0,0,0,0,0
7,406,Kovačić,Manchester City,MID,Ipswich,True,2026-10-17 14:00:00+00:00,5.4,0.1,a,1,0,0.02976,0.04648,0,0.03488,,,0
7,407,Echeverri,Manchester City,MID,Ipswich,True,2026-10-17 14:00:00+00:00,4.9,0,u,0,0,0,0,0,0,,,0
7,408,Phillips,Manchester City,MID,Ipswich,True,2026-10-17 14:00:00+00:00,5,0,u,0,0,0,0,0,0,,,0
7,409,Mukasa,Manchester City,MID,Ipswich,True,2026-10-17 14:00:00+00:00,4.5,0.1,u,0,0,0,0,0,0,,,0
7,410,Monga,Manchester City,MID,Ipswich,True,2026-10-17 14:00:00+00:00,4.9,0,u,0,0,0,0,0,0,0,0,0
7,411,Haaland,Manchester City,FWD,Ipswich,True,2026-10-17 14:00:00+00:00,15.6,73.8,a,1,0.8477,0.9475,0.2134,0.3222,1.391,0.002436,7.519,8
7,481,Anderson,Manchester City,MID,Ipswich,True,2026-10-17 14:00:00+00:00,6.3,4,a,1,1,0.1617,0.33,0.3801,0.383,1.173,5.533,3.3
7,587,Rulli,Manchester City,GKP,Ipswich,True,2026-10-17 14:00:00+00:00,5,0,a,1,0,0,0,0,0,0,0,0
7,616,Bouaddi,Manchester City,MID,Ipswich,True,2026-10-17 14:00:00+00:00,5.5,0.2,a,1,0,0.01367,0.01392,0,0.00198,0,0.5263,0.3
7,621,McAidoo,Manchester City,MID,Ipswich,True,2026-10-17 14:00:00+00:00,4.5,0.1,a,1,0,0.006397,0.00458,0,0,,,0.3
7,622,Braithwaite,Manchester City,DEF,Ipswich,True,2026-10-17 14:00:00+00:00,4,0.2,a,1,0,0.0003084,0.0003392,0,0,0,0.1915,0
7,628,Allan,Manchester City,MID,Ipswich,True,2026-10-17 14:00:00+00:00,6,0,a,1,0,0,0,0,0,0,0,0
7,653,Samba,Manchester City,MID,Ipswich,True,2026-10-17 14:00:00+00:00,4.5,0,a,1,0,0,0,0,0,0,0,0
7,259,Diop,Ipswich,DEF,Manchester City,False,2026-10-17 14:00:00+00:00,4,12.7,a,1,0.9369,0.03036,0.01807,0.04487,0.05693,0.6729,1.859,2.7
7,267,Lukić,Ipswich,MID,Manchester City,False,2026-10-17 14:00:00+00:00,4.9,0.1,a,1,0.9108,0.0535,0.08195,0.04362,0.1393,0.2249,2.375,1.7
7,300,Walton,Ipswich,GKP,Manchester City,False,2026-10-17 14:00:00+00:00,4.4,0.4,a,1,0.2745,0,0.001902,0.01315,0,0,0.279,0.7
7,301,Palmer,Ipswich,GKP,Manchester City,False,2026-10-17 14:00:00+00:00,4,3.9,a,1,0,0,0,0,0,0,0,0
7,302,Button,Ipswich,GKP,Manchester City,False,2026-10-17 14:00:00+00:00,4,0.6,a,1,0,0,0,0,0,0,0,0
7,303,Kipré,Ipswich,DEF,Manchester City,False,2026-10-17 14:00:00+00:00,3.9,0.9,a,1,0,0,0,0,0,0,0,0
7,304,O'Shea,Ipswich,DEF,Manchester City,False,2026-10-17 14:00:00+00:00,4,2.7,a,1,1,0.01912,0.04302,0.04789,0.06609,0.7022,1.934,2
7,305,Davis,Ipswich,DEF,Manchester City,False,2026-10-17 14:00:00+00:00,4,6.9,a,1,1,0.1623,0.07618,0.04789,0.2319,0.2022,2.558,5.7
7,306,Greaves,Ipswich,DEF,Manchester City,False,2026-10-17 14:00:00+00:00,4,1.1,a,1,0.7255,0.01404,0.02018,0.03475,0.04027,0.375,1.075,0.7
7,307,Johnson,Ipswich,DEF,Manchester City,False,2026-10-17 14:00:00+00:00,4,0.1,u,0,0,0,0,0,0,0,0,0
7,308,Furlong,Ipswich,DEF,Manchester City,False,2026-10-17 14:00:00+00:00,3.9,0.6,a,1,0,0.001356,0.001491,0,0,0,0.1367,0
7,309,Núñez,Ipswich,MID,Manchester City,False,2026-10-17 14:00:00+00:00,4.9,0.1,a,1,0.3005,0.01511,0.01472,0.01439,0.03699,0.1848,0.9569,0
7,310,Matusiwa,Ipswich,MID,Manchester City,False,2026-10-17 14:00:00+00:00,4.9,0,a,1,0,0,0,0,0,0,0,0
7,311,Burns,Ipswich,MID,Manchester City,False,2026-10-17 14:00:00+00:00,5,0,u,0,0,0,0,0,0,0,0,0
7,312,Taylor,Ipswich,MID,Manchester City,False,2026-10-17 14:00:00+00:00,4.4,0,i,0,0,0,0,0,0,0,0,0
7,313,Clarke,Ipswich,MID,Manchester City,False,2026-10-17 14:00:00+00:00,5.4,0.2,a,1,0.5054,0.04007,0.04092,0.0242,0.07076,0.1087,1.638,1.3
7,314,Ogbene,Ipswich,MID,Manchester City,False,2026-10-17 14:00:00+00:00,4.9,0,u,0,0,0,0,0,0,0,0,0
7,315,Fatawu,Ipswich,MID,Manchester City,False,2026-10-17 14:00:00+00:00,5.4,0.2,s,0,0,0,0,0,0,0,0,0
7,316,Emersonn,Ipswich,FWD,Manchester City,False,2026-10-17 14:00:00+00:00,5.5,3.5,a,1,0.8368,0.1649,0.1093,0.04008,0.271,0.008416,3.104,5.3
7,317,Hirst,Ipswich,FWD,Manchester City,False,2026-10-17 14:00:00+00:00,5,0.1,u,0,0,0,0,0,0,0,0,0
7,318,Philogene,Ipswich,MID,Manchester City,False,2026-10-17 14:00:00+00:00,5.4,0.1,a,1,0,0.01221,0.01201,0,0,0,0.6024,0.7
7,319,Szmodics,Ipswich,MID,Manchester City,False,2026-10-17 14:00:00+00:00,5,0,u,0,0,0,0,0,0,0,0,0
7,320,Akpom,Ipswich,FWD,Manchester City,False,2026-10-17 14:00:00+00:00,5,1.2,a,1,0,0.03526,0.009666,0,0.03603,0,0.7811,0.3
7,321,Walle Egeli,Ipswich,FWD,Manchester City,False,2026-10-17 14:00:00+00:00,4.5,3.5,a,1,0,0.003058,0.001275,0,0.0009135,0,0.1542,0
7,322,Al-Hamadi,Ipswich,FWD,Manchester City,False,2026-10-17 14:00:00+00:00,5,0,u,0,0,0,0,0,0,0,0,0
7,323,McAteer,Ipswich,MID,Manchester City,False,2026-10-17 14:00:00+00:00,4.4,1,a,1,0,0.006416,0.006177,0,0,0,0.5452,0.3
7,324,Mehmeti,Ipswich,MID,Manchester City,False,2026-10-17 14:00:00+00:00,4.8,0,a,1,0,0,0,0,0,0,0,0
7,554,Van Oevelen,Ipswich,GKP,Manchester City,False,2026-10-17 14:00:00+00:00,4.5,0,u,0,0,0,0,0,0,0,0,0
7,562,Maeda,Ipswich,MID,Manchester City,False,2026-10-17 14:00:00+00:00,5.3,0.2,a,1,0.4946,0.06833,0.0257,0.02369,0.08893,0.08862,2.115,1.3
7,564,Scherpen,Ipswich,GKP,Manchester City,False,2026-10-17 14:00:00+00:00,4.5,0.6,a,1,0.5606,0,0.002183,0.02685,0.4043,0,2.031,1
7,571,Florentino,Ipswich,MID,Manchester City,False,2026-10-17 14:00:00+00:00,4.8,0.1,a,1,0.2273,0.0145,0.01458,0.01088,0.01317,0.2363,1.222,0.7
7,591,Enciso,Ipswich,MID,Manchester City,False,2026-10-17 14:00:00+00:00,5.5,0.8,a,1,0.7727,0.1069,0.09527,0.03701,0.2061,,,1.7
7,592,Ouattara,Ipswich,DEF,Manchester City,False,2026-10-17 14:00:00+00:00,4,0.9,a,1,0.2745,0.01255,0.01985,0.01315,0.01332,0.111,1.14,1.3
7,602,Humphreys,Ipswich,MID,Manchester City,False,2026-10-17 14:00:00+00:00,4.5,0,u,0,0,0,0,0,0,0,0,0
7,619,Palacios,Ipswich,MID,Manchester City,False,2026-10-17 14:00:00+00:00,5,0.1,a,1,0.8108,0.03802,0.05205,0.03883,0.09247,0.6858,2.974,3.3
7,640,Flemming,Ipswich,FWD,Manchester City,False,2026-10-17 14:00:00+00:00,5.5,0.1,a,1,0.4595,0.2146,0.02621,0.02201,0.2992,0.002488,2.291,2
7,240,Iroegbunam,Hull,MID,Fulham,False,2026-10-17 14:00:00+00:00,5,0,a,1,0.2273,0.01865,0.03645,0.06169,0.02051,0.1668,1.169,0.3
7,273,Phillips,Hull,GKP,Fulham,False,2026-10-17 14:00:00+00:00,4,1.4,a,1,0,0,0,0,0,0,0,0
7,274,Butland,Hull,GKP,Fulham,False,2026-10-17 14:00:00+00:00,4.4,0.1,i,0,0,0,0,0,0,0,0,0
7,275,Cartwright,Hull,GKP,Fulham,False,2026-10-17 14:00:00+00:00,4,0,u,0,0,0,0,0,0,0,0,0
7,276,Lo-Tutala,Hull,GKP,Fulham,False,2026-10-17 14:00:00+00:00,4,0,u,0,0,0,0,0,0,0,0,0
7,277,Egan,Hull,DEF,Fulham,False,2026-10-17 14:00:00+00:00,4.1,7,a,1,1,0.02443,0.03036,0.2714,0.1951,0.9522,3.836,3
7,278,Hughes,Hull,DEF,Fulham,False,2026-10-17 14:00:00+00:00,3.9,0.2,i,0,0,0,0,0,0,0,0,0
7,279,Ajayi,Hull,DEF,Fulham,False,2026-10-17 14:00:00+00:00,4.2,14,a,1,1,0.1176,0.03073,0.2714,0.2879,0.2022,3.776,2.3
7,280,Coyle,Hull,DEF,Fulham,False,2026-10-17 14:00:00+00:00,4,0.7,a,1,0.8368,0.02676,0.03396,0.2271,0.1716,0.1934,2.871,2.7
7,281,Drameh,Hull,DEF,Fulham,False,2026-10-17 14:00:00+00:00,4,0,u,0,0,0,0,0,0,0,0,0
7,282,Giles,Hull,DEF,Fulham,False,2026-10-17 14:00:00+00:00,4,2.9,a,1,1,0.02507,0.1591,0.2714,0.2872,0.2022,3.512,4
7,283,Jacob,Hull,DEF,Fulham,False,2026-10-17 14:00:00+00:00,4,0,u,0,0,0,0,0,0,0,0,0
7,284,McCarthy,Hull,DEF,Fulham,False,2026-10-17 14:00:00+00:00,4,0.1,a,1,0,0,0,0,0,0,0,0
7,285,McNair,Hull,DEF,Fulham,False,2026-10-17 14:00:00+00:00,4,0.1,a,1,0,0.001912,0.002239,0,0.0001272,0,0.1389,0
7,286,Belloumi,Hull,MID,Fulham,False,2026-10-17 14:00:00+00:00,5.1,5.1,a,1,0.7691,0.1338,0.11,0.2088,0.2287,0.3379,3.269,7.3
7,287,Millar,Hull,MID,Fulham,False,2026-10-17 14:00:00+00:00,5,0,u,0,0,0,0,0,0,0,0,0
7,288,Dowell,Hull,MID,Fulham,False,2026-10-17 14:00:00+00:00,4.5,0.3,a,1,0,0,0,0,0,0,0,0
7,289,Crooks,Hull,MID,Fulham,False,2026-10-17 14:00:00+00:00,4.4,0.5,a,1,0.3681,0.02522,0.03947,0.09992,0.04693,0.07915,0.8386,0.3
7,290,Slater,Hull,MID,Fulham,False,2026-10-17 14:00:00+00:00,4.5,5.2,a,1,1,0.05746,0.156,0.2714,0.1756,0.1344,3.173,2.3
7,291,Matazo,Hull,MID,Fulham,False,2026-10-17 14:00:00+00:00,4.5,0,i,0,0,0,0,0,0,0,0,0
7,292,Ömür,Hull,MID,Fulham,False,2026-10-17 14:00:00+00:00,4.9,0,a,1,0,0,0,0,0,0,0,0
7,293,Kamara,Hull,MID,Fulham,False,2026-10-17 14:00:00+00:00,5,0,u,0,0,0,0,0,0,0,0,0
7,294,Zambrano,Hull,MID,Fulham,False,2026-10-17 14:00:00+00:00,4.5,0.1,a,1,0,0,0,0,0,0,0,0
7,295,McBurnie,Hull,FWD,Fulham,False,2026-10-17 14:00:00+00:00,5.5,1.9,a,1,1,0.2642,0.118,0.2714,0.4228,0.008801,3.174,2.3
7,296,Akintola,Hull,MID,Fulham,False,2026-10-17 14:00:00+00:00,5,0,u,0,0,0,0,0,0,0,0,0
7,297,Gyabi,Hull,MID,Fulham,False,2026-10-17 14:00:00+00:00,4.4,0,i,0,0,0,0,0,0,,,0
7,298,Destan,Hull,FWD,Fulham,False,2026-10-17 14:00:00+00:00,4.5,0.2,u,0,0,0,0,0,0,0,0,0
7,299,Burstow,Hull,FWD,Fulham,False,2026-10-17 14:00:00+00:00,4.5,0,u,0,0,0,0,0,0,0,0,0
7,340,Gelhardt,Hull,MID,Fulham,False,2026-10-17 14:00:00+00:00,5,0,a,1,0,0.002117,0.001768,0,0,,,0.3
7,556,Targett,Hull,DEF,Fulham,False,2026-10-17 14:00:00+00:00,4,1.6,d,1,0,0.0003103,0.0003441,0,0,,,0
7,563,Morita,Hull,MID,Fulham,False,2026-10-17 14:00:00+00:00,4.9,0,i,1,0,0.00825,0.008653,0,0.005806,0,0.2362,0
7,572,Tzolakis,Hull,GKP,Fulham,False,2026-10-17 14:00:00+00:00,4.7,12.8,a,1,1,0,0.00523,0.2714,0.2852,0,3.351,4.7
7,574,Hjertø-Dahl,Hull,MID,Fulham,False,2026-10-17 14:00:00+00:00,4.9,0.1,a,1,0,0.001815,0.00183,0,0,0,0.2087,0.3
7,576,Stroud,Hull,MID,Fulham,False,2026-10-17 14:00:00+00:00,5,0.1,a,1,0.3314,0.03394,0.03811,0.08995,0.04969,0.07125,1.389,1.3
7,585,Herrington,Hull,DEF,Fulham,False,2026-10-17 14:00:00+00:00,4,0.6,a,1,0.2745,0.01757,0.03299,0.07452,0.0641,0.111,1.746,1
7,586,Mendy,Hull,DEF,Fulham,False,2026-10-17 14:00:00+00:00,4.1,6.3,a,1,0.3314,0.05191,0.01958,0.08995,0.1053,0.3723,2.054,3
7,589,Gourna-Douath,Hull,MID,Fulham,False,2026-10-17 14:00:00+00:00,5,0,a,1,0.1941,0.0258,0.03114,0.05269,0.02986,0.05217,0.989,1
7,617,Cho,Hull,MID,Fulham,False,2026-10-17 14:00:00+00:00,5,0,a,1,0,0.05461,0.02498,0,0.0273,0,1.375,2.7
7,632,Ansah,Hull,FWD,Fulham,False,2026-10-17 14:00:00+00:00,5,0,i,0,0,0,0,0,0,0,0,0
7,637,Vaz,Hull,FWD,Fulham,False,2026-10-17 14:00:00+00:00,5,0.1,a,1,0,0.01825,0.008416,0,0.008248,0,0.829,0.7
7,638,Norton-Cuffy,Hull,DEF,Fulham,False,2026-10-17 14:00:00+00:00,4,0.2,d,1,0,0.007123,0.006012,0,0,0,0.2923,0.2
7,642,Thomas,Hull,MID,Fulham,False,2026-10-17 14:00:00+00:00,5.5,0,a,1,0.3925,0.04613,0.05168,0.1065,0.06197,0.1055,2.052,1.3
7,645,Mouzakitis,Hull,MID,Fulham,False,2026-10-17 14:00:00+00:00,5,0,a,1,0,0,0,0,0,0,0,0
7,350,A.Becker,Liverpool,GKP,Brentford,False,2026-10-17 14:00:00+00:00,5.5,4.1,a,1,0.8619,0,0.001855,0.1701,0.1793,0,2.466,8.3
7,351,Mamardashvili,Liverpool,GKP,Brentford,False,2026-10-17 14:00:00+00:00,4.9,0.1,a,1,0.1381,0,0.0007967,0.02724,0.04993,0,0.3776,0
7,352,Woodman,Liverpool,GKP,Brentford,False,2026-10-17 14:00:00+00:00,4,1,a,1,0,0,0,0,0,0,0,0
7,353,Pecsi,Liverpool,GKP,Brentford,False,2026-10-17 14:00:00+00:00,4,0,u,0,0,0,0,0,0,0,0,0
7,354,Jaros,Liverpool,GKP,Brentford,False,2026-10-17 14:00:00+00:00,4,0,i,0,0,0,0,0,0,0,0,0
7,355,Davies,Liverpool,GKP,Brentford,False,2026-10-17 14:00:00+00:00,4,0.2,a,1,0,0,0,0,0,0,0,0
7,356,Virgil,Liverpool,DEF,Brentford,False,2026-10-17 14:00:00+00:00,6.5,16.2,a,1,1,0.1032,0.01762,0.1973,0.2202,0.8747,3.879,7.3
7,357,Frimpong,Liverpool,DEF,Brentford,False,2026-10-17 14:00:00+00:00,5.3,1.8,a,1,0.2953,0.01345,0.07437,0.05826,0.09074,0.04778,1.245,0.3
7,358,Kerkez,Liverpool,DEF,Brentford,False,2026-10-17 14:00:00+00:00,5.3,2.2,a,1,0.7324,0.03646,0.05419,0.1445,0.1452,0.1036,2.227,4
7,359,Gomez,Liverpool,DEF,Brentford,False,2026-10-17 14:00:00+00:00,4.9,0,a,1,0.075,0.004971,0.005465,0.0148,0.01298,0.02206,0.2679,0
7,360,Bradley,Liverpool,DEF,Brentford,False,2026-10-17 14:00:00+00:00,5,0,i,0,0,0,0,0,0,0,0,0
7,361,Lucky,Liverpool,DEF,Brentford,False,2026-10-17 14:00:00+00:00,4,0.1,a,1,0,0,0,0,0,,,0
7,362,Jacquet,Liverpool,DEF,Brentford,False,2026-10-17 14:00:00+00:00,5,3.5,a,1,1,0.02658,0.04613,0.1973,0.1644,0.4522,2.971,6.7
7,363,Leoni,Liverpool,DEF,Brentford,False,2026-10-17 14:00:00+00:00,4,0,i,0,0,0,0,0,0,,,0
7,364,Tsimikas,Liverpool,DEF,Brentford,False,2026-10-17 14:00:00+00:00,4.9,0.1,a,1,0,0.008452,0.00777,0,0.006455,,,0.3
7,365,Ramsay,Liverpool,DEF,Brentford,False,2026-10-17 14:00:00+00:00,4,0.1,u,0,0,0,0,0,0,,,0
7,366,Wirtz,Liverpool,MID,Brentford,False,2026-10-17 14:00:00+00:00,7.3,5.7,a,1,0.7727,0.175,0.1448,0.1525,0.3013,0.07458,3.421,4
7,367,Gakpo,Liverpool,MID,Brentford,False,2026-10-17 14:00:00+00:00,7.2,12.4,d,1,0.8216,0.195,0.2039,0.1621,0.3548,0.1488,4.074,3.8
7,368,Szoboszlai,Liverpool,MID,Brentford,False,2026-10-17 14:00:00+00:00,7,32.8,a,1,1,0.1382,0.2802,0.1973,0.3363,0.5029,4.356,2.7
7,369,Ngumoha,Liverpool,MID,Brentford,False,2026-10-17 14:00:00+00:00,5.7,0.5,a,1,0.3333,0.056,0.07851,0.06577,0.1015,0.05513,1.709,0.3
7,370,Chiesa,Liverpool,MID,Brentford,False,2026-10-17 14:00:00+00:00,5.3,0,i,0,0,0,0,0,0,0,0,0
7,371,Gravenberch,Liverpool,MID,Brentford,False,2026-10-17 14:00:00+00:00,5.8,1.1,a,1,0.3333,0.02576,0.04168,0.06577,0.02803,0.1313,1.812,1
7,372,Mac Allister,Liverpool,MID,Brentford,False,2026-10-17 14:00:00+00:00,5.4,1.3,a,1,0.7155,0.08898,0.08311,0.1412,0.158,0.247,2.654,2.7
7,373,C.Jones,Liverpool,MID,Brentford,False,2026-10-17 14:00:00+00:00,5.5,0,u,0,0,0,0,0,0,0,0,0
7,374,Endo,Liverpool,MID,Brentford,False,2026-10-17 14:00:00+00:00,4.9,0.1,a,1,0,0,0,0,0,0,0,0
7,375,Nyoni,Liverpool,MID,Brentford,False,2026-10-17 14:00:00+00:00,4.9,0,a,1,0,0.01779,0.01182,0,0,,,0.7
7,376,Bajcetic,Liverpool,MID,Brentford,False,2026-10-17 14:00:00+00:00,5,0,u,0,0,0,0,0,0,,,0
7,377,Munoz,Liverpool,MID,Brentford,False,2026-10-17 14:00:00+00:00,6.5,0.9,a,1,0.3574,0.08987,0.07097,0.07051,0.1229,0.07683,2.127,1.7
7,378,McConnell,Liverpool,MID,Brentford,False,2026-10-17 14:00:00+00:00,4.4,0.2,a,1,0,0,0,0,0,,,0
7,379,Isak,Liverpool,FWD,Brentford,False,2026-10-17 14:00:00+00:00,9.1,22.4,d,1,0.7727,0.3564,0.06234,0.1525,0.5265,0.004534,3.54,5.8
7,380,Ekitiké,Liverpool,FWD,Brentford,False,2026-10-17 14:00:00+00:00,7.4,0.1,i,0,0,0,0,0,0,0,0,0
7,381,Koumas,Liverpool,MID,Brentford,False,2026-10-17 14:00:00+00:00,5,0,a,1,0,0.009202,0.007214,0,0,0,0.6736,0.7
7,382,Danns,Liverpool,FWD,Brentford,False,2026-10-17 14:00:00+00:00,4.5,0.2,a,1,0,0,0,0,0,,,0
7,383,Elliott,Liverpool,MID,Brentford,False,2026-10-17 14:00:00+00:00,5.4,0,u,0,0,0,0,0,0,,,0
7,579,Araujo,Liverpool,DEF,Brentford,False,2026-10-17 14:00:00+00:00,5.4,3,a,1,0.6995,0.02687,0.03447,0.138,0.1174,0.4218,2.49,7
7,627,Barcola,Liverpool,MID,Brentford,False,2026-10-17 14:00:00+00:00,8,1.9,a,1,0.7225,0.1135,0.09205,0.1425,0.1931,0.1553,3.057,2.3
7,82,Kelleher,Brentford,GKP,Liverpool,True,2026-10-17 14:00:00+00:00,5,6.1,a,1,1,0,0.003993,0.2036,0.4079,0,3.792,3.7
7,83,Valdimarsson,Brentford,GKP,Liverpool,True,2026-10-17 14:00:00+00:00,4.5,0.1,a,1,0,0,0,0,0,0,0,0
7,84,Collins,Brentford,DEF,Liverpool,True,2026-10-17 14:00:00+00:00,5.4,1,i,0,0,0,0,0,0,0,0,0
7,85,Van den Berg,Brentford,DEF,Liverpool,True,2026-10-17 14:00:00+00:00,4.9,0.1,i,0,0,0,0,0,0,0,0,0
7,86,Lewis-Potter,Brentford,MID,Liverpool,True,2026-10-17 14:00:00+00:00,5.5,1.7,a,1,0.8216,0.142,0.1466,0.1673,0.2623,0.05047,3.451,2
7,87,Ajer,Brentford,DEF,Liverpool,True,2026-10-17 14:00:00+00:00,4.5,3.9,a,1,0.9108,0.03456,0.04337,0.1854,0.1644,0.7608,3.134,3.3
7,88,Kayode,Brentford,DEF,Liverpool,True,2026-10-17 14:00:00+00:00,4.6,7.6,a,1,0.6716,0.0429,0.06323,0.1367,0.1527,0.1266,2.475,2.7
7,89,Henry,Brentford,DEF,Liverpool,True,2026-10-17 14:00:00+00:00,4.4,0.2,a,1,0,7.199e-05,0.0001229,0,0,0,0.1254,0
7,90,Hickey,Brentford,DEF,Liverpool,True,2026-10-17 14:00:00+00:00,4.5,0.1,a,1,0.2415,0.02046,0.02333,0.04915,0.04646,0.08428,1.49,1
7,92,Ji-soo,Brentford,DEF,Liverpool,True,2026-10-17 14:00:00+00:00,4.4,0,a,1,0,0,0,0,0,,,0
7,93,Schuster,Brentford,DEF,Liverpool,True,2026-10-17 14:00:00+00:00,4.5,0.3,a,1,0.6995,0.0369,0.1488,0.1424,0.2186,0.8881,3.374,7
7,94,Schade,Brentford,MID,Liverpool,True,2026-10-17 14:00:00+00:00,6.2,11.5,a,1,0.925,0.2812,0.1268,0.1883,0.4331,0.04324,4.376,8.7
7,95,O.Dango,Brentford,MID,Liverpool,True,2026-10-17 14:00:00+00:00,6.3,0.5,a,1,0.2703,0.1076,0.1164,0.05502,0.1588,0.05194,2.423,1
7,96,Damsgaard,Brentford,MID,Liverpool,True,2026-10-17 14:00:00+00:00,5.4,0.4,a,1,0.6264,0.06584,0.1877,0.1275,0.1714,0.2607,3.078,4
7,97,Jensen,Brentford,MID,Liverpool,True,2026-10-17 14:00:00+00:00,5.4,0.1,i,1,0.3333,0.01848,0.06748,0.06786,0.06575,0.09951,1.195,0
7,98,Janelt,Brentford,MID,Liverpool,True,2026-10-17 14:00:00+00:00,5,2.5,a,1,0.9369,0.08265,0.1595,0.1907,0.205,0.8508,3.604,6
7,99,Milambo,Brentford,MID,Liverpool,True,2026-10-17 14:00:00+00:00,5,0,i,0,0,0,0,0,0,,,0
7,100,Carvalho,Brentford,MID,Liverpool,True,2026-10-17 14:00:00+00:00,5,0,a,1,0,0.002885,0.001068,0,0,0,0.2298,2
7,102,Yarmoliuk,Brentford,MID,Liverpool,True,2026-10-17 14:00:00+00:00,4.8,0.6,a,1,0.3502,0.02789,0.04387,0.07129,0.03767,0.2286,1.72,2.3
7,103,Dasilva,Brentford,MID,Liverpool,True,2026-10-17 14:00:00+00:00,4.9,0,i,1,0,0.0001467,0.0001319,0,0,,,0
7,105,Anthony,Brentford,MID,Liverpool,True,2026-10-17 14:00:00+00:00,5.9,0.1,a,1,0.5655,0.1865,0.1753,0.1151,0.309,0.05868,3.381,4
7,106,Thiago,Brentford,FWD,Liverpool,True,2026-10-17 14:00:00+00:00,7.8,9.1,a,1,1,0.5318,0.09389,0.2036,0.7848,0.04039,4.844,2.7
7,107,Furo,Brentford,FWD,Liverpool,True,2026-10-17 14:00:00+00:00,4.5,0.9,i,0,0,0,0,0,0,,,0
7,108,Wilson,Brentford,FWD,Liverpool,True,2026-10-17 14:00:00+00:00,5.4,0.3,a,1,0.075,0.08496,0.02443,0.01527,0.1116,0.0007544,1.21,0.3
7,565,M.Sangaré,Brentford,MID,Liverpool,True,2026-10-17 14:00:00+00:00,5.6,9.9,a,1,0.5314,0.07113,0.1237,0.1082,0.1395,0.6266,2.664,1.3
7,620,Diouf,Brentford,DEF,Liverpool,True,2026-10-17 14:00:00+00:00,4.5,0.1,a,1,0.3333,0.01195,0.06183,0.06786,0.08256,0.104,1.46,0.7
7,657,Nunes,Brentford,MID,Liverpool,True,2026-10-17 14:00:00+00:00,4.5,0,a,1,0,0,0,0,0,,,0
7,660,Fredrick,Brentford,DEF,Liverpool,True,2026-10-17 14:00:00+00:00,4,0,a,1,0,0,0,0,0,,,1.1
7,661,Balcombe,Brentford,GKP,Liverpool,True,2026-10-17 14:00:00+00:00,4,0,a,1,0,0,0,0,0,0,0,1
7,250,Leno,Fulham,GKP,Hull,True,2026-10-17 14:00:00+00:00,4.5,3.4,a,1,1,0,0.001792,0.3334,0.2488,0,3.707,4.3
7,251,Lecomte,Fulham,GKP,Hull,True,2026-10-17 14:00:00+00:00,4,1.1,a,1,0,0,0,0,0,0,0,0
7,252,McNally,Fulham,GKP,Hull,True,2026-10-17 14:00:00+00:00,4,0.1,u,0,0,0,0,0,0,0,0,0
7,253,Andersen,Fulham,DEF,Hull,True,2026-10-17 14:00:00+00:00,5,0.2,a,1,0.2761,0.01528,0.01225,0.09208,0.06851,0.2912,1.448,0.7
7,254,Robinson,Fulham,DEF,Hull,True,2026-10-17 14:00:00+00:00,4.5,1.5,a,1,1,0.0607,0.07902,0.3334,0.3025,0.3511,4.12,3
7,255,J.Cuenca,Fulham,DEF,Hull,True,2026-10-17 14:00:00+00:00,4.5,0,a,1,0.1061,0.00279,0.01108,0.03537,0.02819,0.1251,0.5209,0
7,256,Tete,Fulham,DEF,Hull,True,2026-10-17 14:00:00+00:00,4.4,0.2,a,1,0,0.002222,0.003358,0,0.0002222,0,0.006135,0
7,257,Bassey,Fulham,DEF,Hull,True,2026-10-17 14:00:00+00:00,4.5,0.7,a,1,1,0.03773,0.02541,0.3334,0.2416,0.4372,3.882,4.3
7,258,Castagne,Fulham,DEF,Hull,True,2026-10-17 14:00:00+00:00,4.5,0.9,a,1,1,0.07483,0.09503,0.3334,0.3279,0.2067,3.982,2.7
7,261,Iwobi,Fulham,MID,Hull,True,2026-10-17 14:00:00+00:00,5.4,0.7,a,1,0.9369,0.08026,0.1619,0.3124,0.2027,0.08837,3.364,3.3
7,262,Smith Rowe,Fulham,MID,Hull,True,2026-10-17 14:00:00+00:00,5.3,0.2,a,1,0.1642,0.03732,0.02321,0.05475,0.0349,0.01412,1.206,0.7
7,263,Kevin,Fulham,MID,Hull,True,2026-10-17 14:00:00+00:00,5.3,0,a,1,0,0.02509,0.02777,0,3.975e-05,0,1.059,0.7
7,264,Bobb,Fulham,MID,Hull,True,2026-10-17 14:00:00+00:00,5.5,0.3,a,1,0.9369,0.07056,0.1375,0.3124,0.1759,0.07748,3.268,2.7
7,265,Berge,Fulham,MID,Hull,True,2026-10-17 14:00:00+00:00,4.9,0.3,a,1,0.7119,0.03588,0.06887,0.2374,0.08579,0.184,2.542,2.3
7,266,Cairney,Fulham,MID,Hull,True,2026-10-17 14:00:00+00:00,4.9,0,i,1,0.06307,0.01025,0.0115,0.02103,0.01528,0.01043,0.3478,0
7,268,King,Fulham,MID,Hull,True,2026-10-17 14:00:00+00:00,5.5,2.6,a,1,0.7727,0.1719,0.09192,0.2577,0.2658,0.05729,3.214,5
7,269,Sessegnon,Fulham,DEF,Hull,True,2026-10-17 14:00:00+00:00,4.3,0.3,a,1,0,0.006738,0.007849,0,0.002905,0,0.4265,0.3
7,270,Reed,Fulham,MID,Hull,True,2026-10-17 14:00:00+00:00,4.4,1.1,a,1,0,0,0,0,0,0,0,0
7,271,Muniz,Fulham,FWD,Hull,True,2026-10-17 14:00:00+00:00,5.4,0.4,a,1,0.2273,0.08389,0.02803,0.07578,0.1124,0.002133,1.36,0.7
7,272,Kusi-Asare,Fulham,FWD,Hull,True,2026-10-17 14:00:00+00:00,4.5,5.4,a,1,0,0.001322,0.0006042,0,0.0003097,,,0
7,569,Gonzalo,Fulham,FWD,Hull,True,2026-10-17 14:00:00+00:00,6,4,a,1,1,0.3398,0.1095,0.3334,0.5262,0.008801,4.223,2
7,570,Palacios,Fulham,MID,Hull,True,2026-10-17 14:00:00+00:00,5.4,0.2,a,1,0.4946,0.09432,0.03763,0.1649,0.1341,0.08862,2.073,3
7,580,Charles,Fulham,MID,Hull,True,2026-10-17 14:00:00+00:00,5,0.1,a,1,0.6995,0.04535,0.06246,0.2332,0.09014,0.5917,3.029,3.7
7,610,De Fougerolles,Fulham,DEF,Hull,True,2026-10-17 14:00:00+00:00,4,0.1,u,0,0,0,0,0,0,0,0,0
7,626,Zepa,Fulham,MID,Hull,True,2026-10-17 14:00:00+00:00,4.4,0.3,a,1,0,0,0,0,0,0,0,0
7,635,Larsson,Fulham,MID,Hull,True,2026-10-17 14:00:00+00:00,5,0,a,1,0,0.01861,0.01576,0,0,0,1.14,1
7,636,Ángel,Fulham,MID,Hull,True,2026-10-17 14:00:00+00:00,5,0,a,1,0,0,0,0,0,0,0,0
7,650,Affengruber,Fulham,DEF,Hull,True,2026-10-17 14:00:00+00:00,4.5,0.1,a,1,0.7225,0.02796,0.03835,0.2409,0.1895,0.8118,3.456,4
7,405,N.Gonzalez,Newcastle United,MID,Aston Villa,True,2026-10-17 16:30:00+00:00,5.5,0.2,a,1,0.3653,0.01854,0.02617,0.08544,0.03772,0.2185,1.296,1
7,442,Pope,Newcastle United,GKP,Aston Villa,True,2026-10-17 16:30:00+00:00,4.9,0.9,a,1,0.2273,0.0872,0.0592,0.05315,0.3447,0,1.721,0
7,443,Gillespie,Newcastle United,GKP,Aston Villa,True,2026-10-17 16:30:00+00:00,4.5,0,a,1,0,0,0,0,0,0,0,0
7,444,Jaouen,Newcastle United,GKP,Aston Villa,True,2026-10-17 16:30:00+00:00,4.4,0,d,1,0,0,0,0,0,0,0,0
7,445,Thiaw,Newcastle United,DEF,Aston Villa,True,2026-10-17 16:30:00+00:00,5,2.2,a,1,1,0.1493,0.03935,0.2339,0.3032,0.8174,4.58,1.7
7,446,Schär,Newcastle United,DEF,Aston Villa,True,2026-10-17 16:30:00+00:00,4.9,0.2,a,1,0,0.004443,0.00321,0,0,0,0.3262,0.3
7,447,Botman,Newcastle United,DEF,Aston Villa,True,2026-10-17 16:30:00+00:00,5,0.7,a,1,1,0.07228,0.08446,0.2339,0.2588,1.034,4.299,2.3
7,448,Burn,Newcastle United,DEF,Aston Villa,True,2026-10-17 16:30:00+00:00,4.8,0.7,i,1,0.1523,0.0102,0.007441,0.03561,0.03291,0.1179,0.6789,0
7,449,Hall,Newcastle United,DEF,Aston Villa,True,2026-10-17 16:30:00+00:00,5.3,17.3,a,1,1,0.06865,0.1661,0.2339,0.3132,0.6471,4.242,5.7
7,450,Livramento,Newcastle United,DEF,Aston Villa,True,2026-10-17 16:30:00+00:00,4.9,0.1,d,1,0,0.002282,0.004814,0,0,0,0.1462,1
7,451,A.Murphy,Newcastle United,DEF,Aston Villa,True,2026-10-17 16:30:00+00:00,4,0.1,u,0,0,0,0,0,0,,,0
7,453,Barnes,Newcastle United,MID,Aston Villa,True,2026-10-17 16:30:00+00:00,6.1,5.7,a,1,0.8477,0.2933,0.1661,0.1982,0.4593,0.05361,4.524,7.7
7,454,Elanga,Newcastle United,MID,Aston Villa,True,2026-10-17 16:30:00+00:00,6.1,4.5,i,0,0,0,0,0,0,0,0,0
7,456,J.Ramsey,Newcastle United,MID,Aston Villa,True,2026-10-17 16:30:00+00:00,4.9,0.2,i,0,0,0,0,0,0,0,0,0
7,457,J.Murphy,Newcastle United,MID,Aston Villa,True,2026-10-17 16:30:00+00:00,5.9,0.1,a,1,0.2752,0.07004,0.1454,0.06436,0.1264,0.02367,1.779,0.7
7,458,Joelinton,Newcastle United,MID,Aston Villa,True,2026-10-17 16:30:00+00:00,5.4,0,i,0,0,0,0,0,0,0,0,0
7,459,L.Miley,Newcastle United,MID,Aston Villa,True,2026-10-17 16:30:00+00:00,5.5,0.1,a,1,0.7727,0.05422,0.1093,0.1807,0.1434,0.5023,2.865,2
7,460,Willock,Newcastle United,MID,Aston Villa,True,2026-10-17 16:30:00+00:00,5,0.6,a,1,0.5775,0.1385,0.1666,0.135,0.2494,0.06208,3.153,4.3
7,461,Touré,Newcastle United,MID,Aston Villa,True,2026-10-17 16:30:00+00:00,5.8,0.1,a,1,0,0.02569,0.02211,0,0.007485,0,0.8709,2.3
7,462,Steur,Newcastle United,MID,Aston Villa,True,2026-10-17 16:30:00+00:00,4.9,0.1,a,1,0.5054,0.1183,0.07177,0.1182,0.1703,0.1087,2.709,2
7,463,Woltemade,Newcastle United,FWD,Aston Villa,True,2026-10-17 16:30:00+00:00,5.9,0.5,u,0,0,0,0,0,0,0,0,0
7,464,Wissa,Newcastle United,FWD,Aston Villa,True,2026-10-17 16:30:00+00:00,6.2,18.7,a,1,0.7727,0.4342,0.1313,0.1807,0.6489,0.00544,4.212,1
7,465,Osula,Newcastle United,FWD,Aston Villa,True,2026-10-17 16:30:00+00:00,5.8,0.3,i,0,0,0,0,0,0,0,0,0
7,466,Neave,Newcastle United,FWD,Aston Villa,True,2026-10-17 16:30:00+00:00,4.5,0.5,u,0,0,0,0,0,0,,,0
7,559,Bamba,Newcastle United,MID,Aston Villa,True,2026-10-17 16:30:00+00:00,4.9,0.1,a,1,0,0.009149,0.009338,0,0,0,0.7164,0.7
7,567,Horníček,Newcastle United,GKP,Aston Villa,True,2026-10-17 16:30:00+00:00,5,1.5,a,1,1,0,0.007996,0.2339,0.3381,0,3.538,2
7,593,Dedić,Newcastle United,DEF,Aston Villa,True,2026-10-17 16:30:00+00:00,4.5,1.8,i,0,0,0,0,0,0,0,0,0
7,609,Shahar,Newcastle United,DEF,Aston Villa,True,2026-10-17 16:30:00+00:00,4,0.2,u,0,0,0,0,0,0,,,0
7,634,Fernandez-Pardo,Newcastle United,FWD,Aston Villa,True,2026-10-17 16:30:00+00:00,6,0.1,a,1,0.3925,0.1697,0.07876,0.09178,0.2495,0.006908,2.564,1.3
7,659,Miley,Newcastle United,MID,Aston Villa,True,2026-10-17 16:30:00+00:00,4.5,0,a,1,0,0,0,0,0,0,0,0
7,663,Pivas,Newcastle United,DEF,Aston Villa,True,2026-10-17 16:30:00+00:00,4,0,a,1,0,0,0,0,0,,,1.1
7,664,Salia,Newcastle United,FWD,Aston Villa,True,2026-10-17 16:30:00+00:00,4.5,0.1,a,1,0,0,0,0,0,0,0,1
7,665,Mills,Newcastle United,MID,Aston Villa,True,2026-10-17 16:30:00+00:00,4.5,0,a,1,0,0,0,0,0,0,0,1.1
7,666,Thompson,Newcastle United,MID,Aston Villa,True,2026-10-17 16:30:00+00:00,4.5,0,a,1,0,0,0,0,0,0,0,1.1
7,29,M.Bizot,Aston Villa,GKP,Newcastle United,False,2026-10-17 16:30:00+00:00,4.5,0.1,i,1,0.1953,0,0.001214,0.03227,0.04217,0,0.4614,0
7,30,Digne,Aston Villa,DEF,Newcastle United,False,2026-10-17 16:30:00+00:00,4.5,0,u,0,0,0,0,0,0,0,0,0
7,32,Cash,Aston Villa,DEF,Newcastle United,False,2026-10-17 16:30:00+00:00,4.4,4.8,a,1,0.5203,0.02324,0.0569,0.08599,0.101,0.06054,1.347,1.7
7,33,Mings,Aston Villa,DEF,Newcastle United,False,2026-10-17 16:30:00+00:00,4.5,0.4,a,1,0.6928,0.06358,0.03241,0.1145,0.1433,0.406,2.301,3
7,34,Pau,Aston Villa,DEF,Newcastle United,False,2026-10-17 16:30:00+00:00,4.4,0.3,i,1,0.3072,0.02887,0.007413,0.05078,0.05387,0.07939,1.183,0
7,35,Bogarde,Aston Villa,MID,Newcastle United,False,2026-10-17 16:30:00+00:00,4.9,0.1,a,1,0.08919,0.004502,0.006025,0.01474,0.002696,0.01199,0.4175,0
7,36,Maatsen,Aston Villa,DEF,Newcastle United,False,2026-10-17 16:30:00+00:00,4.4,0.5,i,0,0,0,0,0,0,0,0,0
7,37,Lindelöf,Aston Villa,DEF,Newcastle United,False,2026-10-17 16:30:00+00:00,4.5,0.3,a,1,0.925,0.05919,0.0514,0.1529,0.1732,0.1151,2.722,2.7
7,38,A.García,Aston Villa,DEF,Newcastle United,False,2026-10-17 16:30:00+00:00,4,1.5,a,1,0,0.002304,0.002884,0,0.002152,,,0
7,39,Nedeljkovic,Aston Villa,DEF,Newcastle United,False,2026-10-17 16:30:00+00:00,4,0.1,u,0,0,0,0,0,0,0,0,0
7,41,Buendía,Aston Villa,MID,Newcastle United,False,2026-10-17 16:30:00+00:00,5.9,1,a,1,0.9369,0.1464,0.1597,0.1549,0.2848,0.3672,3.955,5.7
7,44,Bailey,Aston Villa,MID,Newcastle United,False,2026-10-17 16:30:00+00:00,5.4,0.1,u,0,0,0,0,0,0,0,0,0
7,45,McGinn,Aston Villa,MID,Newcastle United,False,2026-10-17 16:30:00+00:00,5.4,2.2,a,1,0.9108,0.1042,0.1815,0.1505,0.2409,0.09219,3.153,5
7,46,Barkley,Aston Villa,MID,Newcastle United,False,2026-10-17 16:30:00+00:00,5,0.3,a,1,0.7129,0.1014,0.1305,0.1178,0.1962,0.1409,3.066,2
7,47,Kamara,Aston Villa,MID,Newcastle United,False,2026-10-17 16:30:00+00:00,5,0.3,a,1,0.7727,0.05281,0.09815,0.1277,0.138,0.1968,2.566,3.7
7,48,Onana,Aston Villa,MID,Newcastle United,False,2026-10-17 16:30:00+00:00,4.9,0,i,0,0,0,0,0,0,0,0,0
7,49,Iling Jr,Aston Villa,MID,Newcastle United,False,2026-10-17 16:30:00+00:00,5,0,u,0,0,0,0,0,0,,,0
7,50,Burrowes,Aston Villa,MID,Newcastle United,False,2026-10-17 16:30:00+00:00,4.5,0.6,a,1,0,0,0,0,0,,,0
7,51,George Hemmings,Aston Villa,MID,Newcastle United,False,2026-10-17 16:30:00+00:00,4.5,1.2,a,1,0.3822,0.0634,0.08385,0.06317,0.1107,,,1.7
7,52,Alysson,Aston Villa,MID,Newcastle United,False,2026-10-17 16:30:00+00:00,5,0,d,1,0,0.0284,0.01852,0,0.01471,,,1.7
7,53,Manzambi,Aston Villa,MID,Newcastle United,False,2026-10-17 16:30:00+00:00,5.9,0.4,a,1,0.2745,0.08605,0.05761,0.04537,0.1307,0.07378,1.633,4.7
7,54,Gomes,Aston Villa,MID,Newcastle United,False,2026-10-17 16:30:00+00:00,5.5,0,a,1,0.3502,0.02754,0.03775,0.05788,0.05831,0.3246,1.498,1.3
7,55,Watkins,Aston Villa,FWD,Newcastle United,False,2026-10-17 16:30:00+00:00,7.8,2.5,u,0,0,0,0,0,0,0,0,0
7,56,Abraham,Aston Villa,FWD,Newcastle United,False,2026-10-17 16:30:00+00:00,5.5,0.2,a,1,0,0.05509,0.01259,0,0.06177,0,0.9866,1
7,160,Garnacho,Aston Villa,MID,Newcastle United,False,2026-10-17 16:30:00+00:00,5.8,0.3,a,1,0,0.008872,0.0101,0,0,0,0.5319,0.3
7,166,N.Jackson,Aston Villa,FWD,Newcastle United,False,2026-10-17 16:30:00+00:00,6.5,1.5,a,1,0.4883,0.1554,0.08555,0.0807,0.2447,,,2.7
7,582,Madjo,Aston Villa,FWD,Newcastle United,False,2026-10-17 16:30:00+00:00,5.4,0.2,i,0,0,0,0,0,0,0,0,0
7,596,Ruggeri,Aston Villa,DEF,Newcastle United,False,2026-10-17 16:30:00+00:00,4.5,0.1,a,1,0.2745,0.01694,0.01894,0.04537,0.04583,0.2483,1.305,1.3
7,597,Suzuki,Aston Villa,GKP,Newcastle United,False,2026-10-17 16:30:00+00:00,5,1.9,a,1,0.8627,0,0.005897,0.1426,0.3944,0,3.229,4.7
7,606,Rowe,Aston Villa,DEF,Newcastle United,False,2026-10-17 16:30:00+00:00,4,0.2,a,1,0,0,0,0,0,,,0
7,607,Lynch,Aston Villa,MID,Newcastle United,False,2026-10-17 16:30:00+00:00,4.5,0.1,u,0,0,0,0,0,0,0,0,0
7,611,Wan-Bissaka,Aston Villa,DEF,Newcastle United,False,2026-10-17 16:30:00+00:00,4.5,0.2,a,1,0.3426,0.006223,0.0411,0.05662,0.05142,0.2568,1.627,1.7
7,618,Goretzka,Aston Villa,MID,Newcastle United,False,2026-10-17 16:30:00+00:00,5.9,0,i,1,0,0,0,0,0,0,0,0
7,630,Harwood-Bellis,Aston Villa,DEF,Newcastle United,False,2026-10-17 16:30:00+00:00,4.5,0,a,1,0,0,0,0,0,0,0,0
7,631,Mbaye,Aston Villa,MID,Newcastle United,False,2026-10-17 16:30:00+00:00,6,0.1,a,1,0,0.01746,0.01918,0,0,0,0.8673,0.7
7,667,Wright,Aston Villa,GKP,Newcastle United,False,2026-10-17 16:30:00+00:00,4,0.1,a,1,0,0,0,0,0,0,0,1
7,43,Tielemans,Manchester United,MID,Leeds,False,2026-10-18 13:00:00+00:00,5.8,1.5,a,1,0.9108,0.05715,0.09766,0.1924,0.1419,0.358,3.182,2.7
7,131,Baleba,Manchester United,MID,Leeds,False,2026-10-18 13:00:00+00:00,4.9,0.1,a,1,0.1381,0.007332,0.01122,0.02916,0.01426,0.06673,0.5458,0
7,162,Andrey Santos,Manchester United,MID,Leeds,False,2026-10-18 13:00:00+00:00,4.8,0.6,a,1,0.2441,0.02539,0.01443,0.05157,0.03181,0.07903,1.097,0.3
7,325,Darlow,Manchester United,GKP,Leeds,False,2026-10-18 13:00:00+00:00,4.5,0,d,1,0.2273,0,0.0006507,0.048,0.1088,0,0.7352,0
7,412,Lammens,Manchester United,GKP,Leeds,False,2026-10-18 13:00:00+00:00,4.9,9.9,a,1,1,0,0.001458,0.2112,0.2906,0,3.408,2.7
7,413,Bayindir,Manchester United,GKP,Leeds,False,2026-10-18 13:00:00+00:00,4.5,0,u,0,0,0,0,0,0,0,0,0
7,414,Heaton,Manchester United,GKP,Leeds,False,2026-10-18 13:00:00+00:00,4,0.1,i,0,0,0,0,0,0,0,0,0
7,415,Dorgu,Manchester United,MID,Leeds,False,2026-10-18 13:00:00+00:00,5.8,0.5,d,1,0.2676,0.07596,0.0624,0.05652,0.09396,0.09913,1.978,2.2
7,416,De Ligt,Manchester United,DEF,Leeds,False,2026-10-18 13:00:00+00:00,5,0,i,0,0,0,0,0,0,0,0,0
7,417,Dalot,Manchester United,DEF,Leeds,False,2026-10-18 13:00:00+00:00,4.9,1.6,a,1,0.7417,0.0368,0.07132,0.1567,0.1688,0.1631,2.446,1.7
7,418,Maguire,Manchester United,DEF,Leeds,False,2026-10-18 13:00:00+00:00,4.8,8.6,a,1,1,0.03626,0.05604,0.2112,0.1893,0.6639,3.217,1.7
7,419,Martinez,Manchester United,DEF,Leeds,False,2026-10-18 13:00:00+00:00,5,1.3,a,1,0.8939,0.01899,0.02553,0.1888,0.1385,0.5238,2.915,1.7
7,420,Yoro,Manchester United,DEF,Leeds,False,2026-10-18 13:00:00+00:00,4.8,0.5,a,1,0,0.002429,0.001338,0,0,0,0.3579,0.3
7,421,Heaven,Manchester United,DEF,Leeds,False,2026-10-18 13:00:00+00:00,4.3,0.3,a,1,0.1061,0.003747,0.003766,0.0224,0.01844,0.078,0.3748,0
7,422,Mazraoui,Manchester United,DEF,Leeds,False,2026-10-18 13:00:00+00:00,4.4,0.5,a,1,0.2583,0.008203,0.01098,0.05457,0.0385,0.07515,1.07,0.3
7,423,Shaw,Manchester United,DEF,Leeds,False,2026-10-18 13:00:00+00:00,4.3,7.7,a,1,0.8216,0.01289,0.04278,0.1735,0.1365,0.2132,2.253,2
7,424,Amass,Manchester United,DEF,Leeds,False,2026-10-18 13:00:00+00:00,4,0.2,a,1,0,0,0,0,0,,,0
7,425,Fredricson,Manchester United,DEF,Leeds,False,2026-10-18 13:00:00+00:00,4,0,u,0,0,0,0,0,0,,,0
7,426,B.Fernandes,Manchester United,MID,Leeds,False,2026-10-18 13:00:00+00:00,11.9,38.5,a,1,1,0.2419,0.3827,0.2112,0.512,0.243,5.324,2
7,427,Mbeumo,Manchester United,MID,Leeds,False,2026-10-18 13:00:00+00:00,7.9,20.6,a,1,0.9369,0.2742,0.1453,0.1979,0.434,0.04286,4.293,4
7,428,Cunha,Manchester United,MID,Leeds,False,2026-10-18 13:00:00+00:00,7.9,5.8,a,1,0.9108,0.1242,0.146,0.1924,0.252,0.08591,3.348,5
7,429,Rashford,Manchester United,MID,Leeds,False,2026-10-18 13:00:00+00:00,7,1.5,d,1,0.6667,0.1104,0.07175,0.1408,0.1863,,,1.7
7,430,Mount,Manchester United,MID,Leeds,False,2026-10-18 13:00:00+00:00,5.4,0,a,1,0.1523,0.01703,0.0177,0.03216,0.01949,0.05853,0.777,0.3
7,431,Amad,Manchester United,MID,Leeds,False,2026-10-18 13:00:00+00:00,5.7,0.3,i,0,0,0,0,0,0,0,0,0
7,432,Mainoo,Manchester United,MID,Leeds,False,2026-10-18 13:00:00+00:00,5.5,1.6,d,1,0.8939,0.03362,0.05889,0.1888,0.09314,0.8984,3.33,4.3
7,433,Ugarte,Manchester United,MID,Leeds,False,2026-10-18 13:00:00+00:00,5,0,i,0,0,0,0,0,0,0,0,0
7,434,J.Fletcher,Manchester United,MID,Leeds,False,2026-10-18 13:00:00+00:00,4.9,0,a,1,0,0,0,0,0,,,0
7,435,Lacey,Manchester United,MID,Leeds,False,2026-10-18 13:00:00+00:00,4.9,0.1,a,1,0,0.004998,0.004558,0,0,,,0
7,436,Collyer,Manchester United,MID,Leeds,False,2026-10-18 13:00:00+00:00,5,0,u,0,0,0,0,0,0,,,0
7,437,Bendito Mantato,Manchester United,MID,Leeds,False,2026-10-18 13:00:00+00:00,4.4,0.2,a,1,0,0,0,0,0,,,0
7,438,Fletcher,Manchester United,MID,Leeds,False,2026-10-18 13:00:00+00:00,4.4,0.3,a,1,0,0.001981,0.001998,0,0,,,0
7,439,Šeško,Manchester United,FWD,Leeds,False,2026-10-18 13:00:00+00:00,7,1.6,d,1,0,0.06016,0.007053,0,0.07012,0,0.8925,1.5
7,440,Zirkzee,Manchester United,FWD,Leeds,False,2026-10-18 13:00:00+00:00,5.3,0.4,a,1,0.06307,0.03868,0.0179,0.01332,0.04506,0.0008881,0.8721,0.7
7,441,Obi,Manchester United,FWD,Leeds,False,2026-10-18 13:00:00+00:00,4.5,0.9,u,0,0,0,0,0,0,,,0
7,57,Petrović,Bournemouth,GKP,Sunderland,True,2026-10-18 13:00:00+00:00,4.5,3,a,1,1,0,0.002068,0.339,0.1497,0,3.402,1.3
7,58,Forster,Bournemouth,GKP,Sunderland,True,2026-10-18 13:00:00+00:00,4,3.5,a,1,0,0,0,0,0,0,0,0
7,59,Dennis,Bournemouth,GKP,Sunderland,True,2026-10-18 13:00:00+00:00,4,0.1,u,0,0,0,0,0,0,0,0,0
7,60,Hill,Bournemouth,DEF,Sunderland,True,2026-10-18 13:00:00+00:00,5.5,0.8,a,1,1,0.03662,0.109,0.339,0.3032,1.109,4.652,2.3
7,61,Truffert,Bournemouth,DEF,Sunderland,True,2026-10-18 13:00:00+00:00,5.4,3,a,1,1,0.05875,0.1534,0.339,0.3567,0.5784,4.559,1.7
7,62,Diakité,Bournemouth,DEF,Sunderland,True,2026-10-18 13:00:00+00:00,4.9,0.2,a,1,0,0,0,0,0,0,0,0
7,63,Milosavljević,Bournemouth,DEF,Sunderland,True,2026-10-18 13:00:00+00:00,4.9,0,i,0,0,0,0,0,0,0,0,0
7,64,Smith,Bournemouth,DEF,Sunderland,True,2026-10-18 13:00:00+00:00,4.5,0.1,a,1,1,0.01601,0.04947,0.339,0.2404,0.1199,3.199,0.7
7,65,J.Araujo,Bournemouth,DEF,Sunderland,True,2026-10-18 13:00:00+00:00,4.4,0,i,0,0,0,0,0,0,,,0
7,66,Soler,Bournemouth,DEF,Sunderland,True,2026-10-18 13:00:00+00:00,4,0.3,a,1,0,0,0,0,0,,,0
7,67,Rayan,Bournemouth,MID,Sunderland,True,2026-10-18 13:00:00+00:00,6.3,1.6,a,1,1,0.2267,0.2093,0.339,0.4071,0.07414,4.582,2
7,68,Tavernier,Bournemouth,MID,Sunderland,True,2026-10-18 13:00:00+00:00,6.1,6.8,a,1,1,0.2791,0.2832,0.339,0.5067,0.1734,4.897,6.7
7,69,Scott,Bournemouth,MID,Sunderland,True,2026-10-18 13:00:00+00:00,6.1,5.8,a,1,0.9108,0.1051,0.1297,0.3087,0.2171,0.7463,3.819,5.3
7,70,Kluivert,Bournemouth,MID,Sunderland,True,2026-10-18 13:00:00+00:00,6,0.9,i,0,0,0,0,0,0,0,0,0
7,71,Cook,Bournemouth,MID,Sunderland,True,2026-10-18 13:00:00+00:00,5,0.2,a,1,0.2322,0.012,0.02312,0.07871,0,0.2083,1.407,0.7
7,72,Gannon-Doak,Bournemouth,MID,Sunderland,True,2026-10-18 13:00:00+00:00,4.9,0.1,a,1,0,0.0171,0.01178,0,0,,,1
7,73,Adams,Bournemouth,MID,Sunderland,True,2026-10-18 13:00:00+00:00,5,0.3,a,1,0.7047,0.04276,0.0869,0.2389,0.09883,0.5318,2.974,3.3
7,74,Brooks,Bournemouth,MID,Sunderland,True,2026-10-18 13:00:00+00:00,5,0.1,a,1,0,0.04036,0.03237,0,0.02337,0,0.9486,0.7
7,75,Christie,Bournemouth,MID,Sunderland,True,2026-10-18 13:00:00+00:00,5,0,a,1,0.2121,0.05293,0.045,0.07191,0.06581,0.05869,1.538,1.3
7,76,Tóth.A,Bournemouth,MID,Sunderland,True,2026-10-18 13:00:00+00:00,4.9,0,a,1,0,0.01291,0.0156,0,0,,,0.3
7,77,Adli,Bournemouth,MID,Sunderland,True,2026-10-18 13:00:00+00:00,4.9,0,i,0,0,0,0,0,0,0,0,0
7,78,Kroupi.Jr,Bournemouth,MID,Sunderland,True,2026-10-18 13:00:00+00:00,7.4,0.2,i,0,0,0,0,0,0,0,0,0
7,79,Evanilson,Bournemouth,FWD,Sunderland,True,2026-10-18 13:00:00+00:00,6,3.2,a,1,0.9369,0.2947,0.1571,0.3176,0.4733,0.002868,3.957,3
7,80,Enes Ünal,Bournemouth,FWD,Sunderland,True,2026-10-18 13:00:00+00:00,5.5,0,u,0,0,0,0,0,0,,,0
7,81,Rodríguez,Bournemouth,FWD,Sunderland,True,2026-10-18 13:00:00+00:00,6,0.1,a,1,0,0.00696,0.002929,0,0,0,0.4307,0.3
7,566,Silva,Bournemouth,DEF,Sunderland,True,2026-10-18 13:00:00+00:00,5,0.4,a,1,1,0.1993,0.04183,0.339,0.417,1.202,5.565,2.3
7,573,Sanchez,Bournemouth,DEF,Sunderland,True,2026-10-18 13:00:00+00:00,4.4,0.2,a,1,0,0,0,0,0,0,0,0
7,608,Jebbison,Bournemouth,FWD,Sunderland,True,2026-10-18 13:00:00+00:00,5,0.1,a,1,0,0.0278,0.01076,0,0.02518,0,0.7746,0.7
7,615,Di Gregorio,Bournemouth,GKP,Sunderland,True,2026-10-18 13:00:00+00:00,4.5,0,a,1,0,0,0,0,0,0,0,0
7,501,Danso,Sunderland,DEF,Bournemouth,False,2026-10-18 13:00:00+00:00,5,0.2,a,1,0.7678,0.01939,0.01659,0.1263,0.09687,0.7745,2.509,1
7,529,Roefs,Sunderland,GKP,Bournemouth,False,2026-10-18 13:00:00+00:00,4.9,2.4,a,1,1,0,0.01292,0.1644,0.04506,0,2.366,1.3
7,530,Patterson,Sunderland,GKP,Bournemouth,False,2026-10-18 13:00:00+00:00,4,0.1,u,0,0,0,0,0,0,0,0,0
7,531,Ellborg,Sunderland,GKP,Bournemouth,False,2026-10-18 13:00:00+00:00,4.4,0.1,a,1,0,0,0,0,0,0,0,0
7,532,Ballard,Sunderland,DEF,Bournemouth,False,2026-10-18 13:00:00+00:00,4.9,2.5,d,1,0.7727,0.06343,0.04308,0.1271,0.1599,0.8792,2.809,1.5
7,533,Mukiele,Sunderland,DEF,Bournemouth,False,2026-10-18 13:00:00+00:00,5.4,1.9,a,1,0.8939,0.08534,0.07254,0.147,0.213,0.7397,3.29,1.3
7,534,Hume,Sunderland,DEF,Bournemouth,False,2026-10-18 13:00:00+00:00,4.3,2.8,a,1,0.3845,0.0342,0.0525,0.06323,0.09353,0.06624,1.659,0.7
7,535,Alderete,Sunderland,DEF,Bournemouth,False,2026-10-18 13:00:00+00:00,4.8,0.2,a,1,0.06307,0.004748,0.00378,0.01037,0.008372,0.04643,0.3718,0
7,536,Reinildo,Sunderland,DEF,Bournemouth,False,2026-10-18 13:00:00+00:00,4.4,0.3,a,1,0.7879,0.009865,0.02365,0.1296,0.09415,0.2529,2.052,0
7,537,Seelt,Sunderland,DEF,Bournemouth,False,2026-10-18 13:00:00+00:00,4.5,0,u,0,0,0,0,0,0,0,0,0
7,538,Hjelde,Sunderland,DEF,Bournemouth,False,2026-10-18 13:00:00+00:00,4,0,u,0,0,0,0,0,0,,,0
7,539,O'Nien,Sunderland,DEF,Bournemouth,False,2026-10-18 13:00:00+00:00,3.9,2.5,a,1,0.2703,0.007385,0.007333,0.04444,0.03571,0.1011,0.6684,0
7,540,Masuaku,Sunderland,DEF,Bournemouth,False,2026-10-18 13:00:00+00:00,4,0.1,u,0,0,0,0,0,0,,,0
7,541,Meunier,Sunderland,DEF,Bournemouth,False,2026-10-18 13:00:00+00:00,4.5,0.3,a,1,1,0.05098,0.0575,0.1644,0.1772,0.2022,2.944,2.3
7,542,E.Le Fée,Sunderland,MID,Bournemouth,False,2026-10-18 13:00:00+00:00,5.7,3.4,a,1,1,0.1491,0.2666,0.1644,0.3443,0.3704,4.425,4.3
7,543,Diarra,Sunderland,MID,Bournemouth,False,2026-10-18 13:00:00+00:00,5.3,0,i,0,0,0,0,0,0,0,0,0
7,544,Xhaka,Sunderland,MID,Bournemouth,False,2026-10-18 13:00:00+00:00,5.5,3.6,a,1,1,0.0284,0.1378,0.1644,0.1346,0.7531,3.19,2
7,545,Sadiki,Sunderland,MID,Bournemouth,False,2026-10-18 13:00:00+00:00,4.9,0.2,a,1,1,0.06542,0.04976,0.1644,0.1384,0.2071,2.747,1.7
7,546,Adingra,Sunderland,MID,Bournemouth,False,2026-10-18 13:00:00+00:00,4.9,0,u,0,0,0,0,0,0,0,0,0
7,547,Mundle,Sunderland,MID,Bournemouth,False,2026-10-18 13:00:00+00:00,4.9,0,i,0,0,0,0,0,0,0,0,0
7,548,Rigg,Sunderland,MID,Bournemouth,False,2026-10-18 13:00:00+00:00,4.9,0,a,1,0,0.00279,0.004542,0,0,0,0.424,0
7,549,Talbi,Sunderland,MID,Bournemouth,False,2026-10-18 13:00:00+00:00,5.3,0.1,a,1,0.06307,0.01336,0.008106,0.01037,0.01308,0.006164,0.4279,0
7,550,Jocelin.T,Sunderland,MID,Bournemouth,False,2026-10-18 13:00:00+00:00,5,0,a,1,0,0,0,0,0,,,0
7,551,N.Angulo,Sunderland,MID,Bournemouth,False,2026-10-18 13:00:00+00:00,5,0.1,a,1,0.6187,0.09796,0.07298,0.1017,0.1567,0.07825,2.469,2.7
7,552,Brobbey,Sunderland,FWD,Bournemouth,False,2026-10-18 13:00:00+00:00,5.7,6.9,d,1,1,0.2632,0.0753,0.1644,0.4078,0.003806,3.512,5
7,553,Isidor,Sunderland,FWD,Bournemouth,False,2026-10-18 13:00:00+00:00,5.5,1.3,a,1,0,0.09397,0.009783,0,0.1076,0,1.45,2
7,612,Methalie,Sunderland,DEF,Bournemouth,False,2026-10-18 13:00:00+00:00,4.5,0,a,1,0.3182,0.009844,0.01047,0.05233,0.04449,0.1287,0.5814,-0.3
7,613,Ahoka,Sunderland,MID,Bournemouth,False,2026-10-18 13:00:00+00:00,4.5,0.2,a,1,0,0,0,0,0,0,0,0
7,646,Fofana,Sunderland,MID,Bournemouth,False,2026-10-18 13:00:00+00:00,5.5,0,a,1,0,0.03709,0.01927,0,0.003015,0,1.246,1
7,651,J.Angulo,Sunderland,FWD,Bournemouth,False,2026-10-18 13:00:00+00:00,4.5,0.7,a,1,0,0,0,0,0,0,0,0
7,109,Verbruggen,Brighton,GKP,Crystal Palace,True,2026-10-18 13:00:00+00:00,4.5,21.6,a,1,1,0,0.003695,0.3091,0.2026,0,3.47,5.7
7,111,Steele,Brighton,GKP,Crystal Palace,True,2026-10-18 13:00:00+00:00,4,4.1,a,1,0,0,0,0,0,0,0,0
7,113,F.Kadıoğlu,Brighton,DEF,Crystal Palace,True,2026-10-18 13:00:00+00:00,4.4,1.6,a,1,0.8939,0.05996,0.1035,0.2763,0.2866,0.132,3.468,4.3
7,114,Boscagli,Brighton,DEF,Crystal Palace,True,2026-10-18 13:00:00+00:00,4.5,0.3,a,1,0.7727,0.01813,0.0877,0.2389,0.213,0.233,2.923,4.7
7,115,De Cuyper,Brighton,DEF,Crystal Palace,True,2026-10-18 13:00:00+00:00,5,27.8,a,1,0.9108,0.1557,0.3416,0.2816,0.5516,0.1053,4.96,7
7,116,Dunk,Brighton,DEF,Crystal Palace,True,2026-10-18 13:00:00+00:00,4.5,1.5,d,1,0.7879,0.03946,0.02832,0.2436,0.1945,0.4068,3.063,4.3
7,117,Coppola,Brighton,DEF,Crystal Palace,True,2026-10-18 13:00:00+00:00,4.5,0,a,1,0,0,0,0,0,0,0,0
7,118,Igor,Brighton,DEF,Crystal Palace,True,2026-10-18 13:00:00+00:00,4.5,0,u,0,0,0,0,0,0,0,0,0
7,119,Costinha,Brighton,DEF,Crystal Palace,True,2026-10-18 13:00:00+00:00,4.5,0,a,1,0,0.01245,0.01569,0,0,0,0.9074,1
7,120,Svoboda,Brighton,DEF,Crystal Palace,True,2026-10-18 13:00:00+00:00,5,0.1,a,1,0,0.001219,0.001345,0,0,0,0.2815,0.3
7,121,Mitoma,Brighton,MID,Crystal Palace,True,2026-10-18 13:00:00+00:00,5.9,0,i,1,0,0.01323,0.01103,0,0.01826,0,0.1175,0
7,122,Minteh,Brighton,MID,Crystal Palace,True,2026-10-18 13:00:00+00:00,5.8,0,i,0,0,0,0,0,0,0,0,0
7,123,Hinshelwood,Brighton,MID,Crystal Palace,True,2026-10-18 13:00:00+00:00,5.9,0.6,i,1,0.3333,0.1075,0.05052,0.103,0.1663,0.04941,1.675,0
7,124,Groß,Brighton,MID,Crystal Palace,True,2026-10-18 13:00:00+00:00,5.8,28.9,a,1,1,0.1745,0.3374,0.3091,0.4044,0.1809,4.523,10.7
7,125,Georginio,Brighton,FWD,Crystal Palace,True,2026-10-18 13:00:00+00:00,5.3,0.5,a,1,0.1061,0.04378,0.07287,0.03279,0.07127,0.008734,1.125,0.3
7,126,O'Riley,Brighton,MID,Crystal Palace,True,2026-10-18 13:00:00+00:00,5.4,0.1,a,1,0,0.0105,0.004364,0,0,0,0.4561,0.7
7,127,Gomez,Brighton,MID,Crystal Palace,True,2026-10-18 13:00:00+00:00,5,4,a,1,0.7727,0.2266,0.1602,0.2389,0.3694,0.2407,4.172,4.3
7,128,Buonanotte,Brighton,MID,Crystal Palace,True,2026-10-18 13:00:00+00:00,5,0,u,0,0,0,0,0,0,,,0
7,129,Ayari,Brighton,MID,Crystal Palace,True,2026-10-18 13:00:00+00:00,5.4,0.4,a,1,0.6466,0.1004,0.07495,0.1999,0.1712,0.2311,2.654,4.3
7,130,Wieffer,Brighton,DEF,Crystal Palace,True,2026-10-18 13:00:00+00:00,4.9,0.2,i,0,0,0,0,0,0,0,0,0
7,132,Howell,Brighton,MID,Crystal Palace,True,2026-10-18 13:00:00+00:00,4.5,0,u,0,0,0,0,0,0,0,0,0
7,133,Watson,Brighton,MID,Crystal Palace,True,2026-10-18 13:00:00+00:00,5,0,u,0,0,0,0,0,0,,,0
7,134,Oriola,Brighton,MID,Crystal Palace,True,2026-10-18 13:00:00+00:00,4.5,0.2,a,1,0,0,0,0,0,,,0
7,135,Yohanna,Brighton,MID,Crystal Palace,True,2026-10-18 13:00:00+00:00,4.8,0,i,1,0,0.00348,0.003586,0,0,0,0.1654,0
7,137,Tzimas,Brighton,FWD,Crystal Palace,True,2026-10-18 13:00:00+00:00,5.4,0,i,0,0,0,0,0,0,,,0
7,138,Kostoulas,Brighton,FWD,Crystal Palace,True,2026-10-18 13:00:00+00:00,5.6,4.2,a,1,0.6667,0.3329,0.1327,0.2061,0.5048,0.005867,3.695,7.3
7,139,Ferguson,Brighton,FWD,Crystal Palace,True,2026-10-18 13:00:00+00:00,5,0,i,1,0,0,0,0,0,,,0
7,328,Struijk,Brighton,DEF,Crystal Palace,True,2026-10-18 13:00:00+00:00,4.9,0.2,d,1,0.3013,0.03528,0.02282,0.09315,0.09338,0.2202,1.621,1.7
7,504,Vuskovic,Brighton,DEF,Crystal Palace,True,2026-10-18 13:00:00+00:00,5,3.7,a,1,0.7727,0.09796,0.02859,0.2389,0.2502,,,8.7
7,594,David,Brighton,FWD,Crystal Palace,True,2026-10-18 13:00:00+00:00,5.9,0.2,a,1,0,0.0289,0.008048,0,0.03259,0,0.3356,0
7,600,Osman,Brighton,MID,Crystal Palace,True,2026-10-18 13:00:00+00:00,5,0,a,1,0,0.01726,0.01495,0,0.0008233,0,0.6633,0.3
7,605,Yalcouyé,Brighton,MID,Crystal Palace,True,2026-10-18 13:00:00+00:00,4.5,4,a,1,0.4545,0.1457,0.1361,0.1405,0.241,,,3.7
7,614,Hadjam,Brighton,DEF,Crystal Palace,True,2026-10-18 13:00:00+00:00,4.5,0,a,1,0,0,0,0,0,0,0,0
7,624,Cozier-Duberry,Brighton,MID,Crystal Palace,True,2026-10-18 13:00:00+00:00,5,0,u,0,0,0,0,0,0,0,0,0
7,639,Andrés,Brighton,MID,Crystal Palace,True,2026-10-18 13:00:00+00:00,5.5,0,a,1,0.3925,0.1279,0.06568,0.1213,0.1832,0.1055,2.362,4
7,652,Azeez,Brighton,MID,Crystal Palace,True,2026-10-18 13:00:00+00:00,5.5,0,i,1,0,0,0,0,0,0,0,0
7,658,Ibrahim,Brighton,MID,Crystal Palace,True,2026-10-18 13:00:00+00:00,4.5,0,a,1,0,0,0,0,0,0,0,0
7,42,Guessand,Crystal Palace,MID,Brighton,False,2026-10-18 13:00:00+00:00,5.4,0,a,1,0,0.01323,0.01139,0,0.001163,0,0.4979,0
7,153,Disasi,Crystal Palace,DEF,Brighton,False,2026-10-18 13:00:00+00:00,4.5,0.1,s,0,0,0,0,0,0,0,0,0
7,198,Henderson,Crystal Palace,GKP,Brighton,False,2026-10-18 13:00:00+00:00,5,1.3,i,1,0.6095,0,0.001019,0.07514,0.2647,0,1.918,0
7,199,Benitez,Crystal Palace,GKP,Brighton,False,2026-10-18 13:00:00+00:00,4.5,0.1,a,1,0.3905,0,0.003383,0.04815,0.09119,0,0.9253,2.7
7,202,Richards,Crystal Palace,DEF,Brighton,False,2026-10-18 13:00:00+00:00,4.9,0.6,a,1,0.8358,0.03368,0.01594,0.103,0.09416,0.7333,2.295,3.7
7,203,Canvot,Crystal Palace,DEF,Brighton,False,2026-10-18 13:00:00+00:00,4.8,0.2,a,1,0.7324,0.03994,0.0133,0.0903,0.094,0.6601,2.274,3
7,204,Mitchell,Crystal Palace,DEF,Brighton,False,2026-10-18 13:00:00+00:00,4.5,6.1,a,1,0.9108,0.05665,0.07953,0.1123,0.1664,0.2721,2.594,7.7
7,205,Sosa,Crystal Palace,DEF,Brighton,False,2026-10-18 13:00:00+00:00,4.5,0,u,0,0,0,0,0,0,,,0
7,206,Chadi Riad,Crystal Palace,DEF,Brighton,False,2026-10-18 13:00:00+00:00,4.3,0,i,0,0,0,0,0,0,0,0,0
7,207,Mingueza,Crystal Palace,DEF,Brighton,False,2026-10-18 13:00:00+00:00,4.4,0.1,a,1,0,0.001612,0.001779,0,0,0,0.3489,0.3
7,208,Sarr,Crystal Palace,MID,Brighton,False,2026-10-18 13:00:00+00:00,6.2,0.6,a,1,0.075,0.04628,0.01335,0.009247,0.04711,0.005759,0.848,0.3
7,210,Wharton,Crystal Palace,MID,Brighton,False,2026-10-18 13:00:00+00:00,5.4,0.7,a,1,0.8477,0.02976,0.1549,0.1045,0.1323,0.4653,2.951,2
7,211,Yeremy,Crystal Palace,MID,Brighton,False,2026-10-18 13:00:00+00:00,5.5,0.3,a,1,0.4883,0.08102,0.2063,0.0602,0.1884,0.06537,2.614,2.7
7,212,Hughes,Crystal Palace,MID,Brighton,False,2026-10-18 13:00:00+00:00,4.4,7.3,a,1,0.08919,0.01288,0.02277,0.011,0.009557,0.01009,0.7332,0.7
7,213,Lerma,Crystal Palace,MID,Brighton,False,2026-10-18 13:00:00+00:00,4.8,0.1,a,1,0.1523,0.03483,0.03135,0.01877,0.03905,0.07025,0.8792,0.3
7,214,Kamada,Crystal Palace,MID,Brighton,False,2026-10-18 13:00:00+00:00,5,0.5,a,1,0.8477,0.0529,0.1133,0.1045,0.1411,0.3803,2.909,5.3
7,215,Devenny,Crystal Palace,MID,Brighton,False,2026-10-18 13:00:00+00:00,5,0,u,0,0,0,0,0,0,0,0,0
7,216,Esse,Crystal Palace,MID,Brighton,False,2026-10-18 13:00:00+00:00,5,0,u,0,0,0,0,0,0,,,0
7,217,M.França,Crystal Palace,MID,Brighton,False,2026-10-18 13:00:00+00:00,4.9,0,u,0,0,0,0,0,0,,,0
7,218,Doucouré,Crystal Palace,MID,Brighton,False,2026-10-18 13:00:00+00:00,4.8,0,a,1,0,0,0,0,0,,,0
7,219,J.Rak-Sakyi,Crystal Palace,MID,Brighton,False,2026-10-18 13:00:00+00:00,4.9,0,u,0,0,0,0,0,0,,,0
7,220,Cardines,Crystal Palace,DEF,Brighton,False,2026-10-18 13:00:00+00:00,4.5,0,u,0,0,0,0,0,0,0,0,0
7,221,Drakes-Thomas,Crystal Palace,MID,Brighton,False,2026-10-18 13:00:00+00:00,4.5,0.1,a,1,0,0,0,0,0,,,0
7,222,Strand Larsen,Crystal Palace,FWD,Brighton,False,2026-10-18 13:00:00+00:00,6,0.7,a,1,0.6809,0.1497,0.03936,0.08394,0.2247,0.002739,2.625,3.7
7,223,Mateta,Crystal Palace,FWD,Brighton,False,2026-10-18 13:00:00+00:00,6.3,1.3,i,1,0.1061,0.066,0.009049,0.01308,0.09004,0.0004818,0.8211,0
7,224,Nketiah,Crystal Palace,FWD,Brighton,False,2026-10-18 13:00:00+00:00,5.5,0.5,a,1,0.1261,0.07868,0.07063,0.01555,0.1182,0.001776,1.367,1.7
7,225,Uche,Crystal Palace,FWD,Brighton,False,2026-10-18 13:00:00+00:00,5,0,u,0,0,0,0,0,0,,,0
7,241,McNeil,Crystal Palace,MID,Brighton,False,2026-10-18 13:00:00+00:00,5.4,0.1,a,1,0.1061,0.009681,0.0122,0.01308,0.01106,0.03262,0.555,0
7,555,Matthews,Crystal Palace,GKP,Brighton,False,2026-10-18 13:00:00+00:00,4,1.7,a,1,0,0,0,0,0,0,0,0
7,577,Tomiyasu,Crystal Palace,DEF,Brighton,False,2026-10-18 13:00:00+00:00,4.4,0.3,d,1,0.1632,0.01621,0.02198,0.02013,0.02598,0.06603,0.9582,0.2
7,588,Khalaili,Crystal Palace,DEF,Brighton,False,2026-10-18 13:00:00+00:00,5,0.3,a,1,0.8627,0.1101,0.0515,0.1064,0.1955,0.6924,3.118,5.3
7,595,Gozo,Crystal Palace,MID,Brighton,False,2026-10-18 13:00:00+00:00,4.9,0,a,1,0,0.005998,0.006072,0,0,0,0.4423,0.3
7,633,Ahanor,Crystal Palace,DEF,Brighton,False,2026-10-18 13:00:00+00:00,4.5,0,a,1,0.33,0.0154,0.0224,0.04069,0.05144,0.2985,1.068,1
7,643,Chilwell,Crystal Palace,DEF,Brighton,False,2026-10-18 13:00:00+00:00,4.5,0.4,a,1,0,0.01576,0.005713,0,0.004825,0,0.6464,2.7
7,644,Timber,Crystal Palace,MID,Brighton,False,2026-10-18 13:00:00+00:00,5,0,a,1,1,0.09305,0.0825,0.1233,0.1893,0.5125,3.538,3
7,647,Osorio,Crystal Palace,MID,Brighton,False,2026-10-18 13:00:00+00:00,5.5,0,a,1,0,0.0003495,0.0003529,0,0,0,0.2803,0.3
7,260,Wilson,Leeds,MID,Manchester United,True,2026-10-18 13:00:00+00:00,6.2,1.7,i,0,0,0,0,0,0,0,0,0
7,326,Perri,Leeds,GKP,Manchester United,True,2026-10-18 13:00:00+00:00,4.5,0.3,u,0,0,0,0,0,0,0,0,0
7,327,Bijol,Leeds,DEF,Manchester United,True,2026-10-18 13:00:00+00:00,5,0.7,a,1,0.3333,0.01637,0.03519,0.08512,0.08107,0.336,1.625,0.3
7,329,Rodon,Leeds,DEF,Manchester United,True,2026-10-18 13:00:00+00:00,4.3,0.8,i,0,0,0,0,0,0,0,0,0
7,330,Bogle,Leeds,DEF,Manchester United,True,2026-10-18 13:00:00+00:00,4.6,7.2,a,1,0.8619,0.06488,0.08813,0.2201,0.2475,0.1327,2.964,11.3
7,331,Gudmundsson,Leeds,DEF,Manchester United,True,2026-10-18 13:00:00+00:00,4.5,0.1,a,1,0.5405,0.01386,0.05315,0.138,0.1271,0.09778,1.874,4.7
7,332,Justin,Leeds,DEF,Manchester United,True,2026-10-18 13:00:00+00:00,4.5,1.4,a,1,1,0.08719,0.1525,0.2554,0.3347,0.5343,4.422,4.7
7,333,Bornauw,Leeds,DEF,Manchester United,True,2026-10-18 13:00:00+00:00,4.5,0,u,0,0,0,0,0,0,0,0,0
7,334,Muharemović,Leeds,DEF,Manchester United,True,2026-10-18 13:00:00+00:00,5,4.3,a,1,1,0.07308,0.1122,0.2554,0.2921,0.9522,4.592,5.7
7,335,Stach,Leeds,MID,Manchester United,True,2026-10-18 13:00:00+00:00,6,2.5,a,1,0.9108,0.1291,0.2238,0.2326,0.2937,0.7234,4.388,3.3
7,336,Okafor,Leeds,MID,Manchester United,True,2026-10-18 13:00:00+00:00,5.8,0.4,a,1,0.6667,0.1204,0.07253,0.1702,0.198,0.04479,2.672,5
7,337,Aaronson,Leeds,MID,Manchester United,True,2026-10-18 13:00:00+00:00,5.3,0.5,a,1,0.2583,0.07441,0.1008,0.06597,0.1091,0.05848,2.077,1
7,338,Ampadu,Leeds,MID,Manchester United,True,2026-10-18 13:00:00+00:00,5.4,0.9,a,1,1,0.0517,0.066,0.2554,0.1264,1.023,3.772,4.7
7,339,Longstaff,Leeds,MID,Manchester United,True,2026-10-18 13:00:00+00:00,4.9,0.1,a,1,0,0.006791,0.0107,0,0,0,0.4886,0.3
7,341,Gnonto,Leeds,MID,Manchester United,True,2026-10-18 13:00:00+00:00,5,0,u,0,0,0,0,0,0,0,0,0
7,342,Harrison,Leeds,MID,Manchester United,True,2026-10-18 13:00:00+00:00,5,0,u,0,0,0,0,0,0,0,0,0
7,343,James,Leeds,MID,Manchester United,True,2026-10-18 13:00:00+00:00,4.9,0.1,a,1,0.06307,0.03717,0.02908,0.01611,0.02627,0.01507,1.138,0.7
7,344,Gruev,Leeds,MID,Manchester United,True,2026-10-18 13:00:00+00:00,5,0,a,1,0,0,0,0,0,0,0,0
7,345,Tanaka,Leeds,MID,Manchester United,True,2026-10-18 13:00:00+00:00,4.9,0.3,a,1,0.6928,0.09534,0.1149,0.1769,0.1832,0.2353,2.791,4.3
7,346,Calvert-Lewin,Leeds,FWD,Manchester United,True,2026-10-18 13:00:00+00:00,6,24.8,a,1,1,0.5079,0.06154,0.2554,0.7441,0.003061,4.454,4.3
7,347,Nmecha,Leeds,FWD,Manchester United,True,2026-10-18 13:00:00+00:00,5.4,0.5,a,1,0.08919,0.1434,0.08141,0.02278,0.2011,0.0008373,2.003,1
7,348,Piroe,Leeds,FWD,Manchester United,True,2026-10-18 13:00:00+00:00,5,0.1,u,0,0,0,0,0,0,0,0,0
7,349,Mateo Joseph,Leeds,FWD,Manchester United,True,2026-10-18 13:00:00+00:00,4.5,0.1,i,0,0,0,0,0,0,,,0
7,385,Trafford,Leeds,GKP,Manchester United,True,2026-10-18 13:00:00+00:00,5,5.5,a,1,0.8619,0,0.004524,0.2201,0.3219,0,3.295,5.3
7,598,Elvedi,Leeds,DEF,Manchester United,True,2026-10-18 13:00:00+00:00,4.5,0.1,a,1,0.6995,0.03959,0.1326,0.1786,0.2273,0.4218,3.202,4
7,603,Lienou,Leeds,DEF,Manchester United,True,2026-10-18 13:00:00+00:00,4,0.1,a,1,0,0,0,0,0,,,0
7,604,Cresswell,Leeds,MID,Manchester United,True,2026-10-18 13:00:00+00:00,4.5,0.1,a,1,0,0,0,0,0,,,0
7,625,Cairns,Leeds,GKP,Manchester United,True,2026-10-18 13:00:00+00:00,4,0.2,a,1,0,0,0,0,0,0,0,0
7,629,Zetterer,Leeds,GKP,Manchester United,True,2026-10-18 13:00:00+00:00,4,0.7,a,1,0,0,0,0,0,0,0,0
7,641,Bard,Leeds,DEF,Manchester United,True,2026-10-18 13:00:00+00:00,4.5,0,a,1,0,0.004571,0.006138,0,0.000815,0,0.3471,0.3
7,648,Bahoya,Leeds,MID,Manchester United,True,2026-10-18 13:00:00+00:00,5,0,a,1,0,0.000657,0.0006628,0,0,0,0.3977,0.3
7,1,Raya,Arsenal,GKP,Nottingham Forest,False,2026-10-18 15:30:00+00:00,6.1,42.3,a,1,0.9108,0,0.003766,0.3135,0.1163,0,3.045,6
7,2,Arrizabalaga,Arsenal,GKP,Nottingham Forest,False,2026-10-18 15:30:00+00:00,4.9,0.1,a,1,0.08919,0,0.0007709,0.0307,0.01303,0,0.2889,0
7,3,Meslier,Arsenal,GKP,Nottingham Forest,False,2026-10-18 15:30:00+00:00,4.9,0,a,1,0,0,0,0,0,0,0,0
7,4,Gabriel,Arsenal,DEF,Nottingham Forest,False,2026-10-18 15:30:00+00:00,8,22.7,a,1,0.9108,0.1367,0.069,0.3135,0.3579,0.6581,4.624,4
7,5,J.Timber,Arsenal,DEF,Nottingham Forest,False,2026-10-18 15:30:00+00:00,6.5,0.4,a,1,0,0.02297,0.02018,0,0.02759,0,0.545,0.3
7,6,Saliba,Arsenal,DEF,Nottingham Forest,False,2026-10-18 15:30:00+00:00,5.9,0.2,i,0,0,0,0,0,0,0,0,0
7,7,Lewis-Skelly,Arsenal,MID,Nottingham Forest,False,2026-10-18 15:30:00+00:00,5.4,0.6,a,1,0.5345,0.02468,0.03144,0.184,0.04747,0.0676,1.839,1
7,8,Calafiori,Arsenal,DEF,Nottingham Forest,False,2026-10-18 15:30:00+00:00,5.8,50.5,a,1,0.8477,0.1061,0.08112,0.2918,0.3225,0.07838,4.028,3
7,9,Hincapie,Arsenal,DEF,Nottingham Forest,False,2026-10-18 15:30:00+00:00,5.2,0.9,a,1,0.08919,0.003777,0.01457,0.0307,0.02316,0.06406,0.7379,0.3
7,10,White,Arsenal,DEF,Nottingham Forest,False,2026-10-18 15:30:00+00:00,5.5,4.9,d,1,0.3822,0.01618,0.05329,0.1315,0.1216,0.1053,1.862,0.8
7,11,Mosquera,Arsenal,DEF,Nottingham Forest,False,2026-10-18 15:30:00+00:00,5.3,1.6,a,1,0.3964,0.008984,0.01684,0.1364,0.09562,0.1594,1.569,0
7,12,Saka,Arsenal,MID,Nottingham Forest,False,2026-10-18 15:30:00+00:00,9.5,13.7,a,1,0.9108,0.2996,0.2201,0.3135,0.4993,0.2838,5.014,4
7,13,Rice,Arsenal,MID,Nottingham Forest,False,2026-10-18 15:30:00+00:00,7.4,11.6,d,1,0.9108,0.06106,0.1787,0.3135,0.1859,0.6099,3.56,3
7,14,Eze,Arsenal,MID,Nottingham Forest,False,2026-10-18 15:30:00+00:00,6.2,1,a,1,0.1381,0.04303,0.02758,0.04752,0.03314,0.01237,1.379,0.7
7,15,Ødegaard,Arsenal,MID,Nottingham Forest,False,2026-10-18 15:30:00+00:00,6.8,19.8,a,1,0.8477,0.08454,0.2647,0.2918,0.2505,0.1303,3.648,5
7,16,Madueke,Arsenal,MID,Nottingham Forest,False,2026-10-18 15:30:00+00:00,6.2,0.2,a,1,0.08919,0.01231,0.02915,0.0307,0.015,0.01128,0.7035,0.3
7,17,Merino,Arsenal,MID,Nottingham Forest,False,2026-10-18 15:30:00+00:00,5.7,0.4,a,1,0,0.04718,0.02791,0,0.02669,0,1.058,0.7
7,18,Martinelli,Arsenal,MID,Nottingham Forest,False,2026-10-18 15:30:00+00:00,6.3,0.1,u,0,0,0,0,0,0,0,0,0
7,19,Zubimendi,Arsenal,MID,Nottingham Forest,False,2026-10-18 15:30:00+00:00,5.3,0.6,a,1,0.08919,0.02127,0.01251,0.0307,0,0.03791,1.302,1
7,20,Dowman,Arsenal,MID,Nottingham Forest,False,2026-10-18 15:30:00+00:00,5.3,0.1,a,1,0.08919,0.0125,0.01574,0.0307,0.01442,0.0274,0.5728,0.3
7,22,Nwaneri,Arsenal,MID,Nottingham Forest,False,2026-10-18 15:30:00+00:00,5.4,0,u,0,0,0,0,0,0,0,0,0
7,23,Fábio Vieira,Arsenal,MID,Nottingham Forest,False,2026-10-18 15:30:00+00:00,5.5,0,u,0,0,0,0,0,0,,,0
7,24,Nelson,Arsenal,MID,Nottingham Forest,False,2026-10-18 15:30:00+00:00,5.5,0,u,0,0,0,0,0,0,,,0
7,25,Gyökeres,Arsenal,FWD,Nottingham Forest,False,2026-10-18 15:30:00+00:00,7.1,3.1,a,1,0.06307,0.05803,0.01843,0.02171,0.07287,0.0003172,1.013,0.7
7,26,Havertz,Arsenal,FWD,Nottingham Forest,False,2026-10-18 15:30:00+00:00,7.6,8.3,d,1,0.8477,0.3248,0.1353,0.2918,0.5045,0.005684,3.81,2.8
7,27,G.Jesus,Arsenal,FWD,Nottingham Forest,False,2026-10-18 15:30:00+00:00,5.9,0.1,u,0,0,0,0,0,0,0,0,0
7,31,Konsa,Arsenal,DEF,Nottingham Forest,False,2026-10-18 15:30:00+00:00,4.6,19.4,a,1,0.6786,0.02383,0.01965,0.2336,0.1651,0.1953,2.763,3.7
7,452,Bruno G.,Arsenal,MID,Nottingham Forest,False,2026-10-18 15:30:00+00:00,6.7,1.8,a,1,0.2273,0.08205,0.07165,0.07822,0.1147,0.08368,1.784,2.7
7,557,Tzolis,Arsenal,MID,Nottingham Forest,False,2026-10-18 15:30:00+00:00,6.3,12.2,a,1,0.8368,0.06504,0.1747,0.288,0.1784,0.1285,2.924,3.3
7,167,Delap,Nottingham Forest,FWD,Arsenal,True,2026-10-18 15:30:00+00:00,5.6,2.7,a,1,0.6155,0.1386,0.04021,0.1301,0.2119,0.00394,1.872,2.7
7,201,Muñoz,Nottingham Forest,DEF,Arsenal,True,2026-10-18 15:30:00+00:00,5.4,5.7,a,1,0.5286,0.04939,0.07385,0.1117,0.1531,0.2531,2.417,1.7
7,467,Sels,Nottingham Forest,GKP,Arsenal,True,2026-10-18 15:30:00+00:00,5,1.6,a,1,1,0,0.00159,0.2114,0.2224,0,3.169,3.7
7,468,John,Nottingham Forest,GKP,Arsenal,True,2026-10-18 15:30:00+00:00,4.5,0.1,a,1,0,0,0,0,0,0,0,0
7,469,N.Williams,Nottingham Forest,DEF,Arsenal,True,2026-10-18 15:30:00+00:00,5,8.7,a,1,1,0.04576,0.1042,0.2114,0.2331,0.3047,3.432,3.7
7,470,Morato,Nottingham Forest,DEF,Arsenal,True,2026-10-18 15:30:00+00:00,5,0,u,0,0,0,0,0,0,0,0,0
7,471,Milenković,Nottingham Forest,DEF,Arsenal,True,2026-10-18 15:30:00+00:00,5.4,1,i,1,0.6095,0.01054,0.009082,0.1288,0.08616,0.4632,1.896,0
7,472,Murillo,Nottingham Forest,DEF,Arsenal,True,2026-10-18 15:30:00+00:00,5.5,2.1,a,1,0.7727,0.0264,0.02036,0.1634,0.1285,0.7378,2.691,6
7,473,Aina,Nottingham Forest,DEF,Arsenal,True,2026-10-18 15:30:00+00:00,4.4,2.4,a,1,0.4106,0.01008,0.01752,0.0868,0.06543,0.09903,1.105,1
7,474,Jair Cunha,Nottingham Forest,DEF,Arsenal,True,2026-10-18 15:30:00+00:00,4.5,0.2,a,1,0.7466,0.02818,0.01767,0.1578,0.1235,0.3831,2.221,3
7,475,Savona,Nottingham Forest,DEF,Arsenal,True,2026-10-18 15:30:00+00:00,4.5,0,i,0,0,0,0,0,0,0,0,0
7,476,O.Richards,Nottingham Forest,DEF,Arsenal,True,2026-10-18 15:30:00+00:00,4,0.2,a,1,0,0,0,0,0,,,0
7,477,Abbott,Nottingham Forest,DEF,Arsenal,True,2026-10-18 15:30:00+00:00,4,0.1,u,0,0,0,0,0,0,0,0,0
7,478,Netz,Nottingham Forest,DEF,Arsenal,True,2026-10-18 15:30:00+00:00,4.4,0,a,1,0.1381,0.004613,0.007946,0.02919,0.01284,0.08033,0.9665,0.3
7,479,Bindon,Nottingham Forest,DEF,Arsenal,True,2026-10-18 15:30:00+00:00,4,0.1,u,0,0,0,0,0,0,0,0,0
7,480,Gibbs-White,Nottingham Forest,MID,Arsenal,True,2026-10-18 15:30:00+00:00,8,15.7,a,1,0.9369,0.2209,0.1581,0.1981,0.3777,0.07624,4.105,4.3
7,482,Hudson-Odoi,Nottingham Forest,MID,Arsenal,True,2026-10-18 15:30:00+00:00,5.8,0.1,a,1,0,0.0001647,0.0002299,0,0,0,0.1277,0
7,483,Ndoye,Nottingham Forest,MID,Arsenal,True,2026-10-18 15:30:00+00:00,5.5,0.7,a,1,0.4106,0.08724,0.1038,0.0868,0.1513,0.04013,2.031,1
7,484,Hutchinson,Nottingham Forest,MID,Arsenal,True,2026-10-18 15:30:00+00:00,5.4,0.1,u,0,0,0,0,0,0,0,0,0
7,485,Bakwa,Nottingham Forest,MID,Arsenal,True,2026-10-18 15:30:00+00:00,5.5,0,u,0,0,0,0,0,0,0,0,0
7,486,McAtee,Nottingham Forest,MID,Arsenal,True,2026-10-18 15:30:00+00:00,5.5,0.1,a,1,0.7727,0.04515,0.1142,0.1634,0.1233,0.2796,2.579,2.3
7,487,Dominguez,Nottingham Forest,MID,Arsenal,True,2026-10-18 15:30:00+00:00,4.9,0.1,a,1,0.075,0.008613,0.01174,0.01586,0.004216,0.02223,0.549,0
7,488,I.Sangaré,Nottingham Forest,MID,Arsenal,True,2026-10-18 15:30:00+00:00,4.9,0.4,a,1,0.1953,0.01199,0.01456,0.04128,0.003968,0.1312,1.136,0.7
7,489,Yates,Nottingham Forest,MID,Arsenal,True,2026-10-18 15:30:00+00:00,4.5,1.2,a,1,0,0.005476,0.004312,0,0.0009015,0,0.1304,0
7,490,Wood,Nottingham Forest,FWD,Arsenal,True,2026-10-18 15:30:00+00:00,5.8,0.9,a,1,0.1642,0.05413,0.01313,0.03471,0.06349,0.001445,1.359,1
7,491,Igor Jesus,Nottingham Forest,FWD,Arsenal,True,2026-10-18 15:30:00+00:00,5.8,2.6,a,1,0.4595,0.1621,0.04901,0.09713,0.2342,0.001903,2.302,3
7,493,Kalimuendo,Nottingham Forest,FWD,Arsenal,True,2026-10-18 15:30:00+00:00,5.4,0.1,a,1,0,0.0002793,0.0001079,0,0,,,0
7,558,Schlager,Nottingham Forest,MID,Arsenal,True,2026-10-18 15:30:00+00:00,5,0.1,a,1,0.8627,0.0453,0.03759,0.1824,0.0948,0.6255,2.874,2.7
7,581,Diomande,Nottingham Forest,DEF,Arsenal,True,2026-10-18 15:30:00+00:00,5.4,0.5,a,1,0.5054,0.01636,0.01381,0.1068,0.07872,0.3657,1.973,2.3
7,590,Benda,Nottingham Forest,GKP,Arsenal,True,2026-10-18 15:30:00+00:00,4.5,0.1,a,1,0,0,0,0,0,0,0,0
7,112,Van Hecke,Tottenham,DEF,Coventry,True,2026-10-19 19:00:00+00:00,4.9,6.5,d,1,1,0.1144,0.0421,0.3822,0.3585,0.6392,4.859,5.5
7,147,Tosin,Tottenham,DEF,Coventry,True,2026-10-19 19:00:00+00:00,4.4,0.1,a,1,0,0.0003209,0.0006906,0,0,0,0.1797,0.3
7,401,Marmoush,Tottenham,FWD,Coventry,True,2026-10-19 19:00:00+00:00,7,2.1,a,1,0.7297,0.216,0.113,0.2789,0.3474,0.005408,3.09,2
7,403,Sávio,Tottenham,MID,Coventry,True,2026-10-19 19:00:00+00:00,6.5,0.7,a,1,0.6928,0.1598,0.1398,0.2648,0.2782,0.08275,3.305,2.7
7,455,Tonali,Tottenham,MID,Coventry,True,2026-10-19 19:00:00+00:00,5.3,1.8,a,1,0.8358,0.0525,0.1246,0.3194,0.1427,0.275,3.12,3.3
7,494,Vicario,Tottenham,GKP,Coventry,True,2026-10-19 19:00:00+00:00,4.5,0.1,u,0,0,0,0,0,0,0,0,0
7,495,Austin,Tottenham,GKP,Coventry,True,2026-10-19 19:00:00+00:00,4,1,a,1,0,0,0,0,0,0,0,0
7,496,Kinsky,Tottenham,GKP,Coventry,True,2026-10-19 19:00:00+00:00,4.5,17.3,a,1,1,0,0.008616,0.3822,0.1834,0,3.577,5
7,497,Dubravka,Tottenham,GKP,Coventry,True,2026-10-19 19:00:00+00:00,4,17.1,a,1,0,0,0,0,0,0,0,0
7,498,Senesi,Tottenham,DEF,Coventry,True,2026-10-19 19:00:00+00:00,5.8,3.5,a,1,0.3333,0.01501,0.03809,0.1274,0.1136,0.4388,1.844,0
7,499,Pedro Porro,Tottenham,DEF,Coventry,True,2026-10-19 19:00:00+00:00,5.4,7.6,d,1,0.5034,0.03688,0.09638,0.1924,0.2082,0.2362,2.659,2
7,500,Romero,Tottenham,DEF,Coventry,True,2026-10-19 19:00:00+00:00,5,0.1,u,0,0,0,0,0,0,0,0,0
7,502,Robertson,Tottenham,DEF,Coventry,True,2026-10-19 19:00:00+00:00,4.4,2.5,a,1,0.7119,0.04728,0.1176,0.2721,0.28,0.224,3.61,4
7,503,Van de Ven,Tottenham,DEF,Coventry,True,2026-10-19 19:00:00+00:00,5,3.8,a,1,0.8939,0.08789,0.03803,0.3416,0.3065,0.1757,3.838,5.3
7,505,Spence,Tottenham,DEF,Coventry,True,2026-10-19 19:00:00+00:00,4.5,0.2,u,0,0,0,0,0,0,0,0,0
7,506,Udogie,Tottenham,DEF,Coventry,True,2026-10-19 19:00:00+00:00,4.4,0.3,a,1,0.3773,0.01081,0.03471,0.1442,0.1108,0.05813,1.586,1.7
7,507,Phillips,Tottenham,DEF,Coventry,True,2026-10-19 19:00:00+00:00,4.5,0,u,0,0,0,0,0,0,,,0
7,508,Davies,Tottenham,DEF,Coventry,True,2026-10-19 19:00:00+00:00,3.9,0.9,a,1,0,0,0,0,0,0,0,0
7,509,Byfield,Tottenham,DEF,Coventry,True,2026-10-19 19:00:00+00:00,4,0.1,a,1,0,0,0,0,0,,,0
7,510,Rowswell,Tottenham,DEF,Coventry,True,2026-10-19 19:00:00+00:00,4,0.1,a,1,0,0,0,0,0,,,0
7,511,Souza,Tottenham,DEF,Coventry,True,2026-10-19 19:00:00+00:00,4,0.2,u,0,0,0,0,0,0,,,0
7,512,Kudus,Tottenham,MID,Coventry,True,2026-10-19 19:00:00+00:00,6.5,0.2,a,1,0,0.04007,0.06165,0,0.04404,0,1.096,2
7,513,Xavi,Tottenham,MID,Coventry,True,2026-10-19 19:00:00+00:00,5.9,0,i,0,0,0,0,0,0,0,0,0
7,514,Tel,Tottenham,MID,Coventry,True,2026-10-19 19:00:00+00:00,5.7,0.2,a,1,0.6095,0.1035,0.1371,0.2329,0.1999,0.0546,2.813,1.3
7,515,Maddison,Tottenham,MID,Coventry,True,2026-10-19 19:00:00+00:00,6.3,0.4,a,1,0,0.03675,0.01766,0,0.01614,,,0.7
7,516,Bentancur,Tottenham,MID,Coventry,True,2026-10-19 19:00:00+00:00,5.5,0.2,a,1,0.8939,0.05306,0.05616,0.3416,0.111,0.9233,3.704,4
7,517,Odobert,Tottenham,MID,Coventry,True,2026-10-19 19:00:00+00:00,5.5,0,i,0,0,0,0,0,0,0,0,0
7,518,P.M.Sarr,Tottenham,MID,Coventry,True,2026-10-19 19:00:00+00:00,4.9,0.1,u,0,0,0,0,0,0,0,0,0
7,519,Gallagher,Tottenham,MID,Coventry,True,2026-10-19 19:00:00+00:00,5.3,0.2,a,1,0.3773,0.06176,0.03961,0.1442,0.08869,0.1105,1.738,3
7,520,Bergvall,Tottenham,MID,Coventry,True,2026-10-19 19:00:00+00:00,5.3,0.1,a,1,0,0.0203,0.01135,0,0.001394,0,0.6966,0.7
7,521,Kulusevski,Tottenham,MID,Coventry,True,2026-10-19 19:00:00+00:00,6.5,0,i,0,0,0,0,0,0,,,0
7,522,Gray,Tottenham,MID,Coventry,True,2026-10-19 19:00:00+00:00,4.9,0.2,a,1,0.6227,0.06951,0.06745,0.238,0.13,0.04617,2.299,1.7
7,523,Moore,Tottenham,MID,Coventry,True,2026-10-19 19:00:00+00:00,5,0.1,u,0,0,0,0,0,0,,,0
7,524,Olusesi,Tottenham,MID,Coventry,True,2026-10-19 19:00:00+00:00,4.4,1,a,1,0,0,0,0,0,,,0
7,525,Fernandes,Tottenham,MID,Coventry,True,2026-10-19 19:00:00+00:00,5.7,0.8,a,1,0.5318,0.04983,0.1133,0.2032,0.1054,0.3886,2.668,1.3
7,526,Solanke,Tottenham,FWD,Coventry,True,2026-10-19 19:00:00+00:00,5.8,0.8,a,1,0.3905,0.1105,0.0321,0.1492,0.162,0.002749,1.866,1.7
7,527,Richarlison,Tottenham,FWD,Coventry,True,2026-10-19 19:00:00+00:00,5.9,0.6,u,0,0,0,0,0,0,0,0,0
7,528,Scarlett,Tottenham,FWD,Coventry,True,2026-10-19 19:00:00+00:00,4.5,1.1,u,0,0,0,0,0,0,,,0
7,578,Mudryk,Tottenham,MID,Coventry,True,2026-10-19 19:00:00+00:00,5.3,0,i,0,0,0,0,0,0,,,0
7,601,Williams-Barnett,Tottenham,MID,Coventry,True,2026-10-19 19:00:00+00:00,4.5,0.1,a,1,0,0,0,0,0,,,0
7,91,Pinnock,Coventry,DEF,Tottenham,False,2026-10-19 19:00:00+00:00,4.5,0.1,a,1,0.5405,0.01812,0.01641,0.1113,0.08619,0.6498,2.089,4.3
7,104,Onyeka,Coventry,MID,Tottenham,False,2026-10-19 19:00:00+00:00,4.9,0.1,a,1,0.6466,0.03173,0.04198,0.1331,0.08029,,,2.3
7,110,Rushworth,Coventry,GKP,Tottenham,False,2026-10-19 19:00:00+00:00,4.5,0.8,a,1,0.7727,0,0.02912,0.1591,0.09182,0,2.14,4.3
7,171,Dovin,Coventry,GKP,Tottenham,False,2026-10-19 19:00:00+00:00,4,1,u,0,0,0,0,0,0,0,0,0
7,172,Wilson,Coventry,GKP,Tottenham,False,2026-10-19 19:00:00+00:00,4.4,0.4,a,1,0,0,0,0,0,0,0,0
7,173,Thomas,Coventry,DEF,Tottenham,False,2026-10-19 19:00:00+00:00,4,8.5,a,1,1,0.05069,0.0908,0.2059,0.2252,0.9522,4.04,4.3
7,174,Kitching,Coventry,DEF,Tottenham,False,2026-10-19 19:00:00+00:00,4,0.3,u,0,0,0,0,0,0,0,0,0
7,175,van Ewijk,Coventry,DEF,Tottenham,False,2026-10-19 19:00:00+00:00,4,8.7,d,1,0.7255,0.01698,0.03591,0.1493,0.1224,0.375,2.162,0.8
7,176,Dasilva,Coventry,DEF,Tottenham,False,2026-10-19 19:00:00+00:00,4,0.7,a,1,1,0.06215,0.07606,0.2059,0.2261,0.2022,3.309,5.7
7,177,Kesler-Hayden,Coventry,DEF,Tottenham,False,2026-10-19 19:00:00+00:00,3.9,0,i,0,0,0,0,0,0,0,0,0
7,178,Bidwell,Coventry,DEF,Tottenham,False,2026-10-19 19:00:00+00:00,4,0.1,a,1,0,0,0,0,0,0,0,0
7,179,Latibeaudiere,Coventry,DEF,Tottenham,False,2026-10-19 19:00:00+00:00,4,0,a,1,0,0.0001423,0.0001565,0,0,0,0.2742,0.3
7,180,Woolfenden,Coventry,DEF,Tottenham,False,2026-10-19 19:00:00+00:00,4,0.1,i,0,0,0,0,0,0,0,0,0
7,181,Brau,Coventry,DEF,Tottenham,False,2026-10-19 19:00:00+00:00,4,0,u,0,0,0,0,0,0,0,0,0
7,182,Amenda,Coventry,DEF,Tottenham,False,2026-10-19 19:00:00+00:00,4,0.6,i,0,0,0,0,0,0,0,0,0
7,183,Rudoni,Coventry,MID,Tottenham,False,2026-10-19 19:00:00+00:00,4.9,0.1,a,1,0.8627,0.1521,0.09594,0.1776,0.2541,0.379,3.722,3
7,184,Grimes,Coventry,MID,Tottenham,False,2026-10-19 19:00:00+00:00,4.9,0.1,a,1,1,0.05115,0.06169,0.2059,0.1252,0.1344,2.906,2.3
7,185,Sakamoto,Coventry,MID,Tottenham,False,2026-10-19 19:00:00+00:00,4.8,0.1,a,1,0,0.005142,0.005094,0,0.0002929,0,0.2045,0
7,186,Mason-Clark,Coventry,MID,Tottenham,False,2026-10-19 19:00:00+00:00,5.3,0.1,a,1,0.1941,0.05252,0.04953,0.03996,0.05992,0.05217,1.62,1.3
7,187,Eccles,Coventry,MID,Tottenham,False,2026-10-19 19:00:00+00:00,4.8,0,i,1,0,0,0,0,0,0,0,0
7,188,Torp,Coventry,MID,Tottenham,False,2026-10-19 19:00:00+00:00,5.3,0.1,a,1,0,0.007857,0.01649,0,0,0,0.6201,0.3
7,189,Shepherd,Coventry,MID,Tottenham,False,2026-10-19 19:00:00+00:00,4.4,0.3,a,1,0,0,0,0,0,0,0,0
7,190,Tchaouna,Coventry,MID,Tottenham,False,2026-10-19 19:00:00+00:00,5.4,0.1,a,1,0.3333,0.04845,0.05806,0.06862,0.07289,0.06917,1.782,0.7
7,191,Borges Rodrigues,Coventry,MID,Tottenham,False,2026-10-19 19:00:00+00:00,4.5,0.1,u,0,0,0,0,0,0,0,0,0
7,192,Andrews,Coventry,MID,Tottenham,False,2026-10-19 19:00:00+00:00,4.5,0.3,u,0,0,0,0,0,0,0,0,0
7,193,Wright,Coventry,FWD,Tottenham,False,2026-10-19 19:00:00+00:00,5.3,0.1,i,0,0,0,0,0,0,0,0,0
7,194,Thomas-Asante,Coventry,FWD,Tottenham,False,2026-10-19 19:00:00+00:00,5,0.8,a,1,0.4118,0.09344,0.0326,0.08477,0.1324,0.1705,2.186,2
7,195,Simms,Coventry,FWD,Tottenham,False,2026-10-19 19:00:00+00:00,4.9,0.6,a,1,0.1373,0.0508,0.01519,0.02826,0.0652,0.002416,1.06,0.7
7,196,Markelo,Coventry,FWD,Tottenham,False,2026-10-19 19:00:00+00:00,5,0,u,0,0,0,0,0,0,0,0,0
7,197,Bassette,Coventry,FWD,Tottenham,False,2026-10-19 19:00:00+00:00,4.5,0,u,0,0,0,0,0,0,0,0,0
7,492,Awoniyi,Coventry,FWD,Tottenham,False,2026-10-19 19:00:00+00:00,5.4,0.4,s,0,0,0,0,0,0,0,0,0
7,575,Yirenkyi,Coventry,MID,Tottenham,False,2026-10-19 19:00:00+00:00,4.8,0.1,a,1,0.575,0.03673,0.05343,0.1184,0.0675,0.103,2.071,1.7
7,584,Hamer,Coventry,MID,Tottenham,False,2026-10-19 19:00:00+00:00,5.4,0.1,a,1,0,0.004997,0.005209,0,0,0,0.5352,0.3
7,599,Cherif,Coventry,FWD,Tottenham,False,2026-10-19 19:00:00+00:00,5,0.1,a,1,0,0.01462,0.006154,0,0.01572,0,0.3235,0.3
7,623,Bentley,Coventry,GKP,Tottenham,False,2026-10-19 19:00:00+00:00,4,0.6,a,1,0.1381,0,0.001182,0.02842,0.0187,0,0.34,0
7,655,Gboho,Coventry,MID,Tottenham,False,2026-10-19 19:00:00+00:00,5.5,0,a,1,0,0,0,0,0,0,0,0
7,656,Mfuni,Coventry,DEF,Tottenham,False,2026-10-19 19:00:00+00:00,4,0.1,a,1,0.2121,0.008491,0.009389,0.04367,0.03851,,,3
8,259,Diop,Ipswich,DEF,Nottingham Forest,True,2026-10-23 19:00:00+00:00,4,12.7,a,1,0.9369,0.04149,0.02469,0.1654,0.1443,0.6729,3.137,2.7
8,267,Lukić,Ipswich,MID,Nottingham Forest,True,2026-10-23 19:00:00+00:00,4.9,0.1,a,1,0.9108,0.0731,0.112,0.1608,0.174,0.2249,2.715,1.7
8,300,Walton,Ipswich,GKP,Nottingham Forest,True,2026-10-23 19:00:00+00:00,4.4,0.4,a,1,0.2745,0,0.002598,0.04847,0,0,0.5837,0.7
8,301,Palmer,Ipswich,GKP,Nottingham Forest,True,2026-10-23 19:00:00+00:00,4,3.9,a,1,0,0,0,0,0,0,0,0
8,302,Button,Ipswich,GKP,Nottingham Forest,True,2026-10-23 19:00:00+00:00,4,0.6,a,1,0,0,0,0,0,0,0,0
8,303,Kipré,Ipswich,DEF,Nottingham Forest,True,2026-10-23 19:00:00+00:00,3.9,0.9,a,1,0,0,0,0,0,0,0,0
8,304,O'Shea,Ipswich,DEF,Nottingham Forest,True,2026-10-23 19:00:00+00:00,4,2.7,a,1,1,0.02613,0.05878,0.1766,0.1607,0.7022,3.278,2
8,305,Davis,Ipswich,DEF,Nottingham Forest,True,2026-10-23 19:00:00+00:00,4,6.9,a,1,1,0.2218,0.1041,0.1766,0.3872,0.2022,4.314,5.7
8,306,Greaves,Ipswich,DEF,Nottingham Forest,True,2026-10-23 19:00:00+00:00,4,1.1,a,1,0.7255,0.01918,0.02758,0.1281,0.1061,0.375,2.031,0.7
8,307,Johnson,Ipswich,DEF,Nottingham Forest,True,2026-10-23 19:00:00+00:00,4,0.1,u,0,0,0,0,0,0,0,0,0
8,308,Furlong,Ipswich,DEF,Nottingham Forest,True,2026-10-23 19:00:00+00:00,3.9,0.6,a,1,0,0.001853,0.002037,0,0,0,0.1612,0
8,309,Núñez,Ipswich,MID,Nottingham Forest,True,2026-10-23 19:00:00+00:00,4.9,0.1,a,1,0.3005,0.02064,0.02011,0.05306,0.04514,0.1848,1.048,0
8,310,Matusiwa,Ipswich,MID,Nottingham Forest,True,2026-10-23 19:00:00+00:00,4.9,0,a,1,0,0,0,0,0,0,0,0
8,311,Burns,Ipswich,MID,Nottingham Forest,True,2026-10-23 19:00:00+00:00,5,0,u,0,0,0,0,0,0,0,0,0
8,312,Taylor,Ipswich,MID,Nottingham Forest,True,2026-10-23 19:00:00+00:00,4.4,0,i,0,0,0,0,0,0,0,0,0
8,313,Clarke,Ipswich,MID,Nottingham Forest,True,2026-10-23 19:00:00+00:00,5.4,0.2,a,1,0.5054,0.05476,0.05591,0.08924,0.0939,0.1087,1.845,1.3
8,314,Ogbene,Ipswich,MID,Nottingham Forest,True,2026-10-23 19:00:00+00:00,4.9,0,u,0,0,0,0,0,0,0,0,0
8,315,Fatawu,Ipswich,MID,Nottingham Forest,True,2026-10-23 19:00:00+00:00,5.4,0.2,s,1,1,0.04842,0.2365,0.1766,0.2056,0.1344,3.074,0
8,316,Emersonn,Ipswich,FWD,Nottingham Forest,True,2026-10-23 19:00:00+00:00,5.5,3.5,a,1,0.8368,0.2253,0.1494,0.1478,0.3674,0.008416,3.562,5.3
8,317,Hirst,Ipswich,FWD,Nottingham Forest,True,2026-10-23 19:00:00+00:00,5,0.1,u,0,0,0,0,0,0,0,0,0
8,318,Philogene,Ipswich,MID,Nottingham Forest,True,2026-10-23 19:00:00+00:00,5.4,0.1,a,1,0,0.01668,0.01641,0,0.002145,0,0.6402,0.7
8,319,Szmodics,Ipswich,MID,Nottingham Forest,True,2026-10-23 19:00:00+00:00,5,0,u,0,0,0,0,0,0,0,0,0
8,320,Akpom,Ipswich,FWD,Nottingham Forest,True,2026-10-23 19:00:00+00:00,5,1.2,a,1,0,0.04818,0.01321,0,0.05484,0,0.8622,0.3
8,321,Walle Egeli,Ipswich,FWD,Nottingham Forest,True,2026-10-23 19:00:00+00:00,4.5,3.5,a,1,0,0.004179,0.001742,0,0.002588,0,0.1618,0
8,322,Al-Hamadi,Ipswich,FWD,Nottingham Forest,True,2026-10-23 19:00:00+00:00,5,0,u,0,0,0,0,0,0,0,0,0
8,323,McAteer,Ipswich,MID,Nottingham Forest,True,2026-10-23 19:00:00+00:00,4.4,1,a,1,0,0.008767,0.00844,0,0,0,0.5638,0.3
8,324,Mehmeti,Ipswich,MID,Nottingham Forest,True,2026-10-23 19:00:00+00:00,4.8,0,a,1,0,0,0,0,0,0,0,0
8,554,Van Oevelen,Ipswich,GKP,Nottingham Forest,True,2026-10-23 19:00:00+00:00,4.5,0,u,0,0,0,0,0,0,0,0,0
8,562,Maeda,Ipswich,MID,Nottingham Forest,True,2026-10-23 19:00:00+00:00,5.3,0.2,a,1,0.4946,0.09336,0.03512,0.08734,0.1222,0.08862,2.365,1.3
8,564,Scherpen,Ipswich,GKP,Nottingham Forest,True,2026-10-23 19:00:00+00:00,4.5,0.6,a,1,0.5606,0,0.002983,0.09899,0.2197,0,1.882,1
8,571,Florentino,Ipswich,MID,Nottingham Forest,True,2026-10-23 19:00:00+00:00,4.8,0.1,a,1,0.2273,0.01982,0.01992,0.04013,0.02133,0.2363,1.302,0.7
8,591,Enciso,Ipswich,MID,Nottingham Forest,True,2026-10-23 19:00:00+00:00,5.5,0.8,a,1,0.7727,0.1461,0.1302,0.1364,0.2678,,,1.7
8,592,Ouattara,Ipswich,DEF,Nottingham Forest,True,2026-10-23 19:00:00+00:00,4,0.9,a,1,0.2745,0.01714,0.02712,0.04847,0.04403,0.111,1.588,1.3
8,602,Humphreys,Ipswich,MID,Nottingham Forest,True,2026-10-23 19:00:00+00:00,4.5,0,u,0,0,0,0,0,0,0,0,0
8,619,Palacios,Ipswich,MID,Nottingham Forest,True,2026-10-23 19:00:00+00:00,5,0.1,a,1,0.8108,0.05195,0.07113,0.1432,0.1154,0.6858,3.228,3.3
8,640,Flemming,Ipswich,FWD,Nottingham Forest,True,2026-10-23 19:00:00+00:00,5.5,0.1,a,1,0.4595,0.2932,0.03582,0.08113,0.4116,0.002488,2.747,2
8,167,Delap,Nottingham Forest,FWD,Ipswich,False,2026-10-23 19:00:00+00:00,5.6,2.7,a,1,0.6155,0.2254,0.06537,0.1641,0.3392,0.00394,2.422,2.7
8,201,Muñoz,Nottingham Forest,DEF,Ipswich,False,2026-10-23 19:00:00+00:00,5.4,5.7,a,1,0.5286,0.0803,0.1201,0.141,0.234,0.2531,3.011,1.7
8,467,Sels,Nottingham Forest,GKP,Ipswich,False,2026-10-23 19:00:00+00:00,5,1.6,a,1,1,0,0.002585,0.2667,0.2118,0,3.348,3.7
8,468,John,Nottingham Forest,GKP,Ipswich,False,2026-10-23 19:00:00+00:00,4.5,0.1,a,1,0,0,0,0,0,0,0,0
8,469,N.Williams,Nottingham Forest,DEF,Ipswich,False,2026-10-23 19:00:00+00:00,5,8.7,a,1,1,0.07439,0.1694,0.2667,0.3407,0.3047,4.238,3.7
8,470,Morato,Nottingham Forest,DEF,Ipswich,False,2026-10-23 19:00:00+00:00,5,0,u,0,0,0,0,0,0,0,0,0
8,471,Milenković,Nottingham Forest,DEF,Ipswich,False,2026-10-23 19:00:00+00:00,5.4,1,i,1,0.6095,0.01714,0.01476,0.1625,0.1167,0.4632,2.185,0
8,472,Murillo,Nottingham Forest,DEF,Ipswich,False,2026-10-23 19:00:00+00:00,5.5,2.1,a,1,0.7727,0.04292,0.0331,0.2061,0.1793,0.7378,3.135,6
8,473,Aina,Nottingham Forest,DEF,Ipswich,False,2026-10-23 19:00:00+00:00,4.4,2.4,a,1,0.4106,0.01638,0.02848,0.1095,0.09295,0.09903,1.347,1
8,474,Jair Cunha,Nottingham Forest,DEF,Ipswich,False,2026-10-23 19:00:00+00:00,4.5,0.2,a,1,0.7466,0.04582,0.02873,0.1991,0.1734,0.3831,2.654,3
8,475,Savona,Nottingham Forest,DEF,Ipswich,False,2026-10-23 19:00:00+00:00,4.5,0,i,0,0,0,0,0,0,0,0,0
8,476,O.Richards,Nottingham Forest,DEF,Ipswich,False,2026-10-23 19:00:00+00:00,4,0.2,a,1,0,0,0,0,0,,,0
8,477,Abbott,Nottingham Forest,DEF,Ipswich,False,2026-10-23 19:00:00+00:00,4,0.1,u,0,0,0,0,0,0,0,0,0
8,478,Netz,Nottingham Forest,DEF,Ipswich,False,2026-10-23 19:00:00+00:00,4.4,0,a,1,0.1381,0.007501,0.01292,0.03682,0.02377,0.08033,1.062,0.3
8,479,Bindon,Nottingham Forest,DEF,Ipswich,False,2026-10-23 19:00:00+00:00,4,0.1,u,0,0,0,0,0,0,0,0,0
8,480,Gibbs-White,Nottingham Forest,MID,Ipswich,False,2026-10-23 19:00:00+00:00,8,15.7,a,1,0.9369,0.3591,0.2571,0.2498,0.5931,0.07624,5.36,4.3
8,482,Hudson-Odoi,Nottingham Forest,MID,Ipswich,False,2026-10-23 19:00:00+00:00,5.8,0.1,a,1,0,0.0002678,0.0003738,0,0,0,0.1286,0
8,483,Ndoye,Nottingham Forest,MID,Ipswich,False,2026-10-23 19:00:00+00:00,5.5,0.7,a,1,0.4106,0.1418,0.1687,0.1095,0.2486,0.04013,2.619,1
8,484,Hutchinson,Nottingham Forest,MID,Ipswich,False,2026-10-23 19:00:00+00:00,5.4,0.1,u,0,0,0,0,0,0,0,0,0
8,485,Bakwa,Nottingham Forest,MID,Ipswich,False,2026-10-23 19:00:00+00:00,5.5,0,u,0,0,0,0,0,0,0,0,0
8,486,McAtee,Nottingham Forest,MID,Ipswich,False,2026-10-23 19:00:00+00:00,5.5,0.1,a,1,0.7727,0.07341,0.1857,0.2061,0.1906,0.2796,3.045,2.3
8,487,Dominguez,Nottingham Forest,MID,Ipswich,False,2026-10-23 19:00:00+00:00,4.9,0.1,a,1,0.075,0.014,0.01909,0.02,0.0142,0.02223,0.6121,0
8,488,I.Sangaré,Nottingham Forest,MID,Ipswich,False,2026-10-23 19:00:00+00:00,4.9,0.4,a,1,0.1953,0.0195,0.02367,0.05207,0.01719,0.1312,1.225,0.7
8,489,Yates,Nottingham Forest,MID,Ipswich,False,2026-10-23 19:00:00+00:00,4.5,1.2,a,1,0,0.008903,0.007011,0,0.0064,0,0.1611,0
8,490,Wood,Nottingham Forest,FWD,Ipswich,False,2026-10-23 19:00:00+00:00,5.8,0.9,a,1,0.1642,0.088,0.02134,0.04378,0.1127,0.001445,1.568,1
8,491,Igor Jesus,Nottingham Forest,FWD,Ipswich,False,2026-10-23 19:00:00+00:00,5.8,2.6,a,1,0.4595,0.2635,0.07968,0.1225,0.3831,0.001903,2.948,3
8,493,Kalimuendo,Nottingham Forest,FWD,Ipswich,False,2026-10-23 19:00:00+00:00,5.4,0.1,a,1,0,0.0004541,0.0001754,0,0,,,0
8,558,Schlager,Nottingham Forest,MID,Ipswich,False,2026-10-23 19:00:00+00:00,5,0.1,a,1,0.8627,0.07365,0.06111,0.2301,0.1393,0.6255,3.178,2.7
8,581,Diomande,Nottingham Forest,DEF,Ipswich,False,2026-10-23 19:00:00+00:00,5.4,0.5,a,1,0.5054,0.0266,0.02245,0.1348,0.1116,0.3657,2.254,2.3
8,590,Benda,Nottingham Forest,GKP,Ipswich,False,2026-10-23 19:00:00+00:00,4.5,0.1,a,1,0,0,0,0,0,0,0,0
8,29,M.Bizot,Aston Villa,GKP,Manchester City,True,2026-10-24 11:30:00+00:00,4.5,0.1,i,1,0.1953,0,0.001198,0.02742,0.04542,0,0.4357,0
8,30,Digne,Aston Villa,DEF,Manchester City,True,2026-10-24 11:30:00+00:00,4.5,0,u,0,0,0,0,0,0,0,0,0
8,32,Cash,Aston Villa,DEF,Manchester City,True,2026-10-24 11:30:00+00:00,4.4,4.8,a,1,0.5203,0.02292,0.05613,0.07306,0.09246,0.06054,1.232,1.7
8,33,Mings,Aston Villa,DEF,Manchester City,True,2026-10-24 11:30:00+00:00,4.5,0.4,a,1,0.6928,0.06272,0.03198,0.09728,0.1319,0.406,2.162,3
8,34,Pau,Aston Villa,DEF,Manchester City,True,2026-10-24 11:30:00+00:00,4.4,0.3,i,1,0.3072,0.02848,0.007313,0.04314,0.04888,0.07939,1.117,0
8,35,Bogarde,Aston Villa,MID,Manchester City,True,2026-10-24 11:30:00+00:00,4.9,0.1,a,1,0.08919,0.004441,0.005944,0.01252,0.002653,0.01199,0.4147,0
8,36,Maatsen,Aston Villa,DEF,Manchester City,True,2026-10-24 11:30:00+00:00,4.4,0.5,i,0,0,0,0,0,0,0,0,0
8,37,Lindelöf,Aston Villa,DEF,Manchester City,True,2026-10-24 11:30:00+00:00,4.5,0.3,a,1,0.925,0.05839,0.05071,0.1299,0.1583,0.1151,2.534,2.7
8,38,A.García,Aston Villa,DEF,Manchester City,True,2026-10-24 11:30:00+00:00,4,1.5,a,1,0,0.002273,0.002845,0,0.002094,,,0
8,39,Nedeljkovic,Aston Villa,DEF,Manchester City,True,2026-10-24 11:30:00+00:00,4,0.1,u,0,0,0,0,0,0,0,0,0
8,41,Buendía,Aston Villa,MID,Manchester City,True,2026-10-24 11:30:00+00:00,5.9,1,a,1,0.9369,0.1444,0.1576,0.1316,0.282,0.3672,3.912,5.7
8,44,Bailey,Aston Villa,MID,Manchester City,True,2026-10-24 11:30:00+00:00,5.4,0.1,u,0,0,0,0,0,0,0,0,0
8,45,McGinn,Aston Villa,MID,Manchester City,True,2026-10-24 11:30:00+00:00,5.4,2.2,a,1,0.9108,0.1028,0.1791,0.1279,0.2387,0.09219,3.113,5
8,46,Barkley,Aston Villa,MID,Manchester City,True,2026-10-24 11:30:00+00:00,5,0.3,a,1,0.7129,0.09999,0.1288,0.1001,0.1943,0.1409,3.034,2
8,47,Kamara,Aston Villa,MID,Manchester City,True,2026-10-24 11:30:00+00:00,5,0.3,a,1,0.7727,0.0521,0.09682,0.1085,0.1371,0.1968,2.539,3.7
8,48,Onana,Aston Villa,MID,Manchester City,True,2026-10-24 11:30:00+00:00,4.9,0,i,0,0,0,0,0,0,0,0,0
8,49,Iling Jr,Aston Villa,MID,Manchester City,True,2026-10-24 11:30:00+00:00,5,0,u,0,0,0,0,0,0,,,0
8,50,Burrowes,Aston Villa,MID,Manchester City,True,2026-10-24 11:30:00+00:00,4.5,0.6,a,1,0,0,0,0,0,,,0
8,51,George Hemmings,Aston Villa,MID,Manchester City,True,2026-10-24 11:30:00+00:00,4.5,1.2,a,1,0.3822,0.06254,0.08272,0.05367,0.1094,,,1.7
8,52,Alysson,Aston Villa,MID,Manchester City,True,2026-10-24 11:30:00+00:00,5,0,d,1,0,0.02802,0.01827,0,0.01412,,,1.7
8,53,Manzambi,Aston Villa,MID,Manchester City,True,2026-10-24 11:30:00+00:00,5.9,0.4,a,1,0.2745,0.08488,0.05683,0.03855,0.1291,0.07378,1.616,4.7
8,54,Gomes,Aston Villa,MID,Manchester City,True,2026-10-24 11:30:00+00:00,5.5,0,a,1,0.3502,0.02717,0.03724,0.04918,0.05788,0.3246,1.486,1.3
8,55,Watkins,Aston Villa,FWD,Manchester City,True,2026-10-24 11:30:00+00:00,7.8,2.5,u,0,0,0,0,0,0,0,0,0
8,56,Abraham,Aston Villa,FWD,Manchester City,True,2026-10-24 11:30:00+00:00,5.5,0.2,a,1,0,0.05434,0.01242,0,0.0607,0,0.982,1
8,160,Garnacho,Aston Villa,MID,Manchester City,True,2026-10-24 11:30:00+00:00,5.8,0.3,a,1,0,0.008752,0.00996,0,0,0,0.5309,0.3
8,166,N.Jackson,Aston Villa,FWD,Manchester City,True,2026-10-24 11:30:00+00:00,6.5,1.5,a,1,0.4883,0.1533,0.0844,0.06857,0.2413,,,2.7
8,582,Madjo,Aston Villa,FWD,Manchester City,True,2026-10-24 11:30:00+00:00,5.4,0.2,i,0,0,0,0,0,0,0,0,0
8,596,Ruggeri,Aston Villa,DEF,Manchester City,True,2026-10-24 11:30:00+00:00,4.5,0.1,a,1,0.2745,0.01671,0.01869,0.03855,0.04137,0.2483,1.246,1.3
8,597,Suzuki,Aston Villa,GKP,Manchester City,True,2026-10-24 11:30:00+00:00,5,1.9,a,1,0.8627,0,0.005818,0.1211,0.4276,0,3.237,4.7
8,606,Rowe,Aston Villa,DEF,Manchester City,True,2026-10-24 11:30:00+00:00,4,0.2,a,1,0,0,0,0,0,,,0
8,607,Lynch,Aston Villa,MID,Manchester City,True,2026-10-24 11:30:00+00:00,4.5,0.1,u,0,0,0,0,0,0,0,0,0
8,611,Wan-Bissaka,Aston Villa,DEF,Manchester City,True,2026-10-24 11:30:00+00:00,4.5,0.2,a,1,0.3426,0.006139,0.04055,0.04811,0.04589,0.2568,1.549,1.7
8,618,Goretzka,Aston Villa,MID,Manchester City,True,2026-10-24 11:30:00+00:00,5.9,0,i,1,0,0,0,0,0,0,0,0
8,630,Harwood-Bellis,Aston Villa,DEF,Manchester City,True,2026-10-24 11:30:00+00:00,4.5,0,a,1,0,0,0,0,0,0,0,0
8,631,Mbaye,Aston Villa,MID,Manchester City,True,2026-10-24 11:30:00+00:00,6,0.1,a,1,0,0.01722,0.01892,0,0,0,0.8654,0.7
8,667,Wright,Aston Villa,GKP,Manchester City,True,2026-10-24 11:30:00+00:00,4,0.1,a,1,0,0,0,0,0,0,0,1
8,155,Enzo,Manchester City,MID,Aston Villa,False,2026-10-24 11:30:00+00:00,6.9,3.6,a,1,0.7678,0.2071,0.2263,0.1831,0.3813,0.1005,3.69,4
8,237,Ndiaye,Manchester City,MID,Aston Villa,False,2026-10-24 11:30:00+00:00,5.8,6.7,a,1,0.8216,0.1875,0.2196,0.1959,0.352,0.3956,4.362,3
8,384,Donnarumma,Manchester City,GKP,Aston Villa,False,2026-10-24 11:30:00+00:00,5.5,7.6,a,1,0.9108,0,0.001568,0.2172,0.2039,0,2.886,5.3
8,386,Bettinelli,Manchester City,GKP,Aston Villa,False,2026-10-24 11:30:00+00:00,4.5,0,a,1,0,0,0,0,0,0,0,0
8,387,O'Reilly,Manchester City,DEF,Aston Villa,False,2026-10-24 11:30:00+00:00,6.3,10.9,a,1,0.3072,0.06399,0.03523,0.07327,0.1189,0.04233,1.805,0.7
8,388,Guéhi,Manchester City,DEF,Aston Villa,False,2026-10-24 11:30:00+00:00,6,18.2,a,1,0.9108,0.1101,0.0879,0.2172,0.29,0.4507,3.918,6
8,389,Matheus N.,Manchester City,DEF,Aston Villa,False,2026-10-24 11:30:00+00:00,5.9,1,a,1,0.4655,0.01083,0.05113,0.111,0.1033,0.1773,1.782,3.3
8,390,Rúben,Manchester City,DEF,Aston Villa,False,2026-10-24 11:30:00+00:00,5.5,1.9,a,1,0.8619,0.02489,0.0367,0.2056,0.1626,0.2925,2.846,4.3
8,391,Gvardiol,Manchester City,DEF,Aston Villa,False,2026-10-24 11:30:00+00:00,5.7,26.8,a,1,0.7727,0.07949,0.07146,0.1843,0.2262,0.2379,3.026,7.7
8,392,Aït-Nouri,Manchester City,DEF,Aston Villa,False,2026-10-24 11:30:00+00:00,5.3,0.4,a,1,0.06307,0.007245,0.007965,0.01504,0.01885,0.02064,0.3458,0
8,393,Khusanov,Manchester City,DEF,Aston Villa,False,2026-10-24 11:30:00+00:00,5.4,1.4,a,1,0.5203,0.02185,0.02318,0.1241,0.1056,0.2649,1.709,1.7
8,394,Alleyne,Manchester City,DEF,Aston Villa,False,2026-10-24 11:30:00+00:00,5,0,u,0,0,0,0,0,0,0,0,0
8,395,Lewis,Manchester City,DEF,Aston Villa,False,2026-10-24 11:30:00+00:00,4.4,0.2,a,1,0.08919,0.02092,0.03141,0.02127,0.05208,0.02886,0.5064,0
8,396,Vitor Reis,Manchester City,DEF,Aston Villa,False,2026-10-24 11:30:00+00:00,4.5,0,a,1,0,0.0001328,0.0001461,0,0,,,0
8,397,Semenyo,Manchester City,MID,Aston Villa,False,2026-10-24 11:30:00+00:00,8.4,15.3,d,1,0.8358,0.2463,0.1807,0.1993,0.4071,0.1336,4.349,6.5
8,398,Foden,Manchester City,MID,Aston Villa,False,2026-10-24 11:30:00+00:00,6.9,1.8,s,1,0.3845,0.1427,0.1524,0.09169,0.2394,0.09792,2.666,0
8,399,Cherki,Manchester City,MID,Aston Villa,False,2026-10-24 11:30:00+00:00,7.8,28.4,a,1,0.4883,0.1323,0.2911,0.1164,0.2899,0.1072,3.411,4
8,400,Doku,Manchester City,MID,Aston Villa,False,2026-10-24 11:30:00+00:00,7.4,0.7,a,1,0.075,0.02311,0.05016,0.01789,0.03575,0.006719,0.8408,0.3
8,402,Rodrigo,Manchester City,MID,Aston Villa,False,2026-10-24 11:30:00+00:00,6.5,0,u,0,0,0,0,0,0,0,0,0
8,404,Reijnders,Manchester City,MID,Aston Villa,False,2026-10-24 11:30:00+00:00,6,0,u,0,0,0,0,0,0,0,0,0
8,406,Kovačić,Manchester City,MID,Aston Villa,False,2026-10-24 11:30:00+00:00,5.4,0.1,a,1,0,0.01923,0.03003,0,0.01411,,,0
8,407,Echeverri,Manchester City,MID,Aston Villa,False,2026-10-24 11:30:00+00:00,4.9,0,u,0,0,0,0,0,0,,,0
8,408,Phillips,Manchester City,MID,Aston Villa,False,2026-10-24 11:30:00+00:00,5,0,u,0,0,0,0,0,0,,,0
8,409,Mukasa,Manchester City,MID,Aston Villa,False,2026-10-24 11:30:00+00:00,4.5,0.1,u,0,0,0,0,0,0,,,0
8,410,Monga,Manchester City,MID,Aston Villa,False,2026-10-24 11:30:00+00:00,4.9,0,u,0,0,0,0,0,0,0,0,0
8,411,Haaland,Manchester City,FWD,Aston Villa,False,2026-10-24 11:30:00+00:00,15.6,73.8,a,1,0.8477,0.6121,0.1379,0.2022,0.9045,0.002436,5.464,8
8,481,Anderson,Manchester City,MID,Aston Villa,False,2026-10-24 11:30:00+00:00,6.3,4,a,1,1,0.1045,0.2132,0.2385,0.2616,1.173,4.634,3.3
8,587,Rulli,Manchester City,GKP,Aston Villa,False,2026-10-24 11:30:00+00:00,5,0,a,1,0,0,0,0,0,0,0,0
8,616,Bouaddi,Manchester City,MID,Aston Villa,False,2026-10-24 11:30:00+00:00,5.5,0.2,a,1,0,0.008832,0.008991,0,0,0,0.4853,0.3
8,621,McAidoo,Manchester City,MID,Aston Villa,False,2026-10-24 11:30:00+00:00,4.5,0.1,a,1,0,0.004132,0.002959,0,0,,,0.3
8,622,Braithwaite,Manchester City,DEF,Aston Villa,False,2026-10-24 11:30:00+00:00,4,0.2,a,1,0,0.0001993,0.0002191,0,0,0,0.19,0
8,628,Allan,Manchester City,MID,Aston Villa,False,2026-10-24 11:30:00+00:00,6,0,a,1,0,0,0,0,0,0,0,0
8,653,Samba,Manchester City,MID,Aston Villa,False,2026-10-24 11:30:00+00:00,4.5,0,a,1,0,0,0,0,0,0,0,0
8,21,Nørgaard,Everton,MID,Arsenal,False,2026-10-24 14:00:00+00:00,4.8,0,i,0,0,0,0,0,0,,,0
8,209,Johnson,Everton,MID,Arsenal,False,2026-10-24 14:00:00+00:00,5.9,0.1,a,1,0.6036,0.0479,0.02899,0.08549,0.07795,0.04635,1.901,2.3
8,226,Pickford,Everton,GKP,Arsenal,False,2026-10-24 14:00:00+00:00,5.5,9.1,a,1,1,0,0.005053,0.1416,0.2679,0,3.008,5
8,227,Travers,Everton,GKP,Arsenal,False,2026-10-24 14:00:00+00:00,5,0,a,1,0,0,0,0,0,0,0,0
8,228,King,Everton,GKP,Arsenal,False,2026-10-24 14:00:00+00:00,4.5,0,a,1,0,0,0,0,0,0,0,0
8,229,Tarkowski,Everton,DEF,Arsenal,False,2026-10-24 14:00:00+00:00,6.2,16.5,a,1,1,0.04039,0.04258,0.1416,0.1425,1.118,3.375,8.3
8,230,Branthwaite,Everton,DEF,Arsenal,False,2026-10-24 14:00:00+00:00,5.5,2.4,a,1,0.7727,0.02237,0.01891,0.1094,0.09143,0.7135,2.413,5.7
8,231,Keane,Everton,DEF,Arsenal,False,2026-10-24 14:00:00+00:00,4.8,0.7,a,1,0.2273,0.01536,0.00295,0.03219,0.03376,0.2158,0.7675,0
8,232,O'Brien,Everton,DEF,Arsenal,False,2026-10-24 14:00:00+00:00,4.8,0.3,a,1,0.2273,0.006303,0.004862,0.03219,0.01655,0.08244,0.794,0.7
8,233,Mykolenko,Everton,DEF,Arsenal,False,2026-10-24 14:00:00+00:00,4.6,4.2,a,1,1,0.009722,0.02683,0.1416,0.1009,0.515,2.314,5.7
8,234,Patterson,Everton,DEF,Arsenal,False,2026-10-24 14:00:00+00:00,4.5,0,u,0,0,0,0,0,0,0,0,0
8,235,Aznou,Everton,DEF,Arsenal,False,2026-10-24 14:00:00+00:00,4,0.1,u,0,0,0,0,0,0,,,0
8,236,Dewsbury-Hall,Everton,MID,Arsenal,False,2026-10-24 14:00:00+00:00,6.6,6,a,1,1,0.1012,0.1421,0.1416,0.2269,0.27,3.392,2.3
8,238,Grealish,Everton,MID,Arsenal,False,2026-10-24 14:00:00+00:00,6.5,0.5,a,1,0.2121,0.0228,0.03995,0.03005,0.03193,0.01754,1.172,1.7
8,239,Garner,Everton,MID,Arsenal,False,2026-10-24 14:00:00+00:00,6,0.2,a,1,0.8939,0.02843,0.08332,0.1266,0.1003,0.7934,2.864,3
8,242,George,Everton,MID,Arsenal,False,2026-10-24 14:00:00+00:00,5.5,0.9,a,1,0.5606,0.04106,0.08691,0.0794,0.08861,0.07533,2.27,4.7
8,243,Alcaraz,Everton,MID,Arsenal,False,2026-10-24 14:00:00+00:00,4.9,0.1,a,1,0,0.001417,0.001473,0,0,0,0.2698,0
8,244,Armstrong,Everton,MID,Arsenal,False,2026-10-24 14:00:00+00:00,5,0.4,a,1,0.7727,0.03359,0.06184,0.1094,0.0931,0.2999,2.128,2
8,245,Dibling,Everton,MID,Arsenal,False,2026-10-24 14:00:00+00:00,5.4,0,a,1,0,0.004554,0.005916,0,0,0,0.2527,0.3
8,246,Röhl,Everton,MID,Arsenal,False,2026-10-24 14:00:00+00:00,4.9,0,i,1,0.6095,0.02256,0.03762,0.08632,0.06695,0.1405,1.588,0
8,247,Hackney,Everton,MID,Arsenal,False,2026-10-24 14:00:00+00:00,5.4,0.2,a,1,0.1373,0.01546,0.01872,0.01944,0,0.03689,1.327,2
8,248,Beto,Everton,FWD,Arsenal,False,2026-10-24 14:00:00+00:00,5.4,0.6,u,0,0,0,0,0,0,0,0,0
8,249,Barry,Everton,FWD,Arsenal,False,2026-10-24 14:00:00+00:00,5.7,8.3,a,1,0.8619,0.2538,0.03778,0.1221,0.3774,0.003468,3.371,3.3
8,649,Maitland-Niles,Everton,DEF,Arsenal,False,2026-10-24 14:00:00+00:00,4.5,1.4,a,1,0.7225,0.01735,0.04553,0.1023,0.09494,0.2338,2.186,7
8,654,Graham,Everton,MID,Arsenal,False,2026-10-24 14:00:00+00:00,4.5,0.1,a,1,0,0,0,0,0,,,0
8,91,Pinnock,Coventry,DEF,Fulham,True,2026-10-24 14:00:00+00:00,4.5,0.1,a,1,0.5405,0.02233,0.02023,0.148,0.1149,0.6498,2.377,4.3
8,104,Onyeka,Coventry,MID,Fulham,True,2026-10-24 14:00:00+00:00,4.9,0.1,a,1,0.6466,0.03911,0.05174,0.1771,0.09262,,,2.3
8,110,Rushworth,Coventry,GKP,Fulham,True,2026-10-24 14:00:00+00:00,4.5,0.8,a,1,0.7727,0,0.0359,0.2116,0.1037,0,2.416,4.3
8,171,Dovin,Coventry,GKP,Fulham,True,2026-10-24 14:00:00+00:00,4,1,u,0,0,0,0,0,0,0,0,0
8,172,Wilson,Coventry,GKP,Fulham,True,2026-10-24 14:00:00+00:00,4.4,0.4,a,1,0,0,0,0,0,0,0,0
8,173,Thomas,Coventry,DEF,Fulham,True,2026-10-24 14:00:00+00:00,4,8.5,a,1,1,0.06249,0.1119,0.2738,0.2923,0.9522,4.644,4.3
8,174,Kitching,Coventry,DEF,Fulham,True,2026-10-24 14:00:00+00:00,4,0.3,u,0,0,0,0,0,0,0,0,0
8,175,van Ewijk,Coventry,DEF,Fulham,True,2026-10-24 14:00:00+00:00,4,8.7,d,1,0.7255,0.02092,0.04426,0.1987,0.1616,0.375,2.544,0.8
8,176,Dasilva,Coventry,DEF,Fulham,True,2026-10-24 14:00:00+00:00,4,0.7,a,1,1,0.07661,0.09375,0.2738,0.2934,0.2022,3.921,5.7
8,177,Kesler-Hayden,Coventry,DEF,Fulham,True,2026-10-24 14:00:00+00:00,3.9,0,i,0,0,0,0,0,0,0,0,0
8,178,Bidwell,Coventry,DEF,Fulham,True,2026-10-24 14:00:00+00:00,4,0.1,a,1,0,0,0,0,0,0,0,0
8,179,Latibeaudiere,Coventry,DEF,Fulham,True,2026-10-24 14:00:00+00:00,4,0,a,1,0,0.0001754,0.0001929,0,0,0,0.2749,0.3
8,180,Woolfenden,Coventry,DEF,Fulham,True,2026-10-24 14:00:00+00:00,4,0.1,i,0,0,0,0,0,0,0,0,0
8,181,Brau,Coventry,DEF,Fulham,True,2026-10-24 14:00:00+00:00,4,0,u,0,0,0,0,0,0,0,0,0
8,182,Amenda,Coventry,DEF,Fulham,True,2026-10-24 14:00:00+00:00,4,0.6,i,0,0,0,0,0,0,0,0,0
8,183,Rudoni,Coventry,MID,Fulham,True,2026-10-24 14:00:00+00:00,4.9,0.1,a,1,0.8627,0.1875,0.1183,0.2363,0.3064,0.379,4.076,3
8,184,Grimes,Coventry,MID,Fulham,True,2026-10-24 14:00:00+00:00,4.9,0.1,a,1,1,0.06306,0.07604,0.2738,0.1445,0.1344,3.096,2.3
8,185,Sakamoto,Coventry,MID,Fulham,True,2026-10-24 14:00:00+00:00,4.8,0.1,a,1,0,0.006339,0.006279,0,0.002328,0,0.2161,0
8,186,Mason-Clark,Coventry,MID,Fulham,True,2026-10-24 14:00:00+00:00,5.3,0.1,a,1,0.1941,0.06474,0.06106,0.05316,0.08001,0.05217,1.749,1.3
8,187,Eccles,Coventry,MID,Fulham,True,2026-10-24 14:00:00+00:00,4.8,0,i,1,0,0,0,0,0,0,0,0
8,188,Torp,Coventry,MID,Fulham,True,2026-10-24 14:00:00+00:00,5.3,0.1,a,1,0,0.009686,0.02032,0,0,0,0.6407,0.3
8,189,Shepherd,Coventry,MID,Fulham,True,2026-10-24 14:00:00+00:00,4.4,0.3,a,1,0,0,0,0,0,0,0,0
8,190,Tchaouna,Coventry,MID,Fulham,True,2026-10-24 14:00:00+00:00,5.4,0.1,a,1,0.3333,0.05972,0.07157,0.09128,0.09245,0.06917,1.921,0.7
8,191,Borges Rodrigues,Coventry,MID,Fulham,True,2026-10-24 14:00:00+00:00,4.5,0.1,u,0,0,0,0,0,0,0,0,0
8,192,Andrews,Coventry,MID,Fulham,True,2026-10-24 14:00:00+00:00,4.5,0.3,u,0,0,0,0,0,0,0,0,0
8,193,Wright,Coventry,FWD,Fulham,True,2026-10-24 14:00:00+00:00,5.3,0.1,i,0,0,0,0,0,0,0,0,0
8,194,Thomas-Asante,Coventry,FWD,Fulham,True,2026-10-24 14:00:00+00:00,5,0.8,a,1,0.4118,0.1152,0.04019,0.1128,0.165,0.1705,2.329,2
8,195,Simms,Coventry,FWD,Fulham,True,2026-10-24 14:00:00+00:00,4.9,0.6,a,1,0.1373,0.06262,0.01872,0.03759,0.08267,0.002416,1.135,0.7
8,196,Markelo,Coventry,FWD,Fulham,True,2026-10-24 14:00:00+00:00,5,0,u,0,0,0,0,0,0,0,0,0
8,197,Bassette,Coventry,FWD,Fulham,True,2026-10-24 14:00:00+00:00,4.5,0,u,0,0,0,0,0,0,0,0,0
8,492,Awoniyi,Coventry,FWD,Fulham,True,2026-10-24 14:00:00+00:00,5.4,0.4,s,1,0.3392,0.215,0.06963,0.09289,0.3128,0.00398,2.424,0
8,575,Yirenkyi,Coventry,MID,Fulham,True,2026-10-24 14:00:00+00:00,4.8,0.1,a,1,0.575,0.04527,0.06587,0.1575,0.08269,0.103,2.205,1.7
8,584,Hamer,Coventry,MID,Fulham,True,2026-10-24 14:00:00+00:00,5.4,0.1,a,1,0,0.006159,0.006422,0,0,0,0.5447,0.3
8,599,Cherif,Coventry,FWD,Fulham,True,2026-10-24 14:00:00+00:00,5,0.1,a,1,0,0.01802,0.007586,0,0.02081,0,0.3465,0.3
8,623,Bentley,Coventry,GKP,Fulham,True,2026-10-24 14:00:00+00:00,4,0.6,a,1,0.1381,0,0.001458,0.03781,0.01931,0,0.3959,0
8,655,Gboho,Coventry,MID,Fulham,True,2026-10-24 14:00:00+00:00,5.5,0,a,1,0,0,0,0,0,0,0,0
8,656,Mfuni,Coventry,DEF,Fulham,True,2026-10-24 14:00:00+00:00,4,0.1,a,1,0.2121,0.01047,0.01157,0.05809,0.05059,,,3
8,1,Raya,Arsenal,GKP,Everton,True,2026-10-24 14:00:00+00:00,6.1,42.3,a,1,0.9108,0,0.004736,0.3991,0.1521,0,3.463,6
8,2,Arrizabalaga,Arsenal,GKP,Everton,True,2026-10-24 14:00:00+00:00,4.9,0.1,a,1,0.08919,0,0.0009696,0.03908,0.01629,0,0.3353,0
8,3,Meslier,Arsenal,GKP,Everton,True,2026-10-24 14:00:00+00:00,4.9,0,a,1,0,0,0,0,0,0,0,0
8,4,Gabriel,Arsenal,DEF,Everton,True,2026-10-24 14:00:00+00:00,8,22.7,a,1,0.9108,0.1719,0.08678,0.3991,0.4564,0.6581,5.428,4
8,5,J.Timber,Arsenal,DEF,Everton,True,2026-10-24 14:00:00+00:00,6.5,0.4,a,1,0,0.02889,0.02538,0,0.03717,0,0.6291,0.3
8,6,Saliba,Arsenal,DEF,Everton,True,2026-10-24 14:00:00+00:00,5.9,0.2,i,0,0,0,0,0,0,0,0,0
8,7,Lewis-Skelly,Arsenal,MID,Everton,True,2026-10-24 14:00:00+00:00,5.4,0.6,a,1,0.5345,0.03104,0.03954,0.2342,0.05756,0.0676,1.956,1
8,8,Calafiori,Arsenal,DEF,Everton,True,2026-10-24 14:00:00+00:00,5.8,50.5,a,1,0.8477,0.1335,0.102,0.3714,0.4118,0.07838,4.75,3
8,9,Hincapie,Arsenal,DEF,Everton,True,2026-10-24 14:00:00+00:00,5.2,0.9,a,1,0.08919,0.00475,0.01833,0.03908,0.03177,0.06406,0.8129,0.3
8,10,White,Arsenal,DEF,Everton,True,2026-10-24 14:00:00+00:00,5.5,4.9,d,1,0.3822,0.02035,0.06703,0.1675,0.1568,0.1053,2.158,0.8
8,11,Mosquera,Arsenal,DEF,Everton,True,2026-10-24 14:00:00+00:00,5.3,1.6,a,1,0.3964,0.0113,0.02118,0.1737,0.1231,0.1594,1.815,0
8,12,Saka,Arsenal,MID,Everton,True,2026-10-24 14:00:00+00:00,9.5,13.7,a,1,0.9108,0.3769,0.2768,0.3991,0.6186,0.2838,5.775,4
8,13,Rice,Arsenal,MID,Everton,True,2026-10-24 14:00:00+00:00,7.4,11.6,d,1,0.9108,0.0768,0.2248,0.3991,0.2244,0.6099,3.901,3
8,14,Eze,Arsenal,MID,Everton,True,2026-10-24 14:00:00+00:00,6.2,1,a,1,0.1381,0.05412,0.03469,0.0605,0.04976,0.01237,1.485,0.7
8,15,Ødegaard,Arsenal,MID,Everton,True,2026-10-24 14:00:00+00:00,6.8,19.8,a,1,0.8477,0.1063,0.333,0.3714,0.3072,0.1303,4.098,5
8,16,Madueke,Arsenal,MID,Everton,True,2026-10-24 14:00:00+00:00,6.2,0.2,a,1,0.08919,0.01548,0.03667,0.03908,0.0222,0.01128,0.7575,0.3
8,17,Merino,Arsenal,MID,Everton,True,2026-10-24 14:00:00+00:00,5.7,0.4,a,1,0,0.05934,0.0351,0,0.04507,0,1.159,0.7
8,18,Martinelli,Arsenal,MID,Everton,True,2026-10-24 14:00:00+00:00,6.3,0.1,u,0,0,0,0,0,0,0,0,0
8,19,Zubimendi,Arsenal,MID,Everton,True,2026-10-24 14:00:00+00:00,5.3,0.6,a,1,0.08919,0.02675,0.01573,0.03908,0,0.03791,1.347,1
8,20,Dowman,Arsenal,MID,Everton,True,2026-10-24 14:00:00+00:00,5.3,0.1,a,1,0.08919,0.01573,0.0198,0.03908,0.02005,0.0274,0.6151,0.3
8,22,Nwaneri,Arsenal,MID,Everton,True,2026-10-24 14:00:00+00:00,5.4,0,u,0,0,0,0,0,0,0,0,0
8,23,Fábio Vieira,Arsenal,MID,Everton,True,2026-10-24 14:00:00+00:00,5.5,0,u,0,0,0,0,0,0,,,0
8,24,Nelson,Arsenal,MID,Everton,True,2026-10-24 14:00:00+00:00,5.5,0,u,0,0,0,0,0,0,,,0
8,25,Gyökeres,Arsenal,FWD,Everton,True,2026-10-24 14:00:00+00:00,7.1,3.1,a,1,0.06307,0.07299,0.02318,0.02763,0.09494,0.0003172,1.109,0.7
8,26,Havertz,Arsenal,FWD,Everton,True,2026-10-24 14:00:00+00:00,7.6,8.3,d,1,0.8477,0.4086,0.1702,0.3714,0.6311,0.005684,4.376,2.8
8,27,G.Jesus,Arsenal,FWD,Everton,True,2026-10-24 14:00:00+00:00,5.9,0.1,u,0,0,0,0,0,0,0,0,0
8,31,Konsa,Arsenal,DEF,Everton,True,2026-10-24 14:00:00+00:00,4.6,19.4,a,1,0.6786,0.02997,0.02471,0.2973,0.2127,0.1953,3.188,3.7
8,452,Bruno G.,Arsenal,MID,Everton,True,2026-10-24 14:00:00+00:00,6.7,1.8,a,1,0.2273,0.1032,0.09011,0.09958,0.1488,0.08368,2,2.7
8,557,Tzolis,Arsenal,MID,Everton,True,2026-10-24 14:00:00+00:00,6.3,12.2,a,1,0.8368,0.08181,0.2197,0.3666,0.2179,0.1285,3.261,3.3
8,250,Leno,Fulham,GKP,Coventry,False,2026-10-24 14:00:00+00:00,4.5,3.4,a,1,1,0,0.00178,0.3055,0.2501,0,3.617,4.3
8,251,Lecomte,Fulham,GKP,Coventry,False,2026-10-24 14:00:00+00:00,4,1.1,a,1,0,0,0,0,0,0,0,0
8,252,McNally,Fulham,GKP,Coventry,False,2026-10-24 14:00:00+00:00,4,0.1,u,0,0,0,0,0,0,0,0,0
8,253,Andersen,Fulham,DEF,Coventry,False,2026-10-24 14:00:00+00:00,5,0.2,a,1,0.2761,0.01517,0.01217,0.08437,0.06377,0.2912,1.399,0.7
8,254,Robinson,Fulham,DEF,Coventry,False,2026-10-24 14:00:00+00:00,4.5,1.5,a,1,1,0.06029,0.07849,0.3055,0.2852,0.3511,3.948,3
8,255,J.Cuenca,Fulham,DEF,Coventry,False,2026-10-24 14:00:00+00:00,4.5,0,a,1,0.1061,0.002771,0.011,0.03241,0.02636,0.1251,0.5026,0
8,256,Tete,Fulham,DEF,Coventry,False,2026-10-24 14:00:00+00:00,4.4,0.2,a,1,0,0.002207,0.003335,0,0.000191,0,0.003844,0
8,257,Bassey,Fulham,DEF,Coventry,False,2026-10-24 14:00:00+00:00,4.5,0.7,a,1,1,0.03747,0.02524,0.3055,0.2246,0.4372,3.712,4.3
8,258,Castagne,Fulham,DEF,Coventry,False,2026-10-24 14:00:00+00:00,4.5,0.9,a,1,1,0.07432,0.09438,0.3055,0.3104,0.2067,3.812,2.7
8,261,Iwobi,Fulham,MID,Coventry,False,2026-10-24 14:00:00+00:00,5.4,0.7,a,1,0.9369,0.07972,0.1608,0.2863,0.2023,0.08837,3.332,3.3
8,262,Smith Rowe,Fulham,MID,Coventry,False,2026-10-24 14:00:00+00:00,5.3,0.2,a,1,0.1642,0.03706,0.02305,0.05017,0.03466,0.01412,1.199,0.7
8,263,Kevin,Fulham,MID,Coventry,False,2026-10-24 14:00:00+00:00,5.3,0,a,1,0,0.02492,0.02758,0,0,0,1.057,0.7
8,264,Bobb,Fulham,MID,Coventry,False,2026-10-24 14:00:00+00:00,5.5,0.3,a,1,0.9369,0.07008,0.1365,0.2863,0.1757,0.07748,3.236,2.7
8,265,Berge,Fulham,MID,Coventry,False,2026-10-24 14:00:00+00:00,4.9,0.3,a,1,0.7119,0.03564,0.06841,0.2175,0.0859,0.184,2.52,2.3
8,266,Cairney,Fulham,MID,Coventry,False,2026-10-24 14:00:00+00:00,4.9,0,i,1,0.06307,0.01018,0.01143,0.01927,0.01521,0.01043,0.3454,0
8,268,King,Fulham,MID,Coventry,False,2026-10-24 14:00:00+00:00,5.5,2.6,a,1,0.7727,0.1707,0.09129,0.2361,0.2648,0.05729,3.183,5
8,269,Sessegnon,Fulham,DEF,Coventry,False,2026-10-24 14:00:00+00:00,4.3,0.3,a,1,0,0.006692,0.007796,0,0.002822,0,0.4232,0.3
8,270,Reed,Fulham,MID,Coventry,False,2026-10-24 14:00:00+00:00,4.4,1.1,a,1,0,0,0,0,0,0,0,0
8,271,Muniz,Fulham,FWD,Coventry,False,2026-10-24 14:00:00+00:00,5.4,0.4,a,1,0.2273,0.08332,0.02784,0.06944,0.1115,0.002133,1.356,0.7
8,272,Kusi-Asare,Fulham,FWD,Coventry,False,2026-10-24 14:00:00+00:00,4.5,5.4,a,1,0,0.001313,0.0006001,0,0.0002962,,,0
8,569,Gonzalo,Fulham,FWD,Coventry,False,2026-10-24 14:00:00+00:00,6,4,a,1,1,0.3375,0.1088,0.3055,0.5223,0.008801,4.207,2
8,570,Palacios,Fulham,MID,Coventry,False,2026-10-24 14:00:00+00:00,5.4,0.2,a,1,0.4946,0.09368,0.03737,0.1511,0.1336,0.08862,2.054,3
8,580,Charles,Fulham,MID,Coventry,False,2026-10-24 14:00:00+00:00,5,0.1,a,1,0.6995,0.04504,0.06204,0.2137,0.09017,0.5917,3.006,3.7
8,610,De Fougerolles,Fulham,DEF,Coventry,False,2026-10-24 14:00:00+00:00,4,0.1,u,0,0,0,0,0,0,0,0,0
8,626,Zepa,Fulham,MID,Coventry,False,2026-10-24 14:00:00+00:00,4.4,0.3,a,1,0,0,0,0,0,0,0,0
8,635,Larsson,Fulham,MID,Coventry,False,2026-10-24 14:00:00+00:00,5,0,a,1,0,0.01848,0.01566,0,0,0,1.139,1
8,636,Ángel,Fulham,MID,Coventry,False,2026-10-24 14:00:00+00:00,5,0,a,1,0,0,0,0,0,0,0,0
8,650,Affengruber,Fulham,DEF,Coventry,False,2026-10-24 14:00:00+00:00,4.5,0.1,a,1,0.7225,0.02777,0.03809,0.2207,0.1771,0.8118,3.333,4
8,112,Van Hecke,Tottenham,DEF,Chelsea,False,2026-10-24 16:30:00+00:00,4.9,6.5,d,1,1,0.09239,0.03401,0.1435,0.1892,0.6392,3.12,5.5
8,147,Tosin,Tottenham,DEF,Chelsea,False,2026-10-24 16:30:00+00:00,4.4,0.1,a,1,0,0.0002592,0.0005579,0,0,0,0.1744,0.3
8,401,Marmoush,Tottenham,FWD,Chelsea,False,2026-10-24 16:30:00+00:00,7,2.1,a,1,0.7297,0.1745,0.0913,0.1047,0.2809,0.005408,2.793,2
8,403,Sávio,Tottenham,MID,Chelsea,False,2026-10-24 16:30:00+00:00,6.5,0.7,a,1,0.6928,0.1291,0.1129,0.09938,0.2328,0.08275,2.86,2.7
8,455,Tonali,Tottenham,MID,Chelsea,False,2026-10-24 16:30:00+00:00,5.3,1.8,a,1,0.8358,0.04241,0.1007,0.1199,0.1252,0.275,2.781,3.3
8,494,Vicario,Tottenham,GKP,Chelsea,False,2026-10-24 16:30:00+00:00,4.5,0.1,u,0,0,0,0,0,0,0,0,0
8,495,Austin,Tottenham,GKP,Chelsea,False,2026-10-24 16:30:00+00:00,4,1,a,1,0,0,0,0,0,0,0,0
8,496,Kinsky,Tottenham,GKP,Chelsea,False,2026-10-24 16:30:00+00:00,4.5,17.3,a,1,1,0,0.00696,0.1435,0.1845,0,2.637,5
8,497,Dubravka,Tottenham,GKP,Chelsea,False,2026-10-24 16:30:00+00:00,4,17.1,a,1,0,0,0,0,0,0,0,0
8,498,Senesi,Tottenham,DEF,Chelsea,False,2026-10-24 16:30:00+00:00,5.8,3.5,a,1,0.3333,0.01212,0.03077,0.04782,0.05833,0.4388,1.278,0
8,499,Pedro Porro,Tottenham,DEF,Chelsea,False,2026-10-24 16:30:00+00:00,5.4,7.6,d,1,0.5034,0.02979,0.07786,0.07222,0.1166,0.2362,1.739,2
8,500,Romero,Tottenham,DEF,Chelsea,False,2026-10-24 16:30:00+00:00,5,0.1,u,0,0,0,0,0,0,0,0,0
8,502,Robertson,Tottenham,DEF,Chelsea,False,2026-10-24 16:30:00+00:00,4.4,2.5,a,1,0.7119,0.03819,0.09504,0.1021,0.154,0.224,2.352,4
8,503,Van de Ven,Tottenham,DEF,Chelsea,False,2026-10-24 16:30:00+00:00,5,3.8,a,1,0.8939,0.071,0.03072,0.1282,0.1578,0.1757,2.302,5.3
8,505,Spence,Tottenham,DEF,Chelsea,False,2026-10-24 16:30:00+00:00,4.5,0.2,u,0,0,0,0,0,0,0,0,0
8,506,Udogie,Tottenham,DEF,Chelsea,False,2026-10-24 16:30:00+00:00,4.4,0.3,a,1,0.3773,0.00873,0.02804,0.05412,0.05055,0.05813,0.9771,1.7
8,507,Phillips,Tottenham,DEF,Chelsea,False,2026-10-24 16:30:00+00:00,4.5,0,u,0,0,0,0,0,0,,,0
8,508,Davies,Tottenham,DEF,Chelsea,False,2026-10-24 16:30:00+00:00,3.9,0.9,a,1,0,0,0,0,0,0,0,0
8,509,Byfield,Tottenham,DEF,Chelsea,False,2026-10-24 16:30:00+00:00,4,0.1,a,1,0,0,0,0,0,,,0
8,510,Rowswell,Tottenham,DEF,Chelsea,False,2026-10-24 16:30:00+00:00,4,0.1,a,1,0,0,0,0,0,,,0
8,511,Souza,Tottenham,DEF,Chelsea,False,2026-10-24 16:30:00+00:00,4,0.2,u,0,0,0,0,0,0,,,0
8,512,Kudus,Tottenham,MID,Chelsea,False,2026-10-24 16:30:00+00:00,6.5,0.2,a,1,0,0.03237,0.0498,0,0.02894,0,1.007,2
8,513,Xavi,Tottenham,MID,Chelsea,False,2026-10-24 16:30:00+00:00,5.9,0,i,0,0,0,0,0,0,0,0,0
8,514,Tel,Tottenham,MID,Chelsea,False,2026-10-24 16:30:00+00:00,5.7,0.2,a,1,0.6095,0.0836,0.1107,0.08743,0.1675,0.0546,2.457,1.3
8,515,Maddison,Tottenham,MID,Chelsea,False,2026-10-24 16:30:00+00:00,6.3,0.4,a,1,0,0.02969,0.01427,0,0.005836,,,0.7
8,516,Bentancur,Tottenham,MID,Chelsea,False,2026-10-24 16:30:00+00:00,5.5,0.2,a,1,0.8939,0.04286,0.04536,0.1282,0.1,0.9233,3.396,4
8,517,Odobert,Tottenham,MID,Chelsea,False,2026-10-24 16:30:00+00:00,5.5,0,i,0,0,0,0,0,0,0,0,0
8,518,P.M.Sarr,Tottenham,MID,Chelsea,False,2026-10-24 16:30:00+00:00,4.9,0.1,u,0,0,0,0,0,0,0,0,0
8,519,Gallagher,Tottenham,MID,Chelsea,False,2026-10-24 16:30:00+00:00,5.3,0.2,a,1,0.3773,0.04989,0.032,0.05412,0.0733,0.1105,1.55,3
8,520,Bergvall,Tottenham,MID,Chelsea,False,2026-10-24 16:30:00+00:00,5.3,0.1,a,1,0,0.0164,0.009167,0,0,0,0.6692,0.7
8,521,Kulusevski,Tottenham,MID,Chelsea,False,2026-10-24 16:30:00+00:00,6.5,0,i,0,0,0,0,0,0,,,0
8,522,Gray,Tottenham,MID,Chelsea,False,2026-10-24 16:30:00+00:00,4.9,0.2,a,1,0.6227,0.05615,0.05448,0.08933,0.1121,0.04617,2.026,1.7
8,523,Moore,Tottenham,MID,Chelsea,False,2026-10-24 16:30:00+00:00,5,0.1,u,0,0,0,0,0,0,,,0
8,524,Olusesi,Tottenham,MID,Chelsea,False,2026-10-24 16:30:00+00:00,4.4,1,a,1,0,0,0,0,0,,,0
8,525,Fernandes,Tottenham,MID,Chelsea,False,2026-10-24 16:30:00+00:00,5.7,0.8,a,1,0.5318,0.04025,0.0915,0.07629,0.08726,0.3886,2.41,1.3
8,526,Solanke,Tottenham,FWD,Chelsea,False,2026-10-24 16:30:00+00:00,5.8,0.8,a,1,0.3905,0.08923,0.02593,0.05602,0.1293,0.002749,1.73,1.7
8,527,Richarlison,Tottenham,FWD,Chelsea,False,2026-10-24 16:30:00+00:00,5.9,0.6,u,0,0,0,0,0,0,0,0,0
8,528,Scarlett,Tottenham,FWD,Chelsea,False,2026-10-24 16:30:00+00:00,4.5,1.1,u,0,0,0,0,0,0,,,0
8,578,Mudryk,Tottenham,MID,Chelsea,False,2026-10-24 16:30:00+00:00,5.3,0,i,0,0,0,0,0,0,,,0
8,601,Williams-Barnett,Tottenham,MID,Chelsea,False,2026-10-24 16:30:00+00:00,4.5,0.1,a,1,0,0,0,0,0,,,0
8,28,Martinez,Chelsea,GKP,Tottenham,True,2026-10-24 16:30:00+00:00,5,4.7,a,1,0.8047,0,0.02747,0.2245,0.3196,0,3.221,2.3
8,40,Rogers,Chelsea,MID,Tottenham,True,2026-10-24 16:30:00+00:00,7.7,40.5,a,1,0.9108,0.2275,0.2848,0.254,0.443,0.07132,4.432,5.3
8,101,Henderson,Chelsea,MID,Tottenham,True,2026-10-24 16:30:00+00:00,4.9,0,a,1,0.2121,0.01771,0.06567,0.05917,0.04766,0.06403,0.9557,0.7
8,136,Welbeck,Chelsea,FWD,Tottenham,True,2026-10-24 16:30:00+00:00,5.9,1,a,1,0.3502,0.191,0.05987,0.09768,0.2781,0.001494,2.341,1.3
8,140,Sánchez,Chelsea,GKP,Tottenham,True,2026-10-24 16:30:00+00:00,4.9,0.7,u,0,0,0,0,0,0,0,0,0
8,141,Jörgensen,Chelsea,GKP,Tottenham,True,2026-10-24 16:30:00+00:00,5,0,u,0,0,0,0,0,0,0,0,0
8,142,James,Chelsea,DEF,Tottenham,True,2026-10-24 16:30:00+00:00,5.4,5.8,d,1,0.4345,0.03526,0.08214,0.1212,0.1534,0.1014,2.026,0.5
8,143,Chalobah,Chelsea,DEF,Tottenham,True,2026-10-24 16:30:00+00:00,5.5,0.1,u,0,0,0,0,0,0,0,0,0
8,144,Gusto,Chelsea,DEF,Tottenham,True,2026-10-24 16:30:00+00:00,4.9,1,a,1,0.5629,0.03305,0.07855,0.157,0.1715,0.05204,2.331,0.7
8,145,Fofana,Chelsea,DEF,Tottenham,True,2026-10-24 16:30:00+00:00,5,0.2,a,1,0.8939,0.02633,0.03724,0.2493,0.19,0.705,3.511,2.7
8,146,B.Badiashile,Chelsea,DEF,Tottenham,True,2026-10-24 16:30:00+00:00,4.5,0,u,0,0,0,0,0,0,0,0,0
8,148,Hato,Chelsea,DEF,Tottenham,True,2026-10-24 16:30:00+00:00,4.5,0.8,a,1,0.3703,0.02074,0.09972,0.1033,0.1382,0.09694,1.856,1
8,149,Colwill,Chelsea,DEF,Tottenham,True,2026-10-24 16:30:00+00:00,4.8,0.9,a,1,0.775,0.0266,0.02873,0.2162,0.1659,0.3505,2.766,0.7
8,150,M.Sarr,Chelsea,DEF,Tottenham,True,2026-10-24 16:30:00+00:00,4.5,0,u,0,0,0,0,0,0,0,0,0
8,151,Acheampong,Chelsea,DEF,Tottenham,True,2026-10-24 16:30:00+00:00,4.5,0.3,a,1,0.3311,0.02411,0.01837,0.09234,0.07741,0.1409,1.715,0.3
8,152,Palestra,Chelsea,DEF,Tottenham,True,2026-10-24 16:30:00+00:00,5.3,0.6,d,1,0,0,0,0,0,0,0,0
8,154,Palmer,Chelsea,MID,Tottenham,True,2026-10-24 16:30:00+00:00,9.7,25.7,d,1,1,0.4078,0.2179,0.2789,0.6361,0.1662,5.535,2
8,156,Neto,Chelsea,MID,Tottenham,True,2026-10-24 16:30:00+00:00,6.5,1.4,a,1,0.8309,0.1471,0.2426,0.2317,0.3161,0.0406,3.819,2
8,157,Estêvão,Chelsea,MID,Tottenham,True,2026-10-24 16:30:00+00:00,6.3,0.7,a,1,0,0.01148,0.01047,0,0,0,0.7354,1
8,158,Gittens,Chelsea,MID,Tottenham,True,2026-10-24 16:30:00+00:00,5.8,0,d,1,0,0,0,0,0,0,0,0
8,159,Caicedo,Chelsea,MID,Tottenham,True,2026-10-24 16:30:00+00:00,5.3,1,d,1,0.2273,0.01405,0.02953,0.06339,0.03174,0.1729,0.9445,0
8,161,Lavia,Chelsea,MID,Tottenham,True,2026-10-24 16:30:00+00:00,5,0.2,a,1,0.4106,0.09748,0.05285,0.1145,0.1499,0.06791,1.843,1
8,163,D.Essugo,Chelsea,MID,Tottenham,True,2026-10-24 16:30:00+00:00,4.5,0.1,u,0,0,0,0,0,0,,,0
8,164,Quenda,Chelsea,MID,Tottenham,True,2026-10-24 16:30:00+00:00,5.3,0,a,1,0,0.01317,0.01251,0,0.0008184,0,0.516,0.3
8,165,João Pedro,Chelsea,FWD,Tottenham,True,2026-10-24 16:30:00+00:00,7.7,65.1,d,1,0.7129,0.3714,0.1088,0.1988,0.5611,0.002281,3.562,3.2
8,168,Marc Guiu,Chelsea,FWD,Tottenham,True,2026-10-24 16:30:00+00:00,5,0.2,u,0,0,0,0,0,0,0,0,0
8,169,Mheuka,Chelsea,FWD,Tottenham,True,2026-10-24 16:30:00+00:00,4.5,0.5,a,1,0,0.0003685,0.0001535,0,0,,,0
8,170,Emegha,Chelsea,FWD,Tottenham,True,2026-10-24 16:30:00+00:00,4.9,0.1,i,1,0,0,0,0,0,0,0,0
8,200,Lacroix,Chelsea,DEF,Tottenham,True,2026-10-24 16:30:00+00:00,5.9,6.8,a,1,0.7324,0.06548,0.05145,0.2043,0.2098,0.8428,3.618,2
8,560,Penders,Chelsea,GKP,Tottenham,True,2026-10-24 16:30:00+00:00,4.4,0.1,a,1,0,0,0,0,0,0,0,0
8,561,Anselmino,Chelsea,DEF,Tottenham,True,2026-10-24 16:30:00+00:00,4.5,0,a,1,0,0,0,0,0,,,0
8,568,Barco,Chelsea,MID,Tottenham,True,2026-10-24 16:30:00+00:00,5.4,0.1,a,1,0.2745,0.06126,0.05076,0.07657,0.0875,0.07378,1.409,0.7
8,583,Chavarria,Chelsea,DEF,Tottenham,True,2026-10-24 16:30:00+00:00,4.9,0.1,a,1,0.2745,0.03356,0.04471,0.07657,0.08953,0.111,1.903,1
8,662,Nicoll-Jazuli,Chelsea,MID,Tottenham,True,2026-10-24 16:30:00+00:00,4.5,0,a,1,0,0.00626,0.006319,0,0,0,1.05,1.1
8,42,Guessand,Crystal Palace,MID,Newcastle United,True,2026-10-25 14:00:00+00:00,5.4,0,a,1,0,0.0174,0.01497,0,0.007993,0,0.5363,0
8,153,Disasi,Crystal Palace,DEF,Newcastle United,True,2026-10-25 14:00:00+00:00,4.5,0.1,s,1,0.3773,0.02955,0.01151,0.0865,0.07693,0.1927,1.656,0
8,198,Henderson,Crystal Palace,GKP,Newcastle United,True,2026-10-25 14:00:00+00:00,5,1.3,i,1,0.6095,0,0.00134,0.1397,0.1978,0,1.994,0
8,199,Benitez,Crystal Palace,GKP,Newcastle United,True,2026-10-25 14:00:00+00:00,4.5,0.1,a,1,0.3905,0,0.004449,0.08954,0.07266,0,1.105,2.7
8,202,Richards,Crystal Palace,DEF,Newcastle United,True,2026-10-25 14:00:00+00:00,4.9,0.6,a,1,0.8358,0.04429,0.02096,0.1916,0.1609,0.7333,3.053,3.7
8,203,Canvot,Crystal Palace,DEF,Newcastle United,True,2026-10-25 14:00:00+00:00,4.8,0.2,a,1,0.7324,0.05251,0.01749,0.1679,0.1556,0.6601,2.954,3
8,204,Mitchell,Crystal Palace,DEF,Newcastle United,True,2026-10-25 14:00:00+00:00,4.5,6.1,a,1,0.9108,0.07449,0.1046,0.2088,0.2593,0.2721,3.526,7.7
8,205,Sosa,Crystal Palace,DEF,Newcastle United,True,2026-10-25 14:00:00+00:00,4.5,0,u,0,0,0,0,0,0,,,0
8,206,Chadi Riad,Crystal Palace,DEF,Newcastle United,True,2026-10-25 14:00:00+00:00,4.3,0,i,0,0,0,0,0,0,0,0,0
8,207,Mingueza,Crystal Palace,DEF,Newcastle United,True,2026-10-25 14:00:00+00:00,4.4,0.1,a,1,0,0.002119,0.002339,0,0,0,0.3624,0.3
8,208,Sarr,Crystal Palace,MID,Newcastle United,True,2026-10-25 14:00:00+00:00,6.2,0.6,a,1,0.075,0.06085,0.01755,0.0172,0.0668,0.005759,0.9611,0.3
8,210,Wharton,Crystal Palace,MID,Newcastle United,True,2026-10-25 14:00:00+00:00,5.4,0.7,a,1,0.8477,0.03913,0.2037,0.1944,0.1642,0.4653,3.266,2
8,211,Yeremy,Crystal Palace,MID,Newcastle United,True,2026-10-25 14:00:00+00:00,5.5,0.3,a,1,0.4883,0.1065,0.2712,0.112,0.2489,0.06537,3.049,2.7
8,212,Hughes,Crystal Palace,MID,Newcastle United,True,2026-10-25 14:00:00+00:00,4.4,7.3,a,1,0.08919,0.01694,0.02994,0.02045,0.01765,0.01009,0.7926,0.7
8,213,Lerma,Crystal Palace,MID,Newcastle United,True,2026-10-25 14:00:00+00:00,4.8,0.1,a,1,0.1523,0.0458,0.04122,0.03491,0.05673,0.07025,0.9974,0.3
8,214,Kamada,Crystal Palace,MID,Newcastle United,True,2026-10-25 14:00:00+00:00,5,0.5,a,1,0.8477,0.06956,0.149,0.1944,0.1757,0.3803,3.224,5.3
8,215,Devenny,Crystal Palace,MID,Newcastle United,True,2026-10-25 14:00:00+00:00,5,0,u,0,0,0,0,0,0,0,0,0
8,216,Esse,Crystal Palace,MID,Newcastle United,True,2026-10-25 14:00:00+00:00,5,0,u,0,0,0,0,0,0,,,0
8,217,M.França,Crystal Palace,MID,Newcastle United,True,2026-10-25 14:00:00+00:00,4.9,0,u,0,0,0,0,0,0,,,0
8,218,Doucouré,Crystal Palace,MID,Newcastle United,True,2026-10-25 14:00:00+00:00,4.8,0,a,1,0,0,0,0,0,,,0
8,219,J.Rak-Sakyi,Crystal Palace,MID,Newcastle United,True,2026-10-25 14:00:00+00:00,4.9,0,u,0,0,0,0,0,0,,,0
8,220,Cardines,Crystal Palace,DEF,Newcastle United,True,2026-10-25 14:00:00+00:00,4.5,0,u,0,0,0,0,0,0,0,0,0
8,221,Drakes-Thomas,Crystal Palace,MID,Newcastle United,True,2026-10-25 14:00:00+00:00,4.5,0.1,a,1,0,0,0,0,0,,,0
8,222,Strand Larsen,Crystal Palace,FWD,Newcastle United,True,2026-10-25 14:00:00+00:00,6,0.7,a,1,0.6809,0.1969,0.05175,0.1561,0.2946,0.002739,2.921,3.7
8,223,Mateta,Crystal Palace,FWD,Newcastle United,True,2026-10-25 14:00:00+00:00,6.3,1.3,i,1,0.1061,0.08678,0.0119,0.02432,0.1198,0.0004818,0.9425,0
8,224,Nketiah,Crystal Palace,FWD,Newcastle United,True,2026-10-25 14:00:00+00:00,5.5,0.5,a,1,0.1261,0.1035,0.09288,0.02892,0.1587,0.001776,1.573,1.7
8,225,Uche,Crystal Palace,FWD,Newcastle United,True,2026-10-25 14:00:00+00:00,5,0,u,0,0,0,0,0,0,,,0
8,241,McNeil,Crystal Palace,MID,Newcastle United,True,2026-10-25 14:00:00+00:00,5.4,0.1,a,1,0.1061,0.01273,0.01604,0.02432,0.01628,0.03262,0.5983,0
8,555,Matthews,Crystal Palace,GKP,Newcastle United,True,2026-10-25 14:00:00+00:00,4,1.7,a,1,0,0,0,0,0,0,0,0
8,577,Tomiyasu,Crystal Palace,DEF,Newcastle United,True,2026-10-25 14:00:00+00:00,4.4,0.3,d,1,0.1632,0.02131,0.0289,0.03743,0.04624,0.06603,1.229,0.2
8,588,Khalaili,Crystal Palace,DEF,Newcastle United,True,2026-10-25 14:00:00+00:00,5,0.3,a,1,0.8627,0.1448,0.06772,0.1978,0.2957,0.6924,4.107,5.3
8,595,Gozo,Crystal Palace,MID,Newcastle United,True,2026-10-25 14:00:00+00:00,4.9,0,a,1,0,0.007887,0.007984,0,0,0,0.4575,0.3
8,633,Ahanor,Crystal Palace,DEF,Newcastle United,True,2026-10-25 14:00:00+00:00,4.5,0,a,1,0.33,0.02024,0.02946,0.07567,0.08204,0.2985,1.388,1
8,643,Chilwell,Crystal Palace,DEF,Newcastle United,True,2026-10-25 14:00:00+00:00,4.5,0.4,a,1,0,0.02072,0.007512,0,0.01103,0,0.717,2.7
8,644,Timber,Crystal Palace,MID,Newcastle United,True,2026-10-25 14:00:00+00:00,5,0,a,1,1,0.1224,0.1085,0.2293,0.2343,0.5125,3.913,3
8,647,Osorio,Crystal Palace,MID,Newcastle United,True,2026-10-25 14:00:00+00:00,5.5,0,a,1,0,0.0004596,0.0004641,0,0,0,0.2812,0.3
8,405,N.Gonzalez,Newcastle United,MID,Crystal Palace,False,2026-10-25 14:00:00+00:00,5.5,0.2,a,1,0.3653,0.01517,0.02141,0.07804,0.03155,0.2185,1.251,1
8,442,Pope,Newcastle United,GKP,Crystal Palace,False,2026-10-25 14:00:00+00:00,4.9,0.9,a,1,0.2273,0.07134,0.04843,0.04854,0.3107,0,1.548,0
8,443,Gillespie,Newcastle United,GKP,Crystal Palace,False,2026-10-25 14:00:00+00:00,4.5,0,a,1,0,0,0,0,0,0,0,0
8,444,Jaouen,Newcastle United,GKP,Crystal Palace,False,2026-10-25 14:00:00+00:00,4.4,0,d,1,0,0,0,0,0,0,0,0
8,445,Thiaw,Newcastle United,DEF,Crystal Palace,False,2026-10-25 14:00:00+00:00,5,2.2,a,1,1,0.1222,0.03219,0.2136,0.2591,0.8174,4.227,1.7
8,446,Schär,Newcastle United,DEF,Crystal Palace,False,2026-10-25 14:00:00+00:00,4.9,0.2,a,1,0,0.003635,0.002626,0,0,0,0.3171,0.3
8,447,Botman,Newcastle United,DEF,Crystal Palace,False,2026-10-25 14:00:00+00:00,5,0.7,a,1,1,0.05914,0.0691,0.2136,0.2228,1.034,4.014,2.3
8,448,Burn,Newcastle United,DEF,Crystal Palace,False,2026-10-25 14:00:00+00:00,4.8,0.7,i,1,0.1523,0.008342,0.006088,0.03252,0.02827,0.1179,0.64,0
8,449,Hall,Newcastle United,DEF,Crystal Palace,False,2026-10-25 14:00:00+00:00,5.3,17.3,a,1,1,0.05617,0.1359,0.2136,0.2673,0.6471,3.906,5.7
8,450,Livramento,Newcastle United,DEF,Crystal Palace,False,2026-10-25 14:00:00+00:00,4.9,0.1,d,1,0,0.001867,0.003938,0,0,0,0.1383,1
8,451,A.Murphy,Newcastle United,DEF,Crystal Palace,False,2026-10-25 14:00:00+00:00,4,0.1,u,0,0,0,0,0,0,,,0
8,453,Barnes,Newcastle United,MID,Crystal Palace,False,2026-10-25 14:00:00+00:00,6.1,5.7,a,1,0.8477,0.24,0.1359,0.1811,0.3798,0.05361,4.07,7.7
8,454,Elanga,Newcastle United,MID,Crystal Palace,False,2026-10-25 14:00:00+00:00,6.1,4.5,i,0,0,0,0,0,0,0,0,0
8,456,J.Ramsey,Newcastle United,MID,Crystal Palace,False,2026-10-25 14:00:00+00:00,4.9,0.2,i,0,0,0,0,0,0,0,0,0
8,457,J.Murphy,Newcastle United,MID,Crystal Palace,False,2026-10-25 14:00:00+00:00,5.9,0.1,a,1,0.2752,0.0573,0.1189,0.05879,0.09839,0.02367,1.603,0.7
8,458,Joelinton,Newcastle United,MID,Crystal Palace,False,2026-10-25 14:00:00+00:00,5.4,0,i,0,0,0,0,0,0,0,0,0
8,459,L.Miley,Newcastle United,MID,Crystal Palace,False,2026-10-25 14:00:00+00:00,5.5,0.1,a,1,0.7727,0.04436,0.08943,0.1651,0.1223,0.5023,2.719,2
8,460,Willock,Newcastle United,MID,Crystal Palace,False,2026-10-25 14:00:00+00:00,5,0.6,a,1,0.5775,0.1133,0.1363,0.1234,0.2044,0.06208,2.88,4.3
8,461,Touré,Newcastle United,MID,Crystal Palace,False,2026-10-25 14:00:00+00:00,5.8,0.1,a,1,0,0.02102,0.01809,0,0,0,0.828,2.3
8,462,Steur,Newcastle United,MID,Crystal Palace,False,2026-10-25 14:00:00+00:00,4.9,0.1,a,1,0.5054,0.09677,0.05872,0.108,0.1379,0.1087,2.52,2
8,463,Woltemade,Newcastle United,FWD,Crystal Palace,False,2026-10-25 14:00:00+00:00,5.9,0.5,u,0,0,0,0,0,0,0,0,0
8,464,Wissa,Newcastle United,FWD,Crystal Palace,False,2026-10-25 14:00:00+00:00,6.2,18.7,a,1,0.7727,0.3552,0.1074,0.1651,0.533,0.00544,3.709,1
8,465,Osula,Newcastle United,FWD,Crystal Palace,False,2026-10-25 14:00:00+00:00,5.8,0.3,i,0,0,0,0,0,0,0,0,0
8,466,Neave,Newcastle United,FWD,Crystal Palace,False,2026-10-25 14:00:00+00:00,4.5,0.5,u,0,0,0,0,0,0,,,0
8,559,Bamba,Newcastle United,MID,Crystal Palace,False,2026-10-25 14:00:00+00:00,4.9,0.1,a,1,0,0.007485,0.00764,0,0,0,0.703,0.7
8,567,Horníček,Newcastle United,GKP,Crystal Palace,False,2026-10-25 14:00:00+00:00,5,1.5,a,1,1,0,0.006542,0.2136,0.35,0,3.496,2
8,593,Dedić,Newcastle United,DEF,Crystal Palace,False,2026-10-25 14:00:00+00:00,4.5,1.8,i,0,0,0,0,0,0,0,0,0
8,609,Shahar,Newcastle United,DEF,Crystal Palace,False,2026-10-25 14:00:00+00:00,4,0.2,u,0,0,0,0,0,0,,,0
8,634,Fernandez-Pardo,Newcastle United,FWD,Crystal Palace,False,2026-10-25 14:00:00+00:00,6,0.1,a,1,0.3925,0.1388,0.06443,0.08383,0.2028,0.006908,2.351,1.3
8,659,Miley,Newcastle United,MID,Crystal Palace,False,2026-10-25 14:00:00+00:00,4.5,0,a,1,0,0,0,0,0,0,0,0
8,663,Pivas,Newcastle United,DEF,Crystal Palace,False,2026-10-25 14:00:00+00:00,4,0,a,1,0,0,0,0,0,,,1.1
8,664,Salia,Newcastle United,FWD,Crystal Palace,False,2026-10-25 14:00:00+00:00,4.5,0.1,a,1,0,0,0,0,0,0,0,1
8,665,Mills,Newcastle United,MID,Crystal Palace,False,2026-10-25 14:00:00+00:00,4.5,0,a,1,0,0,0,0,0,0,0,1.1
8,666,Thompson,Newcastle United,MID,Crystal Palace,False,2026-10-25 14:00:00+00:00,4.5,0,a,1,0,0,0,0,0,0,0,1.1
8,240,Iroegbunam,Hull,MID,Brentford,True,2026-10-25 14:00:00+00:00,5,0,a,1,0.2273,0.022,0.04301,0.0593,0.02782,0.1668,1.211,0.3
8,273,Phillips,Hull,GKP,Brentford,True,2026-10-25 14:00:00+00:00,4,1.4,a,1,0,0,0,0,0,0,0,0
8,274,Butland,Hull,GKP,Brentford,True,2026-10-25 14:00:00+00:00,4.4,0.1,i,0,0,0,0,0,0,0,0,0
8,275,Cartwright,Hull,GKP,Brentford,True,2026-10-25 14:00:00+00:00,4,0,u,0,0,0,0,0,0,0,0,0
8,276,Lo-Tutala,Hull,GKP,Brentford,True,2026-10-25 14:00:00+00:00,4,0,u,0,0,0,0,0,0,0,0,0
8,277,Egan,Hull,DEF,Brentford,True,2026-10-25 14:00:00+00:00,4.1,7,a,1,1,0.02883,0.03582,0.2609,0.1971,0.9522,3.821,3
8,278,Hughes,Hull,DEF,Brentford,True,2026-10-25 14:00:00+00:00,3.9,0.2,i,0,0,0,0,0,0,0,0,0
8,279,Ajayi,Hull,DEF,Brentford,True,2026-10-25 14:00:00+00:00,4.2,14,a,1,1,0.1388,0.03626,0.2609,0.3066,0.2022,3.879,2.3
8,280,Coyle,Hull,DEF,Brentford,True,2026-10-25 14:00:00+00:00,4,0.7,a,1,0.8368,0.03157,0.04007,0.2183,0.1755,0.1934,2.872,2.7
8,281,Drameh,Hull,DEF,Brentford,True,2026-10-25 14:00:00+00:00,4,0,u,0,0,0,0,0,0,0,0,0
8,282,Giles,Hull,DEF,Brentford,True,2026-10-25 14:00:00+00:00,4,2.9,a,1,1,0.02958,0.1877,0.2609,0.3058,0.2022,3.583,4
8,283,Jacob,Hull,DEF,Brentford,True,2026-10-25 14:00:00+00:00,4,0,u,0,0,0,0,0,0,0,0,0
8,284,McCarthy,Hull,DEF,Brentford,True,2026-10-25 14:00:00+00:00,4,0.1,a,1,0,0,0,0,0,0,0,0
8,285,McNair,Hull,DEF,Brentford,True,2026-10-25 14:00:00+00:00,4,0.1,a,1,0,0.002256,0.002642,0,0.0007554,0,0.1421,0
8,286,Belloumi,Hull,MID,Brentford,True,2026-10-25 14:00:00+00:00,5.1,5.1,a,1,0.7691,0.1579,0.1298,0.2007,0.268,0.3379,3.48,7.3
8,287,Millar,Hull,MID,Brentford,True,2026-10-25 14:00:00+00:00,5,0,u,0,0,0,0,0,0,0,0,0
8,288,Dowell,Hull,MID,Brentford,True,2026-10-25 14:00:00+00:00,4.5,0.3,a,1,0,0,0,0,0,0,0,0
8,289,Crooks,Hull,MID,Brentford,True,2026-10-25 14:00:00+00:00,4.4,0.5,a,1,0.3681,0.02976,0.04657,0.09605,0.056,0.07915,0.8878,0.3
8,290,Slater,Hull,MID,Brentford,True,2026-10-25 14:00:00+00:00,4.5,5.2,a,1,1,0.06779,0.1841,0.2609,0.202,0.1344,3.325,2.3
8,291,Matazo,Hull,MID,Brentford,True,2026-10-25 14:00:00+00:00,4.5,0,i,0,0,0,0,0,0,0,0,0
8,292,Ömür,Hull,MID,Brentford,True,2026-10-25 14:00:00+00:00,4.9,0,a,1,0,0,0,0,0,0,0,0
8,293,Kamara,Hull,MID,Brentford,True,2026-10-25 14:00:00+00:00,5,0,u,0,0,0,0,0,0,0,0,0
8,294,Zambrano,Hull,MID,Brentford,True,2026-10-25 14:00:00+00:00,4.5,0.1,a,1,0,0,0,0,0,0,0,0
8,295,McBurnie,Hull,FWD,Brentford,True,2026-10-25 14:00:00+00:00,5.5,1.9,a,1,1,0.3118,0.1392,0.2609,0.494,0.008801,3.499,2.3
8,296,Akintola,Hull,MID,Brentford,True,2026-10-25 14:00:00+00:00,5,0,u,0,0,0,0,0,0,0,0,0
8,297,Gyabi,Hull,MID,Brentford,True,2026-10-25 14:00:00+00:00,4.4,0,i,0,0,0,0,0,0,,,0
8,298,Destan,Hull,FWD,Brentford,True,2026-10-25 14:00:00+00:00,4.5,0.2,u,0,0,0,0,0,0,0,0,0
8,299,Burstow,Hull,FWD,Brentford,True,2026-10-25 14:00:00+00:00,4.5,0,u,0,0,0,0,0,0,0,0,0
8,340,Gelhardt,Hull,MID,Brentford,True,2026-10-25 14:00:00+00:00,5,0,a,1,0,0.002497,0.002086,0,0,,,0.3
8,556,Targett,Hull,DEF,Brentford,True,2026-10-25 14:00:00+00:00,4,1.6,d,1,0,0.0003662,0.000406,0,0,,,0
8,563,Morita,Hull,MID,Brentford,True,2026-10-25 14:00:00+00:00,4.9,0,i,1,0,0.009734,0.01021,0,0.008371,0,0.2509,0
8,572,Tzolakis,Hull,GKP,Brentford,True,2026-10-25 14:00:00+00:00,4.7,12.8,a,1,1,0,0.006171,0.2609,0.289,0,3.327,4.7
8,574,Hjertø-Dahl,Hull,MID,Brentford,True,2026-10-25 14:00:00+00:00,4.9,0.1,a,1,0,0.002142,0.002159,0,0,0,0.2113,0.3
8,576,Stroud,Hull,MID,Brentford,True,2026-10-25 14:00:00+00:00,5,0.1,a,1,0.3314,0.04005,0.04497,0.08647,0.06057,0.07125,1.447,1.3
8,585,Herrington,Hull,DEF,Brentford,True,2026-10-25 14:00:00+00:00,4,0.6,a,1,0.2745,0.02074,0.03893,0.07163,0.06975,0.111,1.768,1
8,586,Mendy,Hull,DEF,Brentford,True,2026-10-25 14:00:00+00:00,4.1,6.3,a,1,0.3314,0.06125,0.02311,0.08647,0.115,0.3723,2.107,3
8,589,Gourna-Douath,Hull,MID,Brentford,True,2026-10-25 14:00:00+00:00,5,0,a,1,0.1941,0.03044,0.03674,0.05065,0.03829,0.05217,1.035,1
8,617,Cho,Hull,MID,Brentford,True,2026-10-25 14:00:00+00:00,5,0,a,1,0,0.06443,0.02947,0,0.04152,0,1.452,2.7
8,632,Ansah,Hull,FWD,Brentford,True,2026-10-25 14:00:00+00:00,5,0,i,0,0,0,0,0,0,0,0,0
8,637,Vaz,Hull,FWD,Brentford,True,2026-10-25 14:00:00+00:00,5,0.1,a,1,0,0.02153,0.00993,0,0.01319,0,0.8516,0.7
8,638,Norton-Cuffy,Hull,DEF,Brentford,True,2026-10-25 14:00:00+00:00,4,0.2,d,1,0,0.008404,0.007093,0,0,0,0.3012,0.2
8,642,Thomas,Hull,MID,Brentford,True,2026-10-25 14:00:00+00:00,5.5,0,a,1,0.3925,0.05443,0.06098,0.1024,0.07672,0.1055,2.132,1.3
8,645,Mouzakitis,Hull,MID,Brentford,True,2026-10-25 14:00:00+00:00,5,0,a,1,0,0,0,0,0,0,0,0
8,82,Kelleher,Brentford,GKP,Hull,False,2026-10-25 14:00:00+00:00,5,6.1,a,1,1,0,0.003305,0.2737,0.3591,0,3.891,3.7
8,83,Valdimarsson,Brentford,GKP,Hull,False,2026-10-25 14:00:00+00:00,4.5,0.1,a,1,0,0,0,0,0,0,0,0
8,84,Collins,Brentford,DEF,Hull,False,2026-10-25 14:00:00+00:00,5.4,1,i,0,0,0,0,0,0,0,0,0
8,85,Van den Berg,Brentford,DEF,Hull,False,2026-10-25 14:00:00+00:00,4.9,0.1,i,0,0,0,0,0,0,0,0,0
8,86,Lewis-Potter,Brentford,MID,Hull,False,2026-10-25 14:00:00+00:00,5.5,1.7,a,1,0.8216,0.1176,0.1213,0.2248,0.2184,0.05047,3.267,2
8,87,Ajer,Brentford,DEF,Hull,False,2026-10-25 14:00:00+00:00,4.5,3.9,a,1,0.9108,0.0286,0.0359,0.2493,0.1911,0.7608,3.484,3.3
8,88,Kayode,Brentford,DEF,Hull,False,2026-10-25 14:00:00+00:00,4.6,7.6,a,1,0.6716,0.03551,0.05234,0.1838,0.1655,0.1266,2.698,2.7
8,89,Henry,Brentford,DEF,Hull,False,2026-10-25 14:00:00+00:00,4.4,0.2,a,1,0,5.959e-05,0.0001018,0,0,0,0.1256,0
8,90,Hickey,Brentford,DEF,Hull,False,2026-10-25 14:00:00+00:00,4.5,0.1,a,1,0.2415,0.01694,0.01931,0.06608,0.05015,0.08428,1.577,1
8,92,Ji-soo,Brentford,DEF,Hull,False,2026-10-25 14:00:00+00:00,4.4,0,a,1,0,0,0,0,0,,,0
8,93,Schuster,Brentford,DEF,Hull,False,2026-10-25 14:00:00+00:00,4.5,0.3,a,1,0.6995,0.03055,0.1231,0.1914,0.2232,0.8881,3.553,7
8,94,Schade,Brentford,MID,Hull,False,2026-10-25 14:00:00+00:00,6.2,11.5,a,1,0.925,0.2328,0.105,0.2531,0.3611,0.04324,4.061,8.7
8,95,O.Dango,Brentford,MID,Hull,False,2026-10-25 14:00:00+00:00,6.3,0.5,a,1,0.2703,0.08904,0.09638,0.07396,0.1259,0.05194,2.256,1
8,96,Damsgaard,Brentford,MID,Hull,False,2026-10-25 14:00:00+00:00,5.4,0.4,a,1,0.6264,0.0545,0.1554,0.1714,0.1407,0.2607,2.938,4
8,97,Jensen,Brentford,MID,Hull,False,2026-10-25 14:00:00+00:00,5.4,0.1,i,1,0.3333,0.0153,0.05586,0.09122,0.05559,0.09951,1.157,0
8,98,Janelt,Brentford,MID,Hull,False,2026-10-25 14:00:00+00:00,5,2.5,a,1,0.9369,0.06841,0.132,0.2564,0.1724,0.8508,3.483,6
8,99,Milambo,Brentford,MID,Hull,False,2026-10-25 14:00:00+00:00,5,0,i,0,0,0,0,0,0,,,0
8,100,Carvalho,Brentford,MID,Hull,False,2026-10-25 14:00:00+00:00,5,0,a,1,0,0.002388,0.000884,0,0,0,0.2267,2
8,102,Yarmoliuk,Brentford,MID,Hull,False,2026-10-25 14:00:00+00:00,4.8,0.6,a,1,0.3502,0.02308,0.03631,0.09584,0.0274,0.2286,1.687,2.3
8,103,Dasilva,Brentford,MID,Hull,False,2026-10-25 14:00:00+00:00,4.9,0,i,1,0,0.0001215,0.0001092,0,0,,,0
8,105,Anthony,Brentford,MID,Hull,False,2026-10-25 14:00:00+00:00,5.9,0.1,a,1,0.5655,0.1544,0.1451,0.1548,0.2539,0.05868,3.114,4
8,106,Thiago,Brentford,FWD,Hull,False,2026-10-25 14:00:00+00:00,7.8,9.1,a,1,1,0.4402,0.07772,0.2737,0.6552,0.04039,4.299,2.7
8,107,Furo,Brentford,FWD,Hull,False,2026-10-25 14:00:00+00:00,4.5,0.9,i,0,0,0,0,0,0,,,0
8,108,Wilson,Brentford,FWD,Hull,False,2026-10-25 14:00:00+00:00,5.4,0.3,a,1,0.075,0.07032,0.02022,0.02053,0.09035,0.0007544,1.118,0.3
8,565,M.Sangaré,Brentford,MID,Hull,False,2026-10-25 14:00:00+00:00,5.6,9.9,a,1,0.5314,0.05888,0.1024,0.1454,0.1132,0.6266,2.549,1.3
8,620,Diouf,Brentford,DEF,Hull,False,2026-10-25 14:00:00+00:00,4.5,0.1,a,1,0.3333,0.009891,0.05118,0.09122,0.08682,0.104,1.569,0.7
8,657,Nunes,Brentford,MID,Hull,False,2026-10-25 14:00:00+00:00,4.5,0,a,1,0,0,0,0,0,,,0
8,660,Fredrick,Brentford,DEF,Hull,False,2026-10-25 14:00:00+00:00,4,0,a,1,0,0,0,0,0,,,1.1
8,661,Balcombe,Brentford,GKP,Hull,False,2026-10-25 14:00:00+00:00,4,0,a,1,0,0,0,0,0,0,0,1
8,350,A.Becker,Liverpool,GKP,Brighton,True,2026-10-25 14:00:00+00:00,5.5,4.1,a,1,0.8619,0,0.002217,0.2173,0.1693,0,2.626,8.3
8,351,Mamardashvili,Liverpool,GKP,Brighton,True,2026-10-25 14:00:00+00:00,4.9,0.1,a,1,0.1381,0,0.0009525,0.03481,0.04525,0,0.413,0
8,352,Woodman,Liverpool,GKP,Brighton,True,2026-10-25 14:00:00+00:00,4,1,a,1,0,0,0,0,0,0,0,0
8,353,Pecsi,Liverpool,GKP,Brighton,True,2026-10-25 14:00:00+00:00,4,0,u,0,0,0,0,0,0,0,0,0
8,354,Jaros,Liverpool,GKP,Brighton,True,2026-10-25 14:00:00+00:00,4,0,i,0,0,0,0,0,0,0,0,0
8,355,Davies,Liverpool,GKP,Brighton,True,2026-10-25 14:00:00+00:00,4,0.2,a,1,0,0,0,0,0,0,0,0
8,356,Virgil,Liverpool,DEF,Brighton,True,2026-10-25 14:00:00+00:00,6.5,16.2,a,1,1,0.1233,0.02106,0.2521,0.2752,0.8747,4.401,7.3
8,357,Frimpong,Liverpool,DEF,Brighton,True,2026-10-25 14:00:00+00:00,5.3,1.8,a,1,0.2953,0.01608,0.08892,0.07444,0.1133,0.04778,1.429,0.3
8,358,Kerkez,Liverpool,DEF,Brighton,True,2026-10-25 14:00:00+00:00,5.3,2.2,a,1,0.7324,0.04359,0.06479,0.1846,0.1837,0.1036,2.594,4
8,359,Gomez,Liverpool,DEF,Brighton,True,2026-10-25 14:00:00+00:00,4.9,0,a,1,0.075,0.005943,0.006534,0.01891,0.01715,0.02206,0.3051,0
8,360,Bradley,Liverpool,DEF,Brighton,True,2026-10-25 14:00:00+00:00,5,0,i,0,0,0,0,0,0,0,0,0
8,361,Lucky,Liverpool,DEF,Brighton,True,2026-10-25 14:00:00+00:00,4,0.1,a,1,0,0,0,0,0,,,0
8,362,Jacquet,Liverpool,DEF,Brighton,True,2026-10-25 14:00:00+00:00,5,3.5,a,1,1,0.03178,0.05516,0.2521,0.2085,0.4522,3.403,6.7
8,363,Leoni,Liverpool,DEF,Brighton,True,2026-10-25 14:00:00+00:00,4,0,i,0,0,0,0,0,0,,,0
8,364,Tsimikas,Liverpool,DEF,Brighton,True,2026-10-25 14:00:00+00:00,4.9,0.1,a,1,0,0.01011,0.00929,0,0.009178,,,0.3
8,365,Ramsay,Liverpool,DEF,Brighton,True,2026-10-25 14:00:00+00:00,4,0.1,u,0,0,0,0,0,0,,,0
8,366,Wirtz,Liverpool,MID,Brighton,True,2026-10-25 14:00:00+00:00,7.3,5.7,a,1,0.7727,0.2092,0.1731,0.1948,0.3555,0.07458,3.774,4
8,367,Gakpo,Liverpool,MID,Brighton,True,2026-10-25 14:00:00+00:00,7.2,12.4,d,1,0.8216,0.2331,0.2438,0.2071,0.4192,0.1488,4.494,3.8
8,368,Szoboszlai,Liverpool,MID,Brighton,True,2026-10-25 14:00:00+00:00,7,32.8,a,1,1,0.1653,0.3351,0.2521,0.3938,0.5029,4.768,2.7
8,369,Ngumoha,Liverpool,MID,Brighton,True,2026-10-25 14:00:00+00:00,5.7,0.5,a,1,0.3333,0.06695,0.09386,0.08403,0.1217,0.05513,1.848,0.3
8,370,Chiesa,Liverpool,MID,Brighton,True,2026-10-25 14:00:00+00:00,5.3,0,i,0,0,0,0,0,0,0,0,0
8,371,Gravenberch,Liverpool,MID,Brighton,True,2026-10-25 14:00:00+00:00,5.8,1.1,a,1,0.3333,0.03079,0.04983,0.08403,0.03752,0.1313,1.89,1
8,372,Mac Allister,Liverpool,MID,Brighton,True,2026-10-25 14:00:00+00:00,5.4,1.3,a,1,0.7155,0.1064,0.09936,0.1804,0.1859,0.247,2.856,2.7
8,373,C.Jones,Liverpool,MID,Brighton,True,2026-10-25 14:00:00+00:00,5.5,0,u,0,0,0,0,0,0,0,0,0
8,374,Endo,Liverpool,MID,Brighton,True,2026-10-25 14:00:00+00:00,4.9,0.1,a,1,0,0,0,0,0,0,0,0
8,375,Nyoni,Liverpool,MID,Brighton,True,2026-10-25 14:00:00+00:00,4.9,0,a,1,0,0.02127,0.01413,0,0.002988,,,0.7
8,376,Bajcetic,Liverpool,MID,Brighton,True,2026-10-25 14:00:00+00:00,5,0,u,0,0,0,0,0,0,,,0
8,377,Munoz,Liverpool,MID,Brighton,True,2026-10-25 14:00:00+00:00,6.5,0.9,a,1,0.3574,0.1074,0.08485,0.09009,0.1505,0.07683,2.303,1.7
8,378,McConnell,Liverpool,MID,Brighton,True,2026-10-25 14:00:00+00:00,4.4,0.2,a,1,0,0,0,0,0,,,0
8,379,Isak,Liverpool,FWD,Brighton,True,2026-10-25 14:00:00+00:00,9.1,22.4,d,1,0.7727,0.4261,0.07453,0.1948,0.627,0.004534,3.956,5.8
8,380,Ekitiké,Liverpool,FWD,Brighton,True,2026-10-25 14:00:00+00:00,7.4,0.1,i,0,0,0,0,0,0,0,0,0
8,381,Koumas,Liverpool,MID,Brighton,True,2026-10-25 14:00:00+00:00,5,0,a,1,0,0.011,0.008625,0,0,0,0.6868,0.7
8,382,Danns,Liverpool,FWD,Brighton,True,2026-10-25 14:00:00+00:00,4.5,0.2,a,1,0,0,0,0,0,,,0
8,383,Elliott,Liverpool,MID,Brighton,True,2026-10-25 14:00:00+00:00,5.4,0,u,0,0,0,0,0,0,,,0
8,579,Araujo,Liverpool,DEF,Brighton,True,2026-10-25 14:00:00+00:00,5.4,3,a,1,0.6995,0.03213,0.04122,0.1763,0.1502,0.4218,2.81,7
8,627,Barcola,Liverpool,MID,Brighton,True,2026-10-25 14:00:00+00:00,8,1.9,a,1,0.7225,0.1358,0.11,0.1821,0.2277,0.1553,3.297,2.3
8,109,Verbruggen,Brighton,GKP,Liverpool,False,2026-10-25 14:00:00+00:00,4.5,21.6,a,1,1,0,0.002432,0.1491,0.2429,0,2.956,5.7
8,111,Steele,Brighton,GKP,Liverpool,False,2026-10-25 14:00:00+00:00,4,4.1,a,1,0,0,0,0,0,0,0,0
8,113,F.Kadıoğlu,Brighton,DEF,Liverpool,False,2026-10-25 14:00:00+00:00,4.4,1.6,a,1,0.8939,0.03947,0.06815,0.1333,0.1561,0.132,2.247,4.3
8,114,Boscagli,Brighton,DEF,Liverpool,False,2026-10-25 14:00:00+00:00,4.5,0.3,a,1,0.7727,0.01193,0.05773,0.1152,0.1121,0.233,1.942,4.7
8,115,De Cuyper,Brighton,DEF,Liverpool,False,2026-10-25 14:00:00+00:00,5,27.8,a,1,0.9108,0.1025,0.2248,0.1358,0.3292,0.1053,3.169,7
8,116,Dunk,Brighton,DEF,Liverpool,False,2026-10-25 14:00:00+00:00,4.5,1.5,d,1,0.7879,0.02598,0.01864,0.1175,0.09941,0.4068,2.08,4.3
8,117,Coppola,Brighton,DEF,Liverpool,False,2026-10-25 14:00:00+00:00,4.5,0,a,1,0,0,0,0,0,0,0,0
8,118,Igor,Brighton,DEF,Liverpool,False,2026-10-25 14:00:00+00:00,4.5,0,u,0,0,0,0,0,0,0,0,0
8,119,Costinha,Brighton,DEF,Liverpool,False,2026-10-25 14:00:00+00:00,4.5,0,a,1,0,0.008198,0.01033,0,0,0,0.8167,1
8,120,Svoboda,Brighton,DEF,Liverpool,False,2026-10-25 14:00:00+00:00,5,0.1,a,1,0,0.0008024,0.0008856,0,0,0,0.2734,0.3
8,121,Mitoma,Brighton,MID,Liverpool,False,2026-10-25 14:00:00+00:00,5.9,0,i,1,0,0.008712,0.007263,0,0.0109,0,0.07625,0
8,122,Minteh,Brighton,MID,Liverpool,False,2026-10-25 14:00:00+00:00,5.8,0,i,0,0,0,0,0,0,0,0,0
8,123,Hinshelwood,Brighton,MID,Liverpool,False,2026-10-25 14:00:00+00:00,5.9,0.6,i,1,0.3333,0.07079,0.03325,0.0497,0.1145,0.04941,1.334,0
8,124,Groß,Brighton,MID,Liverpool,False,2026-10-25 14:00:00+00:00,5.8,28.9,a,1,1,0.1148,0.2221,0.1491,0.2814,0.1809,3.596,10.7
8,125,Georginio,Brighton,FWD,Liverpool,False,2026-10-25 14:00:00+00:00,5.3,0.5,a,1,0.1061,0.02882,0.04797,0.01582,0.04355,0.008734,0.963,0.3
8,126,O'Riley,Brighton,MID,Liverpool,False,2026-10-25 14:00:00+00:00,5.4,0.1,a,1,0,0.006909,0.002873,0,0,0,0.4337,0.7
8,127,Gomez,Brighton,MID,Liverpool,False,2026-10-25 14:00:00+00:00,5,4,a,1,0.7727,0.1491,0.1055,0.1152,0.252,0.2407,3.38,4.3
8,128,Buonanotte,Brighton,MID,Liverpool,False,2026-10-25 14:00:00+00:00,5,0,u,0,0,0,0,0,0,,,0
8,129,Ayari,Brighton,MID,Liverpool,False,2026-10-25 14:00:00+00:00,5.4,0.4,a,1,0.6466,0.06607,0.04934,0.09642,0.1201,0.2311,2.251,4.3
8,130,Wieffer,Brighton,DEF,Liverpool,False,2026-10-25 14:00:00+00:00,4.9,0.2,i,0,0,0,0,0,0,0,0,0
8,132,Howell,Brighton,MID,Liverpool,False,2026-10-25 14:00:00+00:00,4.5,0,u,0,0,0,0,0,0,0,0,0
8,133,Watson,Brighton,MID,Liverpool,False,2026-10-25 14:00:00+00:00,5,0,u,0,0,0,0,0,0,,,0
8,134,Oriola,Brighton,MID,Liverpool,False,2026-10-25 14:00:00+00:00,4.5,0.2,a,1,0,0,0,0,0,,,0
8,135,Yohanna,Brighton,MID,Liverpool,False,2026-10-25 14:00:00+00:00,4.8,0,i,1,0,0.002291,0.002361,0,0,0,0.1558,0
8,137,Tzimas,Brighton,FWD,Liverpool,False,2026-10-25 14:00:00+00:00,5.4,0,i,0,0,0,0,0,0,,,0
8,138,Kostoulas,Brighton,FWD,Liverpool,False,2026-10-25 14:00:00+00:00,5.6,4.2,a,1,0.6667,0.2192,0.08733,0.09941,0.3332,0.005867,2.932,7.3
8,139,Ferguson,Brighton,FWD,Liverpool,False,2026-10-25 14:00:00+00:00,5,0,i,1,0,0,0,0,0,,,0
8,328,Struijk,Brighton,DEF,Liverpool,False,2026-10-25 14:00:00+00:00,4.9,0.2,d,1,0.3013,0.02322,0.01502,0.04493,0.04724,0.2202,1.164,1.7
8,504,Vuskovic,Brighton,DEF,Liverpool,False,2026-10-25 14:00:00+00:00,5,3.7,a,1,0.7727,0.06449,0.01882,0.1152,0.1366,,,8.7
8,594,David,Brighton,FWD,Liverpool,False,2026-10-25 14:00:00+00:00,5.9,0.2,a,1,0,0.01902,0.005298,0,0.0182,0,0.2734,0
8,600,Osman,Brighton,MID,Liverpool,False,2026-10-25 14:00:00+00:00,5,0,a,1,0,0.01136,0.009843,0,0,0,0.6177,0.3
8,605,Yalcouyé,Brighton,MID,Liverpool,False,2026-10-25 14:00:00+00:00,4.5,4,a,1,0.4545,0.09592,0.08962,0.06778,0.1599,,,3.7
8,614,Hadjam,Brighton,DEF,Liverpool,False,2026-10-25 14:00:00+00:00,4.5,0,a,1,0,0,0,0,0,0,0,0
8,624,Cozier-Duberry,Brighton,MID,Liverpool,False,2026-10-25 14:00:00+00:00,5,0,u,0,0,0,0,0,0,0,0,0
8,639,Andrés,Brighton,MID,Liverpool,False,2026-10-25 14:00:00+00:00,5.5,0,a,1,0.3925,0.08421,0.04323,0.05852,0.1207,0.1055,1.95,4
8,652,Azeez,Brighton,MID,Liverpool,False,2026-10-25 14:00:00+00:00,5.5,0,i,1,0,0,0,0,0,0,0,0
8,658,Ibrahim,Brighton,MID,Liverpool,False,2026-10-25 14:00:00+00:00,4.5,0,a,1,0,0,0,0,0,0,0,0
8,43,Tielemans,Manchester United,MID,Bournemouth,True,2026-10-25 14:00:00+00:00,5.8,1.5,a,1,0.9108,0.07142,0.1221,0.2367,0.1697,0.358,3.398,2.7
8,131,Baleba,Manchester United,MID,Bournemouth,True,2026-10-25 14:00:00+00:00,4.9,0.1,a,1,0.1381,0.009164,0.01402,0.03587,0.01763,0.06673,0.5734,0
8,162,Andrey Santos,Manchester United,MID,Bournemouth,True,2026-10-25 14:00:00+00:00,4.8,0.6,a,1,0.2441,0.03173,0.01803,0.06343,0.04096,0.07903,1.161,0.3
8,325,Darlow,Manchester United,GKP,Bournemouth,True,2026-10-25 14:00:00+00:00,4.5,0,d,1,0.2273,0,0.0008133,0.05905,0.09877,0,0.764,0
8,412,Lammens,Manchester United,GKP,Bournemouth,True,2026-10-25 14:00:00+00:00,4.9,9.9,a,1,1,0,0.001823,0.2598,0.2711,0,3.529,2.7
8,413,Bayindir,Manchester United,GKP,Bournemouth,True,2026-10-25 14:00:00+00:00,4.5,0,u,0,0,0,0,0,0,0,0,0
8,414,Heaton,Manchester United,GKP,Bournemouth,True,2026-10-25 14:00:00+00:00,4,0.1,i,0,0,0,0,0,0,0,0,0
8,415,Dorgu,Manchester United,MID,Bournemouth,True,2026-10-25 14:00:00+00:00,5.8,0.5,d,1,0.2676,0.09494,0.07799,0.06952,0.1243,0.09913,2.163,2.2
8,416,De Ligt,Manchester United,DEF,Bournemouth,True,2026-10-25 14:00:00+00:00,5,0,i,0,0,0,0,0,0,0,0,0
8,417,Dalot,Manchester United,DEF,Bournemouth,True,2026-10-25 14:00:00+00:00,4.9,1.6,a,1,0.7417,0.046,0.08914,0.1927,0.212,0.1631,2.812,1.7
8,418,Maguire,Manchester United,DEF,Bournemouth,True,2026-10-25 14:00:00+00:00,4.8,8.6,a,1,1,0.04532,0.07005,0.2598,0.2372,0.6639,3.653,1.7
8,419,Martinez,Manchester United,DEF,Bournemouth,True,2026-10-25 14:00:00+00:00,5,1.3,a,1,0.8939,0.02374,0.03191,0.2323,0.1735,0.5238,3.258,1.7
8,420,Yoro,Manchester United,DEF,Bournemouth,True,2026-10-25 14:00:00+00:00,4.8,0.5,a,1,0,0.003035,0.001672,0,0,0,0.3673,0.3
8,421,Heaven,Manchester United,DEF,Bournemouth,True,2026-10-25 14:00:00+00:00,4.3,0.3,a,1,0.1061,0.004683,0.004707,0.02756,0.0231,0.078,0.4189,0
8,422,Mazraoui,Manchester United,DEF,Bournemouth,True,2026-10-25 14:00:00+00:00,4.4,0.5,a,1,0.2583,0.01025,0.01372,0.06712,0.04994,0.07515,1.177,0.3
8,423,Shaw,Manchester United,DEF,Bournemouth,True,2026-10-25 14:00:00+00:00,4.3,7.7,a,1,0.8216,0.01611,0.05346,0.2135,0.171,0.2132,2.574,2
8,424,Amass,Manchester United,DEF,Bournemouth,True,2026-10-25 14:00:00+00:00,4,0.2,a,1,0,0,0,0,0,,,0
8,425,Fredricson,Manchester United,DEF,Bournemouth,True,2026-10-25 14:00:00+00:00,4,0,u,0,0,0,0,0,0,,,0
8,426,B.Fernandes,Manchester United,MID,Bournemouth,True,2026-10-25 14:00:00+00:00,11.9,38.5,a,1,1,0.3023,0.4783,0.2598,0.6302,0.243,6.08,2
8,427,Mbeumo,Manchester United,MID,Bournemouth,True,2026-10-25 14:00:00+00:00,7.9,20.6,a,1,0.9369,0.3427,0.1816,0.2434,0.5341,0.04286,4.89,4
8,428,Cunha,Manchester United,MID,Bournemouth,True,2026-10-25 14:00:00+00:00,7.9,5.8,a,1,0.9108,0.1552,0.1825,0.2367,0.3061,0.08591,3.711,5
8,429,Rashford,Manchester United,MID,Bournemouth,True,2026-10-25 14:00:00+00:00,7,1.5,d,1,0.6667,0.1379,0.08968,0.1732,0.2277,,,1.7
8,430,Mount,Manchester United,MID,Bournemouth,True,2026-10-25 14:00:00+00:00,5.4,0,a,1,0.1523,0.02129,0.02212,0.03956,0.02659,0.05853,0.8261,0.3
8,431,Amad,Manchester United,MID,Bournemouth,True,2026-10-25 14:00:00+00:00,5.7,0.3,i,0,0,0,0,0,0,0,0,0
8,432,Mainoo,Manchester United,MID,Bournemouth,True,2026-10-25 14:00:00+00:00,5.5,1.6,d,1,0.8939,0.04201,0.0736,0.2323,0.1091,0.8984,3.475,4.3
8,433,Ugarte,Manchester United,MID,Bournemouth,True,2026-10-25 14:00:00+00:00,5,0,i,0,0,0,0,0,0,0,0,0
8,434,J.Fletcher,Manchester United,MID,Bournemouth,True,2026-10-25 14:00:00+00:00,4.9,0,a,1,0,0,0,0,0,,,0
8,435,Lacey,Manchester United,MID,Bournemouth,True,2026-10-25 14:00:00+00:00,4.9,0.1,a,1,0,0.006246,0.005697,0,0.0002793,,,0
8,436,Collyer,Manchester United,MID,Bournemouth,True,2026-10-25 14:00:00+00:00,5,0,u,0,0,0,0,0,0,,,0
8,437,Bendito Mantato,Manchester United,MID,Bournemouth,True,2026-10-25 14:00:00+00:00,4.4,0.2,a,1,0,0,0,0,0,,,0
8,438,Fletcher,Manchester United,MID,Bournemouth,True,2026-10-25 14:00:00+00:00,4.4,0.3,a,1,0,0.002476,0.002497,0,0,,,0
8,439,Šeško,Manchester United,FWD,Bournemouth,True,2026-10-25 14:00:00+00:00,7,1.6,d,1,0,0.07519,0.008815,0,0.09137,0,0.9792,1.5
8,440,Zirkzee,Manchester United,FWD,Bournemouth,True,2026-10-25 14:00:00+00:00,5.3,0.4,a,1,0.06307,0.04834,0.02237,0.01639,0.05968,0.0008881,0.9388,0.7
8,441,Obi,Manchester United,FWD,Bournemouth,True,2026-10-25 14:00:00+00:00,4.5,0.9,u,0,0,0,0,0,0,,,0
8,57,Petrović,Bournemouth,GKP,Manchester United,False,2026-10-25 14:00:00+00:00,4.5,3,a,1,1,0,0.001544,0.1816,0.136,0,2.738,1.3
8,58,Forster,Bournemouth,GKP,Manchester United,False,2026-10-25 14:00:00+00:00,4,3.5,a,1,0,0,0,0,0,0,0,0
8,59,Dennis,Bournemouth,GKP,Manchester United,False,2026-10-25 14:00:00+00:00,4,0.1,u,0,0,0,0,0,0,0,0,0
8,60,Hill,Bournemouth,DEF,Manchester United,False,2026-10-25 14:00:00+00:00,5.5,0.8,a,1,1,0.02734,0.08141,0.1816,0.1809,1.109,3.47,2.3
8,61,Truffert,Bournemouth,DEF,Manchester United,False,2026-10-25 14:00:00+00:00,5.4,3,a,1,1,0.04387,0.1145,0.1816,0.2209,0.5784,3.296,1.7
8,62,Diakité,Bournemouth,DEF,Manchester United,False,2026-10-25 14:00:00+00:00,4.9,0.2,a,1,0,0,0,0,0,0,0,0
8,63,Milosavljević,Bournemouth,DEF,Manchester United,False,2026-10-25 14:00:00+00:00,4.9,0,i,0,0,0,0,0,0,0,0,0
8,64,Smith,Bournemouth,DEF,Manchester United,False,2026-10-25 14:00:00+00:00,4.5,0.1,a,1,1,0.01195,0.03694,0.1816,0.134,0.1199,2.121,0.7
8,65,J.Araujo,Bournemouth,DEF,Manchester United,False,2026-10-25 14:00:00+00:00,4.4,0,i,0,0,0,0,0,0,,,0
8,66,Soler,Bournemouth,DEF,Manchester United,False,2026-10-25 14:00:00+00:00,4,0.3,a,1,0,0,0,0,0,,,0
8,67,Rayan,Bournemouth,MID,Manchester United,False,2026-10-25 14:00:00+00:00,6.3,1.6,a,1,1,0.1692,0.1563,0.1816,0.3162,0.07414,3.887,2
8,68,Tavernier,Bournemouth,MID,Manchester United,False,2026-10-25 14:00:00+00:00,6.1,6.8,a,1,1,0.2084,0.2114,0.1816,0.3905,0.1734,4.054,6.7
8,69,Scott,Bournemouth,MID,Manchester United,False,2026-10-25 14:00:00+00:00,6.1,5.8,a,1,0.9108,0.07849,0.09682,0.1654,0.1733,0.7463,3.4,5.3
8,70,Kluivert,Bournemouth,MID,Manchester United,False,2026-10-25 14:00:00+00:00,6,0.9,i,0,0,0,0,0,0,0,0,0
8,71,Cook,Bournemouth,MID,Manchester United,False,2026-10-25 14:00:00+00:00,5,0.2,a,1,0.2322,0.008959,0.01726,0.04216,0,0.2083,1.338,0.7
8,72,Gannon-Doak,Bournemouth,MID,Manchester United,False,2026-10-25 14:00:00+00:00,4.9,0.1,a,1,0,0.01276,0.008792,0,0,,,1
8,73,Adams,Bournemouth,MID,Manchester United,False,2026-10-25 14:00:00+00:00,5,0.3,a,1,0.7047,0.03192,0.06488,0.128,0.07855,0.5318,2.722,3.3
8,74,Brooks,Bournemouth,MID,Manchester United,False,2026-10-25 14:00:00+00:00,5,0.1,a,1,0,0.03013,0.02417,0,0.006884,0,0.8564,0.7
8,75,Christie,Bournemouth,MID,Manchester United,False,2026-10-25 14:00:00+00:00,5,0,a,1,0.2121,0.03952,0.0336,0.03852,0.04494,0.05869,1.382,1.3
8,76,Tóth.A,Bournemouth,MID,Manchester United,False,2026-10-25 14:00:00+00:00,4.9,0,a,1,0,0.009638,0.01164,0,0,,,0.3
8,77,Adli,Bournemouth,MID,Manchester United,False,2026-10-25 14:00:00+00:00,4.9,0,i,0,0,0,0,0,0,0,0,0
8,78,Kroupi.Jr,Bournemouth,MID,Manchester United,False,2026-10-25 14:00:00+00:00,7.4,0.2,i,0,0,0,0,0,0,0,0,0
8,79,Evanilson,Bournemouth,FWD,Manchester United,False,2026-10-25 14:00:00+00:00,6,3.2,a,1,0.9369,0.22,0.1173,0.1701,0.3566,0.002868,3.422,3
8,80,Enes Ünal,Bournemouth,FWD,Manchester United,False,2026-10-25 14:00:00+00:00,5.5,0,u,0,0,0,0,0,0,,,0
8,81,Rodríguez,Bournemouth,FWD,Manchester United,False,2026-10-25 14:00:00+00:00,6,0.1,a,1,0,0.005196,0.002187,0,0,0,0.4214,0.3
8,566,Silva,Bournemouth,DEF,Manchester United,False,2026-10-25 14:00:00+00:00,5,0.4,a,1,1,0.1488,0.03123,0.1816,0.2658,1.202,4.158,2.3
8,573,Sanchez,Bournemouth,DEF,Manchester United,False,2026-10-25 14:00:00+00:00,4.4,0.2,a,1,0,0,0,0,0,0,0,0
8,608,Jebbison,Bournemouth,FWD,Manchester United,False,2026-10-25 14:00:00+00:00,5,0.1,a,1,0,0.02076,0.008031,0,0.01471,0,0.7277,0.7
8,615,Di Gregorio,Bournemouth,GKP,Manchester United,False,2026-10-25 14:00:00+00:00,4.5,0,a,1,0,0,0,0,0,0,0,0
8,501,Danso,Sunderland,DEF,Leeds,True,2026-10-25 16:30:00+00:00,5,0.2,a,1,0.7678,0.02364,0.02022,0.1945,0.1442,0.7745,3.024,1
8,529,Roefs,Sunderland,GKP,Leeds,True,2026-10-25 16:30:00+00:00,4.9,2.4,a,1,1,0,0.01574,0.2534,0.06398,0,2.837,1.3
8,530,Patterson,Sunderland,GKP,Leeds,True,2026-10-25 16:30:00+00:00,4,0.1,u,0,0,0,0,0,0,0,0,0
8,531,Ellborg,Sunderland,GKP,Leeds,True,2026-10-25 16:30:00+00:00,4.4,0.1,a,1,0,0,0,0,0,0,0,0
8,532,Ballard,Sunderland,DEF,Leeds,True,2026-10-25 16:30:00+00:00,4.9,2.5,d,1,0.7727,0.07731,0.0525,0.1958,0.2211,0.8792,3.416,1.5
8,533,Mukiele,Sunderland,DEF,Leeds,True,2026-10-25 16:30:00+00:00,5.4,1.9,a,1,0.8939,0.104,0.08841,0.2265,0.29,0.7397,4.03,1.3
8,534,Hume,Sunderland,DEF,Leeds,True,2026-10-25 16:30:00+00:00,4.3,2.8,a,1,0.3845,0.04168,0.06399,0.09741,0.1294,0.06624,2.012,0.7
8,535,Alderete,Sunderland,DEF,Leeds,True,2026-10-25 16:30:00+00:00,4.8,0.2,a,1,0.06307,0.005787,0.004608,0.01598,0.01332,0.04643,0.4303,0
8,536,Reinildo,Sunderland,DEF,Leeds,True,2026-10-25 16:30:00+00:00,4.4,0.3,a,1,0.7879,0.01202,0.02883,0.1996,0.1416,0.2529,2.571,0
8,537,Seelt,Sunderland,DEF,Leeds,True,2026-10-25 16:30:00+00:00,4.5,0,u,0,0,0,0,0,0,0,0,0
8,538,Hjelde,Sunderland,DEF,Leeds,True,2026-10-25 16:30:00+00:00,4,0,u,0,0,0,0,0,0,,,0
8,539,O'Nien,Sunderland,DEF,Leeds,True,2026-10-25 16:30:00+00:00,3.9,2.5,a,1,0.2703,0.009001,0.008937,0.06848,0.05273,0.1011,0.8422,0
8,540,Masuaku,Sunderland,DEF,Leeds,True,2026-10-25 16:30:00+00:00,4,0.1,u,0,0,0,0,0,0,,,0
8,541,Meunier,Sunderland,DEF,Leeds,True,2026-10-25 16:30:00+00:00,4.5,0.3,a,1,1,0.06213,0.07009,0.2534,0.25,0.2022,3.657,2.3
8,542,E.Le Fée,Sunderland,MID,Leeds,True,2026-10-25 16:30:00+00:00,5.7,3.4,a,1,1,0.1818,0.3249,0.2534,0.4093,0.3704,4.917,4.3
8,543,Diarra,Sunderland,MID,Leeds,True,2026-10-25 16:30:00+00:00,5.3,0,i,0,0,0,0,0,0,0,0,0
8,544,Xhaka,Sunderland,MID,Leeds,True,2026-10-25 16:30:00+00:00,5.5,3.6,a,1,1,0.03462,0.168,0.2534,0.1537,0.7531,3.42,2
8,545,Sadiki,Sunderland,MID,Leeds,True,2026-10-25 16:30:00+00:00,4.9,0.2,a,1,1,0.07973,0.06064,0.2534,0.1584,0.2071,2.96,1.7
8,546,Adingra,Sunderland,MID,Leeds,True,2026-10-25 16:30:00+00:00,4.9,0,u,0,0,0,0,0,0,0,0,0
8,547,Mundle,Sunderland,MID,Leeds,True,2026-10-25 16:30:00+00:00,4.9,0,i,0,0,0,0,0,0,0,0,0
8,548,Rigg,Sunderland,MID,Leeds,True,2026-10-25 16:30:00+00:00,4.9,0,a,1,0,0.003401,0.005535,0,0,0,0.43,0
8,549,Talbi,Sunderland,MID,Leeds,True,2026-10-25 16:30:00+00:00,5.3,0.1,a,1,0.06307,0.01628,0.009879,0.01598,0.01734,0.006164,0.4578,0
8,550,Jocelin.T,Sunderland,MID,Leeds,True,2026-10-25 16:30:00+00:00,5,0,a,1,0,0,0,0,0,,,0
8,551,N.Angulo,Sunderland,MID,Leeds,True,2026-10-25 16:30:00+00:00,5,0.1,a,1,0.6187,0.1194,0.08895,0.1568,0.1889,0.07825,2.711,2.7
8,552,Brobbey,Sunderland,FWD,Leeds,True,2026-10-25 16:30:00+00:00,5.7,6.9,d,1,1,0.3208,0.09178,0.2534,0.4935,0.003806,3.877,5
8,553,Isidor,Sunderland,FWD,Leeds,True,2026-10-25 16:30:00+00:00,5.5,1.3,a,1,0,0.1145,0.01192,0,0.1366,0,1.567,2
8,612,Methalie,Sunderland,DEF,Leeds,True,2026-10-25 16:30:00+00:00,4.5,0,a,1,0.3182,0.012,0.01276,0.08062,0.06506,0.1287,0.8008,-0.3
8,613,Ahoka,Sunderland,MID,Leeds,True,2026-10-25 16:30:00+00:00,4.5,0.2,a,1,0,0,0,0,0,0,0,0
8,646,Fofana,Sunderland,MID,Leeds,True,2026-10-25 16:30:00+00:00,5.5,0,a,1,0,0.0452,0.02349,0,0.01501,0,1.311,1
8,651,J.Angulo,Sunderland,FWD,Leeds,True,2026-10-25 16:30:00+00:00,4.5,0.7,a,1,0,0,0,0,0,0,0,0
8,260,Wilson,Leeds,MID,Sunderland,False,2026-10-25 16:30:00+00:00,6.2,1.7,i,0,0,0,0,0,0,0,0,0
8,326,Perri,Leeds,GKP,Sunderland,False,2026-10-25 16:30:00+00:00,4.5,0.3,u,0,0,0,0,0,0,0,0,0
8,327,Bijol,Leeds,DEF,Sunderland,False,2026-10-25 16:30:00+00:00,5,0.7,a,1,0.3333,0.01446,0.03107,0.08918,0.07865,0.336,1.624,0.3
8,329,Rodon,Leeds,DEF,Sunderland,False,2026-10-25 16:30:00+00:00,4.3,0.8,i,0,0,0,0,0,0,0,0,0
8,330,Bogle,Leeds,DEF,Sunderland,False,2026-10-25 16:30:00+00:00,4.6,7.2,a,1,0.8619,0.05729,0.07782,0.2306,0.2389,0.1327,2.936,11.3
8,331,Gudmundsson,Leeds,DEF,Sunderland,False,2026-10-25 16:30:00+00:00,4.5,0.1,a,1,0.5405,0.01224,0.04693,0.1446,0.1249,0.09778,1.881,4.7
8,332,Justin,Leeds,DEF,Sunderland,False,2026-10-25 16:30:00+00:00,4.5,1.4,a,1,1,0.07699,0.1346,0.2675,0.3191,0.5343,4.362,4.7
8,333,Bornauw,Leeds,DEF,Sunderland,False,2026-10-25 16:30:00+00:00,4.5,0,u,0,0,0,0,0,0,0,0,0
8,334,Muharemović,Leeds,DEF,Sunderland,False,2026-10-25 16:30:00+00:00,5,4.3,a,1,1,0.06453,0.09911,0.2675,0.2815,0.9522,4.561,5.7
8,335,Stach,Leeds,MID,Sunderland,False,2026-10-25 16:30:00+00:00,6,2.5,a,1,0.9108,0.114,0.1977,0.2437,0.2623,0.7234,4.214,3.3
8,336,Okafor,Leeds,MID,Sunderland,False,2026-10-25 16:30:00+00:00,5.8,0.4,a,1,0.6667,0.1063,0.06405,0.1784,0.1764,0.04479,2.563,5
8,337,Aaronson,Leeds,MID,Sunderland,False,2026-10-25 16:30:00+00:00,5.3,0.5,a,1,0.2583,0.06571,0.08899,0.06911,0.09269,0.05848,1.985,1
8,338,Ampadu,Leeds,MID,Sunderland,False,2026-10-25 16:30:00+00:00,5.4,0.9,a,1,1,0.04565,0.05827,0.2675,0.1149,1.023,3.719,4.7
8,339,Longstaff,Leeds,MID,Sunderland,False,2026-10-25 16:30:00+00:00,4.9,0.1,a,1,0,0.005997,0.009451,0,0,0,0.4809,0.3
8,341,Gnonto,Leeds,MID,Sunderland,False,2026-10-25 16:30:00+00:00,5,0,u,0,0,0,0,0,0,0,0,0
8,342,Harrison,Leeds,MID,Sunderland,False,2026-10-25 16:30:00+00:00,5,0,u,0,0,0,0,0,0,0,0,0
8,343,James,Leeds,MID,Sunderland,False,2026-10-25 16:30:00+00:00,4.9,0.1,a,1,0.06307,0.03282,0.02568,0.01687,0.01928,0.01507,1.099,0.7
8,344,Gruev,Leeds,MID,Sunderland,False,2026-10-25 16:30:00+00:00,5,0,a,1,0,0,0,0,0,0,0,0
8,345,Tanaka,Leeds,MID,Sunderland,False,2026-10-25 16:30:00+00:00,4.9,0.3,a,1,0.6928,0.08419,0.1014,0.1853,0.1628,0.2353,2.683,4.3
8,346,Calvert-Lewin,Leeds,FWD,Sunderland,False,2026-10-25 16:30:00+00:00,6,24.8,a,1,1,0.4485,0.05434,0.2675,0.6603,0.003061,4.111,4.3
8,347,Nmecha,Leeds,FWD,Sunderland,False,2026-10-25 16:30:00+00:00,5.4,0.5,a,1,0.08919,0.1267,0.07189,0.02386,0.1753,0.0008373,1.882,1
8,348,Piroe,Leeds,FWD,Sunderland,False,2026-10-25 16:30:00+00:00,5,0.1,u,0,0,0,0,0,0,0,0,0
8,349,Mateo Joseph,Leeds,FWD,Sunderland,False,2026-10-25 16:30:00+00:00,4.5,0.1,i,0,0,0,0,0,0,,,0
8,385,Trafford,Leeds,GKP,Sunderland,False,2026-10-25 16:30:00+00:00,5,5.5,a,1,0.8619,0,0.003994,0.2306,0.3157,0,3.311,5.3
8,598,Elvedi,Leeds,DEF,Sunderland,False,2026-10-25 16:30:00+00:00,4.5,0.1,a,1,0.6995,0.03496,0.1171,0.1871,0.2168,0.4218,3.168,4
8,603,Lienou,Leeds,DEF,Sunderland,False,2026-10-25 16:30:00+00:00,4,0.1,a,1,0,0,0,0,0,,,0
8,604,Cresswell,Leeds,MID,Sunderland,False,2026-10-25 16:30:00+00:00,4.5,0.1,a,1,0,0,0,0,0,,,0
8,625,Cairns,Leeds,GKP,Sunderland,False,2026-10-25 16:30:00+00:00,4,0.2,a,1,0,0,0,0,0,0,0,0
8,629,Zetterer,Leeds,GKP,Sunderland,False,2026-10-25 16:30:00+00:00,4,0.7,a,1,0,0,0,0,0,0,0,0
8,641,Bard,Leeds,DEF,Sunderland,False,2026-10-25 16:30:00+00:00,4.5,0,a,1,0,0.004036,0.00542,0,0,0,0.3423,0.3
8,648,Bahoya,Leeds,MID,Sunderland,False,2026-10-25 16:30:00+00:00,5,0,a,1,0,0.0005801,0.0005853,0,0,0,0.3971,0.3
9,43,Tielemans,Manchester United,MID,Chelsea,False,2026-10-31 12:30:00+00:00,5.8,1.5,a,1,0.9108,0.06978,0.1192,0.1592,0.1687,0.358,3.303,2.7
9,131,Baleba,Manchester United,MID,Chelsea,False,2026-10-31 12:30:00+00:00,4.9,0.1,a,1,0.1381,0.008953,0.0137,0.02413,0.01759,0.06673,0.5596,0
9,162,Andrey Santos,Manchester United,MID,Chelsea,False,2026-10-31 12:30:00+00:00,4.8,0.6,a,1,0.2441,0.031,0.01762,0.04266,0.04051,0.07903,1.134,0.3
9,325,Darlow,Manchester United,GKP,Chelsea,False,2026-10-31 12:30:00+00:00,4.5,0,d,1,0.2273,0,0.0007946,0.03971,0.1197,0,0.7218,0
9,412,Lammens,Manchester United,GKP,Chelsea,False,2026-10-31 12:30:00+00:00,4.9,9.9,a,1,1,0,0.001781,0.1747,0.3156,0,3.336,2.7
9,413,Bayindir,Manchester United,GKP,Chelsea,False,2026-10-31 12:30:00+00:00,4.5,0,u,0,0,0,0,0,0,0,0,0
9,414,Heaton,Manchester United,GKP,Chelsea,False,2026-10-31 12:30:00+00:00,4,0.1,i,0,0,0,0,0,0,0,0,0
9,415,Dorgu,Manchester United,MID,Chelsea,False,2026-10-31 12:30:00+00:00,5.8,0.5,d,1,0.2676,0.09275,0.07619,0.04676,0.1215,0.09913,2.121,2.2
9,416,De Ligt,Manchester United,DEF,Chelsea,False,2026-10-31 12:30:00+00:00,5,0,i,0,0,0,0,0,0,0,0,0
9,417,Dalot,Manchester United,DEF,Chelsea,False,2026-10-31 12:30:00+00:00,4.9,1.6,a,1,0.7417,0.04494,0.08709,0.1296,0.172,0.1631,2.372,1.7
9,418,Maguire,Manchester United,DEF,Chelsea,False,2026-10-31 12:30:00+00:00,4.8,8.6,a,1,1,0.04428,0.06843,0.1747,0.1845,0.6639,3.06,1.7
9,419,Martinez,Manchester United,DEF,Chelsea,False,2026-10-31 12:30:00+00:00,5,1.3,a,1,0.8939,0.02319,0.03117,0.1562,0.1273,0.5238,2.733,1.7
9,420,Yoro,Manchester United,DEF,Chelsea,False,2026-10-31 12:30:00+00:00,4.8,0.5,a,1,0,0.002966,0.001634,0,0,0,0.3576,0.3
9,421,Heaven,Manchester United,DEF,Chelsea,False,2026-10-31 12:30:00+00:00,4.3,0.3,a,1,0.1061,0.004575,0.004599,0.01853,0.01755,0.078,0.3563,0
9,422,Mazraoui,Manchester United,DEF,Chelsea,False,2026-10-31 12:30:00+00:00,4.4,0.5,a,1,0.2583,0.01002,0.01341,0.04514,0.03643,0.07515,1.025,0.3
9,423,Shaw,Manchester United,DEF,Chelsea,False,2026-10-31 12:30:00+00:00,4.3,7.7,a,1,0.8216,0.01574,0.05223,0.1436,0.1282,0.2132,2.1,2
9,424,Amass,Manchester United,DEF,Chelsea,False,2026-10-31 12:30:00+00:00,4,0.2,a,1,0,0,0,0,0,,,0
9,425,Fredricson,Manchester United,DEF,Chelsea,False,2026-10-31 12:30:00+00:00,4,0,u,0,0,0,0,0,0,,,0
9,426,B.Fernandes,Manchester United,MID,Chelsea,False,2026-10-31 12:30:00+00:00,11.9,38.5,a,1,1,0.2954,0.4673,0.1747,0.6191,0.243,5.916,2
9,427,Mbeumo,Manchester United,MID,Chelsea,False,2026-10-31 12:30:00+00:00,7.9,20.6,a,1,0.9369,0.3348,0.1775,0.1637,0.5249,0.04286,4.749,4
9,428,Cunha,Manchester United,MID,Chelsea,False,2026-10-31 12:30:00+00:00,7.9,5.8,a,1,0.9108,0.1516,0.1783,0.1592,0.3021,0.08591,3.599,5
9,429,Rashford,Manchester United,MID,Chelsea,False,2026-10-31 12:30:00+00:00,7,1.5,d,1,0.6667,0.1348,0.08762,0.1165,0.2246,,,1.7
9,430,Mount,Manchester United,MID,Chelsea,False,2026-10-31 12:30:00+00:00,5.4,0,a,1,0.1523,0.0208,0.02161,0.02661,0.02615,0.05853,0.8087,0.3
9,431,Amad,Manchester United,MID,Chelsea,False,2026-10-31 12:30:00+00:00,5.7,0.3,i,0,0,0,0,0,0,0,0,0
9,432,Mainoo,Manchester United,MID,Chelsea,False,2026-10-31 12:30:00+00:00,5.5,1.6,d,1,0.8939,0.04105,0.07191,0.1562,0.1095,0.8984,3.39,4.3
9,433,Ugarte,Manchester United,MID,Chelsea,False,2026-10-31 12:30:00+00:00,5,0,i,0,0,0,0,0,0,0,0,0
9,434,J.Fletcher,Manchester United,MID,Chelsea,False,2026-10-31 12:30:00+00:00,4.9,0,a,1,0,0,0,0,0,,,0
9,435,Lacey,Manchester United,MID,Chelsea,False,2026-10-31 12:30:00+00:00,4.9,0.1,a,1,0,0.006102,0.005566,0,4.021e-05,,,0
9,436,Collyer,Manchester United,MID,Chelsea,False,2026-10-31 12:30:00+00:00,5,0,u,0,0,0,0,0,0,,,0
9,437,Bendito Mantato,Manchester United,MID,Chelsea,False,2026-10-31 12:30:00+00:00,4.4,0.2,a,1,0,0,0,0,0,,,0
9,438,Fletcher,Manchester United,MID,Chelsea,False,2026-10-31 12:30:00+00:00,4.4,0.3,a,1,0,0.002419,0.00244,0,0,,,0
9,439,Šeško,Manchester United,FWD,Chelsea,False,2026-10-31 12:30:00+00:00,7,1.6,d,1,0,0.07346,0.008612,0,0.08892,0,0.9692,1.5
9,440,Zirkzee,Manchester United,FWD,Chelsea,False,2026-10-31 12:30:00+00:00,5.3,0.4,a,1,0.06307,0.04723,0.02185,0.01102,0.0579,0.0008881,0.9311,0.7
9,441,Obi,Manchester United,FWD,Chelsea,False,2026-10-31 12:30:00+00:00,4.5,0.9,u,0,0,0,0,0,0,,,0
9,28,Martinez,Chelsea,GKP,Manchester United,True,2026-10-31 12:30:00+00:00,5,4.7,a,1,0.8047,0,0.02468,0.152,0.3755,0,3.129,2.3
9,40,Rogers,Chelsea,MID,Manchester United,True,2026-10-31 12:30:00+00:00,7.7,40.5,a,1,0.9108,0.2044,0.2558,0.172,0.4034,0.07132,4.108,5.3
9,101,Henderson,Chelsea,MID,Manchester United,True,2026-10-31 12:30:00+00:00,4.9,0,a,1,0.2121,0.01591,0.059,0.04006,0.04289,0.06403,0.9028,0.7
9,136,Welbeck,Chelsea,FWD,Manchester United,True,2026-10-31 12:30:00+00:00,5.9,1,a,1,0.3502,0.1716,0.05378,0.06613,0.249,0.001494,2.216,1.3
9,140,Sánchez,Chelsea,GKP,Manchester United,True,2026-10-31 12:30:00+00:00,4.9,0.7,u,0,0,0,0,0,0,0,0,0
9,141,Jörgensen,Chelsea,GKP,Manchester United,True,2026-10-31 12:30:00+00:00,5,0,u,0,0,0,0,0,0,0,0,0
9,142,James,Chelsea,DEF,Manchester United,True,2026-10-31 12:30:00+00:00,5.4,5.8,d,1,0.4345,0.03168,0.07379,0.08204,0.1206,0.1014,1.694,0.5
9,143,Chalobah,Chelsea,DEF,Manchester United,True,2026-10-31 12:30:00+00:00,5.5,0.1,u,0,0,0,0,0,0,0,0,0
9,144,Gusto,Chelsea,DEF,Manchester United,True,2026-10-31 12:30:00+00:00,4.9,1,a,1,0.5629,0.02969,0.07057,0.1063,0.1324,0.05204,1.941,0.7
9,145,Fofana,Chelsea,DEF,Manchester United,True,2026-10-31 12:30:00+00:00,5,0.2,a,1,0.8939,0.02365,0.03346,0.1688,0.1368,0.705,2.966,2.7
9,146,B.Badiashile,Chelsea,DEF,Manchester United,True,2026-10-31 12:30:00+00:00,4.5,0,u,0,0,0,0,0,0,0,0,0
9,148,Hato,Chelsea,DEF,Manchester United,True,2026-10-31 12:30:00+00:00,4.5,0.8,a,1,0.3703,0.01863,0.08959,0.06992,0.1091,0.09694,1.544,1
9,149,Colwill,Chelsea,DEF,Manchester United,True,2026-10-31 12:30:00+00:00,4.8,0.9,a,1,0.775,0.0239,0.02581,0.1464,0.1197,0.3505,2.277,0.7
9,150,M.Sarr,Chelsea,DEF,Manchester United,True,2026-10-31 12:30:00+00:00,4.5,0,u,0,0,0,0,0,0,0,0,0
9,151,Acheampong,Chelsea,DEF,Manchester United,True,2026-10-31 12:30:00+00:00,4.5,0.3,a,1,0.3311,0.02166,0.0165,0.06252,0.05595,0.1409,1.481,0.3
9,152,Palestra,Chelsea,DEF,Manchester United,True,2026-10-31 12:30:00+00:00,5.3,0.6,d,1,0,0,0,0,0,0,0,0
9,154,Palmer,Chelsea,MID,Manchester United,True,2026-10-31 12:30:00+00:00,9.7,25.7,d,1,1,0.3664,0.1957,0.1888,0.5774,0.1662,5.112,2
9,156,Neto,Chelsea,MID,Manchester United,True,2026-10-31 12:30:00+00:00,6.5,1.4,a,1,0.8309,0.1321,0.2179,0.1569,0.2883,0.0406,3.568,2
9,157,Estêvão,Chelsea,MID,Manchester United,True,2026-10-31 12:30:00+00:00,6.3,0.7,a,1,0,0.01031,0.009405,0,0,0,0.7264,1
9,158,Gittens,Chelsea,MID,Manchester United,True,2026-10-31 12:30:00+00:00,5.8,0,d,1,0,0,0,0,0,0,0,0
9,159,Caicedo,Chelsea,MID,Manchester United,True,2026-10-31 12:30:00+00:00,5.3,1,d,1,0.2273,0.01262,0.02653,0.04292,0.0292,0.1729,0.9053,0
9,161,Lavia,Chelsea,MID,Manchester United,True,2026-10-31 12:30:00+00:00,5,0.2,a,1,0.4106,0.08758,0.04748,0.07754,0.1363,0.06791,1.727,1
9,163,D.Essugo,Chelsea,MID,Manchester United,True,2026-10-31 12:30:00+00:00,4.5,0.1,u,0,0,0,0,0,0,,,0
9,164,Quenda,Chelsea,MID,Manchester United,True,2026-10-31 12:30:00+00:00,5.3,0,a,1,0,0.01183,0.01124,0,0,0,0.5047,0.3
9,165,João Pedro,Chelsea,FWD,Manchester United,True,2026-10-31 12:30:00+00:00,7.7,65.1,d,1,0.7129,0.3337,0.09775,0.1346,0.5048,0.002281,3.321,3.2
9,168,Marc Guiu,Chelsea,FWD,Manchester United,True,2026-10-31 12:30:00+00:00,5,0.2,u,0,0,0,0,0,0,0,0,0
9,169,Mheuka,Chelsea,FWD,Manchester United,True,2026-10-31 12:30:00+00:00,4.5,0.5,a,1,0,0.0003311,0.0001379,0,0,,,0
9,170,Emegha,Chelsea,FWD,Manchester United,True,2026-10-31 12:30:00+00:00,4.9,0.1,i,1,0,0,0,0,0,0,0,0
9,200,Lacroix,Chelsea,DEF,Manchester United,True,2026-10-31 12:30:00+00:00,5.9,6.8,a,1,0.7324,0.05883,0.04622,0.1383,0.1603,0.8428,3.118,2
9,560,Penders,Chelsea,GKP,Manchester United,True,2026-10-31 12:30:00+00:00,4.4,0.1,a,1,0,0,0,0,0,0,0,0
9,561,Anselmino,Chelsea,DEF,Manchester United,True,2026-10-31 12:30:00+00:00,4.5,0,a,1,0,0,0,0,0,,,0
9,568,Barco,Chelsea,MID,Manchester United,True,2026-10-31 12:30:00+00:00,5.4,0.1,a,1,0.2745,0.05504,0.0456,0.05184,0.07818,0.07378,1.328,0.7
9,583,Chavarria,Chelsea,DEF,Manchester United,True,2026-10-31 12:30:00+00:00,4.9,0.1,a,1,0.2745,0.03015,0.04017,0.05184,0.06823,0.111,1.651,1
9,662,Nicoll-Jazuli,Chelsea,MID,Manchester United,True,2026-10-31 12:30:00+00:00,4.5,0,a,1,0,0.005624,0.005677,0,0,0,1.045,1.1
9,57,Petrović,Bournemouth,GKP,Leeds,True,2026-10-31 15:00:00+00:00,4.5,3,a,1,1,0,0.001828,0.292,0.1385,0,3.195,1.3
9,58,Forster,Bournemouth,GKP,Leeds,True,2026-10-31 15:00:00+00:00,4,3.5,a,1,0,0,0,0,0,0,0,0
9,59,Dennis,Bournemouth,GKP,Leeds,True,2026-10-31 15:00:00+00:00,4,0.1,u,0,0,0,0,0,0,0,0,0
9,60,Hill,Bournemouth,DEF,Leeds,True,2026-10-31 15:00:00+00:00,5.5,0.8,a,1,1,0.03237,0.09639,0.292,0.2621,1.109,4.293,2.3
9,61,Truffert,Bournemouth,DEF,Leeds,True,2026-10-31 15:00:00+00:00,5.4,3,a,1,1,0.05193,0.1356,0.292,0.3094,0.5784,4.163,1.7
9,62,Diakité,Bournemouth,DEF,Leeds,True,2026-10-31 15:00:00+00:00,4.9,0.2,a,1,0,0,0,0,0,0,0,0
9,63,Milosavljević,Bournemouth,DEF,Leeds,True,2026-10-31 15:00:00+00:00,4.9,0,i,0,0,0,0,0,0,0,0,0
9,64,Smith,Bournemouth,DEF,Leeds,True,2026-10-31 15:00:00+00:00,4.5,0.1,a,1,1,0.01415,0.04373,0.292,0.2066,0.1199,2.885,0.7
9,65,J.Araujo,Bournemouth,DEF,Leeds,True,2026-10-31 15:00:00+00:00,4.4,0,i,0,0,0,0,0,0,,,0
9,66,Soler,Bournemouth,DEF,Leeds,True,2026-10-31 15:00:00+00:00,4,0.3,a,1,0,0,0,0,0,,,0
9,67,Rayan,Bournemouth,MID,Leeds,True,2026-10-31 15:00:00+00:00,6.3,1.6,a,1,1,0.2004,0.185,0.292,0.3647,0.07414,4.288,2
9,68,Tavernier,Bournemouth,MID,Leeds,True,2026-10-31 15:00:00+00:00,6.1,6.8,a,1,1,0.2467,0.2503,0.292,0.4527,0.1734,4.535,6.7
9,69,Scott,Bournemouth,MID,Leeds,True,2026-10-31 15:00:00+00:00,6.1,5.8,a,1,0.9108,0.09292,0.1146,0.266,0.1963,0.7463,3.649,5.3
9,70,Kluivert,Bournemouth,MID,Leeds,True,2026-10-31 15:00:00+00:00,6,0.9,i,0,0,0,0,0,0,0,0,0
9,71,Cook,Bournemouth,MID,Leeds,True,2026-10-31 15:00:00+00:00,5,0.2,a,1,0.2322,0.01061,0.02044,0.06781,0,0.2083,1.381,0.7
9,72,Gannon-Doak,Bournemouth,MID,Leeds,True,2026-10-31 15:00:00+00:00,4.9,0.1,a,1,0,0.01511,0.01041,0,0,,,1
9,73,Adams,Bournemouth,MID,Leeds,True,2026-10-31 15:00:00+00:00,5,0.3,a,1,0.7047,0.03779,0.07681,0.2058,0.08897,0.5318,2.876,3.3
9,74,Brooks,Bournemouth,MID,Leeds,True,2026-10-31 15:00:00+00:00,5,0.1,a,1,0,0.03567,0.02861,0,0.01581,0,0.9064,0.7
9,75,Christie,Bournemouth,MID,Leeds,True,2026-10-31 15:00:00+00:00,5,0,a,1,0.2121,0.04679,0.03978,0.06195,0.05608,0.05869,1.472,1.3
9,76,Tóth.A,Bournemouth,MID,Leeds,True,2026-10-31 15:00:00+00:00,4.9,0,a,1,0,0.01141,0.01379,0,0,,,0.3
9,77,Adli,Bournemouth,MID,Leeds,True,2026-10-31 15:00:00+00:00,4.9,0,i,0,0,0,0,0,0,0,0,0
9,78,Kroupi.Jr,Bournemouth,MID,Leeds,True,2026-10-31 15:00:00+00:00,7.4,0.2,i,0,0,0,0,0,0,0,0,0
9,79,Evanilson,Bournemouth,FWD,Leeds,True,2026-10-31 15:00:00+00:00,6,3.2,a,1,0.9369,0.2605,0.1388,0.2736,0.4203,0.002868,3.712,3
9,80,Enes Ünal,Bournemouth,FWD,Leeds,True,2026-10-31 15:00:00+00:00,5.5,0,u,0,0,0,0,0,0,,,0
9,81,Rodríguez,Bournemouth,FWD,Leeds,True,2026-10-31 15:00:00+00:00,6,0.1,a,1,0,0.006152,0.002589,0,0,0,0.4265,0.3
9,566,Silva,Bournemouth,DEF,Leeds,True,2026-10-31 15:00:00+00:00,5,0.4,a,1,1,0.1761,0.03697,0.292,0.3627,1.202,5.102,2.3
9,573,Sanchez,Bournemouth,DEF,Leeds,True,2026-10-31 15:00:00+00:00,4.4,0.2,a,1,0,0,0,0,0,0,0,0
9,608,Jebbison,Bournemouth,FWD,Leeds,True,2026-10-31 15:00:00+00:00,5,0.1,a,1,0,0.02457,0.009507,0,0.02038,0,0.7531,0.7
9,615,Di Gregorio,Bournemouth,GKP,Leeds,True,2026-10-31 15:00:00+00:00,4.5,0,a,1,0,0,0,0,0,0,0,0
9,260,Wilson,Leeds,MID,Bournemouth,False,2026-10-31 15:00:00+00:00,6.2,1.7,i,0,0,0,0,0,0,0,0,0
9,326,Perri,Leeds,GKP,Bournemouth,False,2026-10-31 15:00:00+00:00,4.5,0.3,u,0,0,0,0,0,0,0,0,0
9,327,Bijol,Leeds,DEF,Bournemouth,False,2026-10-31 15:00:00+00:00,5,0.7,a,1,0.3333,0.01296,0.02786,0.0676,0.06207,0.336,1.447,0.3
9,329,Rodon,Leeds,DEF,Bournemouth,False,2026-10-31 15:00:00+00:00,4.3,0.8,i,0,0,0,0,0,0,0,0,0
9,330,Bogle,Leeds,DEF,Bournemouth,False,2026-10-31 15:00:00+00:00,4.6,7.2,a,1,0.8619,0.05136,0.06977,0.1748,0.1941,0.1327,2.518,11.3
9,331,Gudmundsson,Leeds,DEF,Bournemouth,False,2026-10-31 15:00:00+00:00,4.5,0.1,a,1,0.5405,0.01097,0.04208,0.1096,0.09945,0.09778,1.627,4.7
9,332,Justin,Leeds,DEF,Bournemouth,False,2026-10-31 15:00:00+00:00,4.5,1.4,a,1,1,0.06903,0.1207,0.2028,0.2629,0.5343,3.827,4.7
9,333,Bornauw,Leeds,DEF,Bournemouth,False,2026-10-31 15:00:00+00:00,4.5,0,u,0,0,0,0,0,0,0,0,0
9,334,Muharemović,Leeds,DEF,Bournemouth,False,2026-10-31 15:00:00+00:00,5,4.3,a,1,1,0.05785,0.08886,0.2028,0.2291,0.9522,4.048,5.7
9,335,Stach,Leeds,MID,Bournemouth,False,2026-10-31 15:00:00+00:00,6,2.5,a,1,0.9108,0.1022,0.1772,0.1847,0.24,0.7234,4.012,3.3
9,336,Okafor,Leeds,MID,Bournemouth,False,2026-10-31 15:00:00+00:00,5.8,0.4,a,1,0.6667,0.09529,0.05742,0.1352,0.1611,0.04479,2.429,5
9,337,Aaronson,Leeds,MID,Bournemouth,False,2026-10-31 15:00:00+00:00,5.3,0.5,a,1,0.2583,0.05891,0.07979,0.05239,0.08049,0.05848,1.894,1
9,338,Ampadu,Leeds,MID,Bournemouth,False,2026-10-31 15:00:00+00:00,5.4,0.9,a,1,1,0.04093,0.05225,0.2028,0.1082,1.023,3.606,4.7
9,339,Longstaff,Leeds,MID,Bournemouth,False,2026-10-31 15:00:00+00:00,4.9,0.1,a,1,0,0.005377,0.008473,0,0,0,0.4748,0.3
9,341,Gnonto,Leeds,MID,Bournemouth,False,2026-10-31 15:00:00+00:00,5,0,u,0,0,0,0,0,0,0,0,0
9,342,Harrison,Leeds,MID,Bournemouth,False,2026-10-31 15:00:00+00:00,5,0,u,0,0,0,0,0,0,0,0,0
9,343,James,Leeds,MID,Bournemouth,False,2026-10-31 15:00:00+00:00,4.9,0.1,a,1,0.06307,0.02943,0.02302,0.01279,0.01397,0.01507,1.065,0.7
9,344,Gruev,Leeds,MID,Bournemouth,False,2026-10-31 15:00:00+00:00,5,0,a,1,0,0,0,0,0,0,0,0
9,345,Tanaka,Leeds,MID,Bournemouth,False,2026-10-31 15:00:00+00:00,4.9,0.3,a,1,0.6928,0.07548,0.09094,0.1405,0.1485,0.2353,2.549,4.3
9,346,Calvert-Lewin,Leeds,FWD,Bournemouth,False,2026-10-31 15:00:00+00:00,6,24.8,a,1,1,0.4021,0.04872,0.2028,0.5934,0.003061,3.842,4.3
9,347,Nmecha,Leeds,FWD,Bournemouth,False,2026-10-31 15:00:00+00:00,5.4,0.5,a,1,0.08919,0.1136,0.06445,0.01809,0.1551,0.0008373,1.787,1
9,348,Piroe,Leeds,FWD,Bournemouth,False,2026-10-31 15:00:00+00:00,5,0.1,u,0,0,0,0,0,0,0,0,0
9,349,Mateo Joseph,Leeds,FWD,Bournemouth,False,2026-10-31 15:00:00+00:00,4.5,0.1,i,0,0,0,0,0,0,,,0
9,385,Trafford,Leeds,GKP,Bournemouth,False,2026-10-31 15:00:00+00:00,5,5.5,a,1,0.8619,0,0.003581,0.1748,0.3556,0,3.233,5.3
9,598,Elvedi,Leeds,DEF,Bournemouth,False,2026-10-31 15:00:00+00:00,4.5,0.1,a,1,0.6995,0.03134,0.105,0.1419,0.1777,0.4218,2.785,4
9,603,Lienou,Leeds,DEF,Bournemouth,False,2026-10-31 15:00:00+00:00,4,0.1,a,1,0,0,0,0,0,,,0
9,604,Cresswell,Leeds,MID,Bournemouth,False,2026-10-31 15:00:00+00:00,4.5,0.1,a,1,0,0,0,0,0,,,0
9,625,Cairns,Leeds,GKP,Bournemouth,False,2026-10-31 15:00:00+00:00,4,0.2,a,1,0,0,0,0,0,0,0,0
9,629,Zetterer,Leeds,GKP,Bournemouth,False,2026-10-31 15:00:00+00:00,4,0.7,a,1,0,0,0,0,0,0,0,0
9,641,Bard,Leeds,DEF,Bournemouth,False,2026-10-31 15:00:00+00:00,4.5,0,a,1,0,0.003619,0.004859,0,0,0,0.3295,0.3
9,648,Bahoya,Leeds,MID,Bournemouth,False,2026-10-31 15:00:00+00:00,5,0,a,1,0,0.0005201,0.0005248,0,0,0,0.3966,0.3
9,82,Kelleher,Brentford,GKP,Nottingham Forest,True,2026-10-31 15:00:00+00:00,5,6.1,a,1,1,0,0.004291,0.2775,0.358,0,3.902,3.7
9,83,Valdimarsson,Brentford,GKP,Nottingham Forest,True,2026-10-31 15:00:00+00:00,4.5,0.1,a,1,0,0,0,0,0,0,0,0
9,84,Collins,Brentford,DEF,Nottingham Forest,True,2026-10-31 15:00:00+00:00,5.4,1,i,0,0,0,0,0,0,0,0,0
9,85,Van den Berg,Brentford,DEF,Nottingham Forest,True,2026-10-31 15:00:00+00:00,4.9,0.1,i,0,0,0,0,0,0,0,0,0
9,86,Lewis-Potter,Brentford,MID,Nottingham Forest,True,2026-10-31 15:00:00+00:00,5.5,1.7,a,1,0.8216,0.1526,0.1575,0.228,0.2786,0.05047,3.614,2
9,87,Ajer,Brentford,DEF,Nottingham Forest,True,2026-10-31 15:00:00+00:00,4.5,3.9,a,1,0.9108,0.03714,0.04661,0.2527,0.2092,0.7608,3.605,3.3
9,88,Kayode,Brentford,DEF,Nottingham Forest,True,2026-10-31 15:00:00+00:00,4.6,7.6,a,1,0.6716,0.04611,0.06795,0.1863,0.1887,0.1266,2.846,2.7
9,89,Henry,Brentford,DEF,Nottingham Forest,True,2026-10-31 15:00:00+00:00,4.4,0.2,a,1,0,7.737e-05,0.0001321,0,0,0,0.1258,0
9,90,Hickey,Brentford,DEF,Nottingham Forest,True,2026-10-31 15:00:00+00:00,4.5,0.1,a,1,0.2415,0.02199,0.02507,0.06699,0.05981,0.08428,1.64,1
9,92,Ji-soo,Brentford,DEF,Nottingham Forest,True,2026-10-31 15:00:00+00:00,4.4,0,a,1,0,0,0,0,0,,,0
9,93,Schuster,Brentford,DEF,Nottingham Forest,True,2026-10-31 15:00:00+00:00,4.5,0.3,a,1,0.6995,0.03966,0.1599,0.1941,0.2599,0.8881,3.769,7
9,94,Schade,Brentford,MID,Nottingham Forest,True,2026-10-31 15:00:00+00:00,6.2,11.5,a,1,0.925,0.3023,0.1363,0.2566,0.4613,0.04324,4.606,8.7
9,95,O.Dango,Brentford,MID,Nottingham Forest,True,2026-10-31 15:00:00+00:00,6.3,0.5,a,1,0.2703,0.1156,0.1251,0.07499,0.1722,0.05194,2.523,1
9,96,Damsgaard,Brentford,MID,Nottingham Forest,True,2026-10-31 15:00:00+00:00,5.4,0.4,a,1,0.6264,0.07075,0.2017,0.1738,0.1826,0.2607,3.202,4
9,97,Jensen,Brentford,MID,Nottingham Forest,True,2026-10-31 15:00:00+00:00,5.4,0.1,i,1,0.3333,0.01986,0.07252,0.09248,0.06906,0.09951,1.245,0
9,98,Janelt,Brentford,MID,Nottingham Forest,True,2026-10-31 15:00:00+00:00,5,2.5,a,1,0.9369,0.08882,0.1714,0.26,0.2161,0.8508,3.751,6
9,99,Milambo,Brentford,MID,Nottingham Forest,True,2026-10-31 15:00:00+00:00,5,0,i,0,0,0,0,0,0,,,0
9,100,Carvalho,Brentford,MID,Nottingham Forest,True,2026-10-31 15:00:00+00:00,5,0,a,1,0,0.0031,0.001148,0,0,0,0.2311,2
9,102,Yarmoliuk,Brentford,MID,Nottingham Forest,True,2026-10-31 15:00:00+00:00,4.8,0.6,a,1,0.3502,0.02997,0.04714,0.09717,0.04098,0.2286,1.769,2.3
9,103,Dasilva,Brentford,MID,Nottingham Forest,True,2026-10-31 15:00:00+00:00,4.9,0,i,1,0,0.0001577,0.0001418,0,0,,,0
9,105,Anthony,Brentford,MID,Nottingham Forest,True,2026-10-31 15:00:00+00:00,5.9,0.1,a,1,0.5655,0.2005,0.1884,0.1569,0.331,0.05868,3.554,4
9,106,Thiago,Brentford,FWD,Nottingham Forest,True,2026-10-31 15:00:00+00:00,7.8,9.1,a,1,1,0.5715,0.1009,0.2775,0.8431,0.04039,5.082,2.7
9,107,Furo,Brentford,FWD,Nottingham Forest,True,2026-10-31 15:00:00+00:00,4.5,0.9,i,0,0,0,0,0,0,,,0
9,108,Wilson,Brentford,FWD,Nottingham Forest,True,2026-10-31 15:00:00+00:00,5.4,0.3,a,1,0.075,0.0913,0.02625,0.02081,0.121,0.0007544,1.25,0.3
9,565,M.Sangaré,Brentford,MID,Nottingham Forest,True,2026-10-31 15:00:00+00:00,5.6,9.9,a,1,0.5314,0.07645,0.133,0.1474,0.1492,0.6266,2.767,1.3
9,620,Diouf,Brentford,DEF,Nottingham Forest,True,2026-10-31 15:00:00+00:00,4.5,0.1,a,1,0.3333,0.01284,0.06645,0.09248,0.1014,0.104,1.655,0.7
9,657,Nunes,Brentford,MID,Nottingham Forest,True,2026-10-31 15:00:00+00:00,4.5,0,a,1,0,0,0,0,0,,,0
9,660,Fredrick,Brentford,DEF,Nottingham Forest,True,2026-10-31 15:00:00+00:00,4,0,a,1,0,0,0,0,0,,,1.1
9,661,Balcombe,Brentford,GKP,Nottingham Forest,True,2026-10-31 15:00:00+00:00,4,0,a,1,0,0,0,0,0,0,0,1
9,167,Delap,Nottingham Forest,FWD,Brentford,False,2026-10-31 15:00:00+00:00,5.6,2.7,a,1,0.6155,0.1666,0.04833,0.1076,0.2523,0.00394,2.049,2.7
9,201,Muñoz,Nottingham Forest,DEF,Brentford,False,2026-10-31 15:00:00+00:00,5.4,5.7,a,1,0.5286,0.05937,0.08878,0.09238,0.1622,0.2531,2.392,1.7
9,467,Sels,Nottingham Forest,GKP,Brentford,False,2026-10-31 15:00:00+00:00,5,1.6,a,1,1,0,0.001912,0.1748,0.2391,0,3.067,3.7
9,468,John,Nottingham Forest,GKP,Brentford,False,2026-10-31 15:00:00+00:00,4.5,0.1,a,1,0,0,0,0,0,0,0,0
9,469,N.Williams,Nottingham Forest,DEF,Brentford,False,2026-10-31 15:00:00+00:00,5,8.7,a,1,1,0.055,0.1252,0.1748,0.2355,0.3047,3.315,3.7
9,470,Morato,Nottingham Forest,DEF,Brentford,False,2026-10-31 15:00:00+00:00,5,0,u,0,0,0,0,0,0,0,0,0
9,471,Milenković,Nottingham Forest,DEF,Brentford,False,2026-10-31 15:00:00+00:00,5.4,1,i,1,0.6095,0.01267,0.01092,0.1065,0.07632,0.4632,1.759,0
9,472,Murillo,Nottingham Forest,DEF,Brentford,False,2026-10-31 15:00:00+00:00,5.5,2.1,a,1,0.7727,0.03174,0.02447,0.1351,0.1199,0.7378,2.543,6
9,473,Aina,Nottingham Forest,DEF,Brentford,False,2026-10-31 15:00:00+00:00,4.4,2.4,a,1,0.4106,0.01211,0.02106,0.07176,0.06103,0.09903,1.02,1
9,474,Jair Cunha,Nottingham Forest,DEF,Brentford,False,2026-10-31 15:00:00+00:00,4.5,0.2,a,1,0.7466,0.03388,0.02124,0.1305,0.1155,0.3831,2.082,3
9,475,Savona,Nottingham Forest,DEF,Brentford,False,2026-10-31 15:00:00+00:00,4.5,0,i,0,0,0,0,0,0,0,0,0
9,476,O.Richards,Nottingham Forest,DEF,Brentford,False,2026-10-31 15:00:00+00:00,4,0.2,a,1,0,0,0,0,0,,,0
9,477,Abbott,Nottingham Forest,DEF,Brentford,False,2026-10-31 15:00:00+00:00,4,0.1,u,0,0,0,0,0,0,0,0,0
9,478,Netz,Nottingham Forest,DEF,Brentford,False,2026-10-31 15:00:00+00:00,4.4,0,a,1,0.1381,0.005546,0.009552,0.02413,0.0119,0.08033,0.938,0.3
9,479,Bindon,Nottingham Forest,DEF,Brentford,False,2026-10-31 15:00:00+00:00,4,0.1,u,0,0,0,0,0,0,0,0,0
9,480,Gibbs-White,Nottingham Forest,MID,Brentford,False,2026-10-31 15:00:00+00:00,8,15.7,a,1,0.9369,0.2655,0.1901,0.1637,0.4488,0.07624,4.461,4.3
9,482,Hudson-Odoi,Nottingham Forest,MID,Brentford,False,2026-10-31 15:00:00+00:00,5.8,0.1,a,1,0,0.000198,0.0002764,0,0,0,0.128,0
9,483,Ndoye,Nottingham Forest,MID,Brentford,False,2026-10-31 15:00:00+00:00,5.5,0.7,a,1,0.4106,0.1049,0.1248,0.07176,0.1834,0.04013,2.199,1
9,484,Hutchinson,Nottingham Forest,MID,Brentford,False,2026-10-31 15:00:00+00:00,5.4,0.1,u,0,0,0,0,0,0,0,0,0
9,485,Bakwa,Nottingham Forest,MID,Brentford,False,2026-10-31 15:00:00+00:00,5.5,0,u,0,0,0,0,0,0,0,0,0
9,486,McAtee,Nottingham Forest,MID,Brentford,False,2026-10-31 15:00:00+00:00,5.5,0.1,a,1,0.7727,0.05428,0.1373,0.1351,0.1464,0.2796,2.688,2.3
9,487,Dominguez,Nottingham Forest,MID,Brentford,False,2026-10-31 15:00:00+00:00,4.9,0.1,a,1,0.075,0.01035,0.01412,0.01311,0.007569,0.02223,0.5654,0
9,488,I.Sangaré,Nottingham Forest,MID,Brentford,False,2026-10-31 15:00:00+00:00,4.9,0.4,a,1,0.1953,0.01442,0.0175,0.03413,0.008571,0.1312,1.154,0.7
9,489,Yates,Nottingham Forest,MID,Brentford,False,2026-10-31 15:00:00+00:00,4.5,1.2,a,1,0,0.006582,0.005184,0,0.002677,0,0.1403,0
9,490,Wood,Nottingham Forest,FWD,Brentford,False,2026-10-31 15:00:00+00:00,5.8,0.9,a,1,0.1642,0.06506,0.01578,0.0287,0.07921,0.001445,1.426,1
9,491,Igor Jesus,Nottingham Forest,FWD,Brentford,False,2026-10-31 15:00:00+00:00,5.8,2.6,a,1,0.4595,0.1948,0.05891,0.0803,0.2818,0.001903,2.51,3
9,493,Kalimuendo,Nottingham Forest,FWD,Brentford,False,2026-10-31 15:00:00+00:00,5.4,0.1,a,1,0,0.0003358,0.0001297,0,0,,,0
9,558,Schlager,Nottingham Forest,MID,Brentford,False,2026-10-31 15:00:00+00:00,5,0.1,a,1,0.8627,0.05446,0.04519,0.1508,0.1107,0.6255,2.927,2.7
9,581,Diomande,Nottingham Forest,DEF,Brentford,False,2026-10-31 15:00:00+00:00,5.4,0.5,a,1,0.5054,0.01967,0.0166,0.08832,0.07299,0.3657,1.88,2.3
9,590,Benda,Nottingham Forest,GKP,Brentford,False,2026-10-31 15:00:00+00:00,4.5,0.1,a,1,0,0,0,0,0,0,0,0
9,91,Pinnock,Coventry,DEF,Sunderland,True,2026-10-31 15:00:00+00:00,4.5,0.1,a,1,0.5405,0.02163,0.0196,0.1468,0.113,0.6498,2.362,4.3
9,104,Onyeka,Coventry,MID,Sunderland,True,2026-10-31 15:00:00+00:00,4.9,0.1,a,1,0.6466,0.03788,0.05012,0.1756,0.09038,,,2.3
9,110,Rushworth,Coventry,GKP,Sunderland,True,2026-10-31 15:00:00+00:00,4.5,0.8,a,1,0.7727,0,0.03477,0.2098,0.1025,0,2.404,4.3
9,171,Dovin,Coventry,GKP,Sunderland,True,2026-10-31 15:00:00+00:00,4,1,u,0,0,0,0,0,0,0,0,0
9,172,Wilson,Coventry,GKP,Sunderland,True,2026-10-31 15:00:00+00:00,4.4,0.4,a,1,0,0,0,0,0,0,0,0
9,173,Thomas,Coventry,DEF,Sunderland,True,2026-10-31 15:00:00+00:00,4,8.5,a,1,1,0.06053,0.1084,0.2715,0.2865,0.9522,4.603,4.3
9,174,Kitching,Coventry,DEF,Sunderland,True,2026-10-31 15:00:00+00:00,4,0.3,u,0,0,0,0,0,0,0,0,0
9,175,van Ewijk,Coventry,DEF,Sunderland,True,2026-10-31 15:00:00+00:00,4,8.7,d,1,0.7255,0.02027,0.04288,0.197,0.1589,0.375,2.524,0.8
9,176,Dasilva,Coventry,DEF,Sunderland,True,2026-10-31 15:00:00+00:00,4,0.7,a,1,1,0.0742,0.09081,0.2715,0.2876,0.2022,3.879,5.7
9,177,Kesler-Hayden,Coventry,DEF,Sunderland,True,2026-10-31 15:00:00+00:00,3.9,0,i,0,0,0,0,0,0,0,0,0
9,178,Bidwell,Coventry,DEF,Sunderland,True,2026-10-31 15:00:00+00:00,4,0.1,a,1,0,0,0,0,0,0,0,0
9,179,Latibeaudiere,Coventry,DEF,Sunderland,True,2026-10-31 15:00:00+00:00,4,0,a,1,0,0.0001699,0.0001868,0,0,0,0.2748,0.3
9,180,Woolfenden,Coventry,DEF,Sunderland,True,2026-10-31 15:00:00+00:00,4,0.1,i,0,0,0,0,0,0,0,0,0
9,181,Brau,Coventry,DEF,Sunderland,True,2026-10-31 15:00:00+00:00,4,0,u,0,0,0,0,0,0,0,0,0
9,182,Amenda,Coventry,DEF,Sunderland,True,2026-10-31 15:00:00+00:00,4,0.6,i,0,0,0,0,0,0,0,0,0
9,183,Rudoni,Coventry,MID,Sunderland,True,2026-10-31 15:00:00+00:00,4.9,0.1,a,1,0.8627,0.1816,0.1145,0.2343,0.2974,0.379,4.025,3
9,184,Grimes,Coventry,MID,Sunderland,True,2026-10-31 15:00:00+00:00,4.9,0.1,a,1,1,0.06108,0.07366,0.2715,0.141,0.1344,3.073,2.3
9,185,Sakamoto,Coventry,MID,Sunderland,True,2026-10-31 15:00:00+00:00,4.8,0.1,a,1,0,0.00614,0.006082,0,0.001989,0,0.2142,0
9,186,Mason-Clark,Coventry,MID,Sunderland,True,2026-10-31 15:00:00+00:00,5.3,0.1,a,1,0.1941,0.06271,0.05914,0.05271,0.07662,0.05217,1.729,1.3
9,187,Eccles,Coventry,MID,Sunderland,True,2026-10-31 15:00:00+00:00,4.8,0,i,1,0,0,0,0,0,0,0,0
9,188,Torp,Coventry,MID,Sunderland,True,2026-10-31 15:00:00+00:00,5.3,0.1,a,1,0,0.009382,0.01968,0,0,0,0.6373,0.3
9,189,Shepherd,Coventry,MID,Sunderland,True,2026-10-31 15:00:00+00:00,4.4,0.3,a,1,0,0,0,0,0,0,0,0
9,190,Tchaouna,Coventry,MID,Sunderland,True,2026-10-31 15:00:00+00:00,5.4,0.1,a,1,0.3333,0.05785,0.06933,0.09051,0.08911,0.06917,1.901,0.7
9,191,Borges Rodrigues,Coventry,MID,Sunderland,True,2026-10-31 15:00:00+00:00,4.5,0.1,u,0,0,0,0,0,0,0,0,0
9,192,Andrews,Coventry,MID,Sunderland,True,2026-10-31 15:00:00+00:00,4.5,0.3,u,0,0,0,0,0,0,0,0,0
9,193,Wright,Coventry,FWD,Sunderland,True,2026-10-31 15:00:00+00:00,5.3,0.1,i,0,0,0,0,0,0,0,0,0
9,194,Thomas-Asante,Coventry,FWD,Sunderland,True,2026-10-31 15:00:00+00:00,5,0.8,a,1,0.4118,0.1116,0.03893,0.1118,0.1597,0.1705,2.305,2
9,195,Simms,Coventry,FWD,Sunderland,True,2026-10-31 15:00:00+00:00,4.9,0.6,a,1,0.1373,0.06066,0.01813,0.03727,0.07979,0.002416,1.122,0.7
9,196,Markelo,Coventry,FWD,Sunderland,True,2026-10-31 15:00:00+00:00,5,0,u,0,0,0,0,0,0,0,0,0
9,197,Bassette,Coventry,FWD,Sunderland,True,2026-10-31 15:00:00+00:00,4.5,0,u,0,0,0,0,0,0,0,0,0
9,492,Awoniyi,Coventry,FWD,Sunderland,True,2026-10-31 15:00:00+00:00,5.4,0.4,s,1,0.3392,0.2083,0.06744,0.09211,0.3029,0.00398,2.38,0
9,575,Yirenkyi,Coventry,MID,Sunderland,True,2026-10-31 15:00:00+00:00,4.8,0.1,a,1,0.575,0.04385,0.0638,0.1561,0.08,0.103,2.188,1.7
9,584,Hamer,Coventry,MID,Sunderland,True,2026-10-31 15:00:00+00:00,5.4,0.1,a,1,0,0.005966,0.00622,0,0,0,0.5431,0.3
9,599,Cherif,Coventry,FWD,Sunderland,True,2026-10-31 15:00:00+00:00,5,0.1,a,1,0,0.01746,0.007348,0,0.01996,0,0.3427,0.3
9,623,Bentley,Coventry,GKP,Sunderland,True,2026-10-31 15:00:00+00:00,4,0.6,a,1,0.1381,0,0.001412,0.03749,0.01923,0,0.3939,0
9,655,Gboho,Coventry,MID,Sunderland,True,2026-10-31 15:00:00+00:00,5.5,0,a,1,0,0,0,0,0,0,0,0
9,656,Mfuni,Coventry,DEF,Sunderland,True,2026-10-31 15:00:00+00:00,4,0.1,a,1,0.2121,0.01014,0.01121,0.0576,0.04971,,,3
9,501,Danso,Sunderland,DEF,Coventry,False,2026-10-31 15:00:00+00:00,5,0.2,a,1,0.7678,0.02337,0.01999,0.2435,0.1728,0.7745,3.326,1
9,529,Roefs,Sunderland,GKP,Coventry,False,2026-10-31 15:00:00+00:00,4.9,2.4,a,1,1,0,0.01556,0.3171,0.08749,0,3.165,1.3
9,530,Patterson,Sunderland,GKP,Coventry,False,2026-10-31 15:00:00+00:00,4,0.1,u,0,0,0,0,0,0,0,0,0
9,531,Ellborg,Sunderland,GKP,Coventry,False,2026-10-31 15:00:00+00:00,4.4,0.1,a,1,0,0,0,0,0,0,0,0
9,532,Ballard,Sunderland,DEF,Coventry,False,2026-10-31 15:00:00+00:00,4.9,2.5,d,1,0.7727,0.07644,0.05191,0.245,0.2491,0.8792,3.714,1.5
9,533,Mukiele,Sunderland,DEF,Coventry,False,2026-10-31 15:00:00+00:00,5.4,1.9,a,1,0.8939,0.1028,0.08741,0.2835,0.3219,0.7397,4.372,1.3
9,534,Hume,Sunderland,DEF,Coventry,False,2026-10-31 15:00:00+00:00,4.3,2.8,a,1,0.3845,0.04121,0.06327,0.1219,0.143,0.06624,2.169,0.7
9,535,Alderete,Sunderland,DEF,Coventry,False,2026-10-31 15:00:00+00:00,4.8,0.2,a,1,0.06307,0.005722,0.004556,0.02,0.01561,0.04643,0.4593,0
9,536,Reinildo,Sunderland,DEF,Coventry,False,2026-10-31 15:00:00+00:00,4.4,0.3,a,1,0.7879,0.01189,0.0285,0.2498,0.171,0.2529,2.881,0
9,537,Seelt,Sunderland,DEF,Coventry,False,2026-10-31 15:00:00+00:00,4.5,0,u,0,0,0,0,0,0,0,0,0
9,538,Hjelde,Sunderland,DEF,Coventry,False,2026-10-31 15:00:00+00:00,4,0,u,0,0,0,0,0,0,,,0
9,539,O'Nien,Sunderland,DEF,Coventry,False,2026-10-31 15:00:00+00:00,3.9,2.5,a,1,0.2703,0.0089,0.008836,0.0857,0.06278,0.1011,0.9432,0
9,540,Masuaku,Sunderland,DEF,Coventry,False,2026-10-31 15:00:00+00:00,4,0.1,u,0,0,0,0,0,0,,,0
9,541,Meunier,Sunderland,DEF,Coventry,False,2026-10-31 15:00:00+00:00,4.5,0.3,a,1,1,0.06143,0.0693,0.3171,0.2866,0.2022,4.031,2.3
9,542,E.Le Fée,Sunderland,MID,Coventry,False,2026-10-31 15:00:00+00:00,5.7,3.4,a,1,1,0.1797,0.3213,0.3171,0.403,0.3704,4.953,4.3
9,543,Diarra,Sunderland,MID,Coventry,False,2026-10-31 15:00:00+00:00,5.3,0,i,0,0,0,0,0,0,0,0,0
9,544,Xhaka,Sunderland,MID,Coventry,False,2026-10-31 15:00:00+00:00,5.5,3.6,a,1,1,0.03422,0.1661,0.3171,0.1503,0.7531,3.472,2
9,545,Sadiki,Sunderland,MID,Coventry,False,2026-10-31 15:00:00+00:00,4.9,0.2,a,1,1,0.07883,0.05996,0.3171,0.155,0.2071,3.014,1.7
9,546,Adingra,Sunderland,MID,Coventry,False,2026-10-31 15:00:00+00:00,4.9,0,u,0,0,0,0,0,0,0,0,0
9,547,Mundle,Sunderland,MID,Coventry,False,2026-10-31 15:00:00+00:00,4.9,0,i,0,0,0,0,0,0,0,0,0
9,548,Rigg,Sunderland,MID,Coventry,False,2026-10-31 15:00:00+00:00,4.9,0,a,1,0,0.003362,0.005473,0,0,0,0.4296,0
9,549,Talbi,Sunderland,MID,Coventry,False,2026-10-31 15:00:00+00:00,5.3,0.1,a,1,0.06307,0.0161,0.009768,0.02,0.01694,0.006164,0.4601,0
9,550,Jocelin.T,Sunderland,MID,Coventry,False,2026-10-31 15:00:00+00:00,5,0,a,1,0,0,0,0,0,,,0
9,551,N.Angulo,Sunderland,MID,Coventry,False,2026-10-31 15:00:00+00:00,5,0.1,a,1,0.6187,0.1181,0.08794,0.1962,0.1855,0.07825,2.738,2.7
9,552,Brobbey,Sunderland,FWD,Coventry,False,2026-10-31 15:00:00+00:00,5.7,6.9,d,1,1,0.3171,0.09075,0.3171,0.4895,0.003806,3.856,5
9,553,Isidor,Sunderland,FWD,Coventry,False,2026-10-31 15:00:00+00:00,5.5,1.3,a,1,0,0.1132,0.01179,0,0.1347,0,1.56,2
9,612,Methalie,Sunderland,DEF,Coventry,False,2026-10-31 15:00:00+00:00,4.5,0,a,1,0.3182,0.01186,0.01261,0.1009,0.07687,0.1287,0.9253,-0.3
9,613,Ahoka,Sunderland,MID,Coventry,False,2026-10-31 15:00:00+00:00,4.5,0.2,a,1,0,0,0,0,0,0,0,0
9,646,Fofana,Sunderland,MID,Coventry,False,2026-10-31 15:00:00+00:00,5.5,0,a,1,0,0.04469,0.02323,0,0.01425,0,1.307,1
9,651,J.Angulo,Sunderland,FWD,Coventry,False,2026-10-31 15:00:00+00:00,4.5,0.7,a,1,0,0,0,0,0,0,0,0
9,240,Iroegbunam,Hull,MID,Ipswich,True,2026-10-31 15:00:00+00:00,5,0,a,1,0.2273,0.02986,0.05837,0.08169,0.04407,0.1668,1.335,0.3
9,273,Phillips,Hull,GKP,Ipswich,True,2026-10-31 15:00:00+00:00,4,1.4,a,1,0,0,0,0,0,0,0,0
9,274,Butland,Hull,GKP,Ipswich,True,2026-10-31 15:00:00+00:00,4.4,0.1,i,0,0,0,0,0,0,0,0,0
9,275,Cartwright,Hull,GKP,Ipswich,True,2026-10-31 15:00:00+00:00,4,0,u,0,0,0,0,0,0,0,0,0
9,276,Lo-Tutala,Hull,GKP,Ipswich,True,2026-10-31 15:00:00+00:00,4,0,u,0,0,0,0,0,0,0,0,0
9,277,Egan,Hull,DEF,Ipswich,True,2026-10-31 15:00:00+00:00,4.1,7,a,1,1,0.03912,0.04861,0.3594,0.2749,0.9522,4.532,3
9,278,Hughes,Hull,DEF,Ipswich,True,2026-10-31 15:00:00+00:00,3.9,0.2,i,0,0,0,0,0,0,0,0,0
9,279,Ajayi,Hull,DEF,Ipswich,True,2026-10-31 15:00:00+00:00,4.2,14,a,1,1,0.1883,0.0492,0.3594,0.4235,0.2022,4.865,2.3
9,280,Coyle,Hull,DEF,Ipswich,True,2026-10-31 15:00:00+00:00,4,0.7,a,1,0.8368,0.04285,0.05438,0.3008,0.2458,0.1934,3.499,2.7
9,281,Drameh,Hull,DEF,Ipswich,True,2026-10-31 15:00:00+00:00,4,0,u,0,0,0,0,0,0,0,0,0
9,282,Giles,Hull,DEF,Ipswich,True,2026-10-31 15:00:00+00:00,4,2.9,a,1,1,0.04015,0.2548,0.3594,0.4225,0.2022,4.502,4
9,283,Jacob,Hull,DEF,Ipswich,True,2026-10-31 15:00:00+00:00,4,0,u,0,0,0,0,0,0,0,0,0
9,284,McCarthy,Hull,DEF,Ipswich,True,2026-10-31 15:00:00+00:00,4,0.1,a,1,0,0,0,0,0,0,0,0
9,285,McNair,Hull,DEF,Ipswich,True,2026-10-31 15:00:00+00:00,4,0.1,a,1,0,0.003062,0.003586,0,0.002227,0,0.157,0
9,286,Belloumi,Hull,MID,Ipswich,True,2026-10-31 15:00:00+00:00,5.1,5.1,a,1,0.7691,0.2143,0.1761,0.2765,0.357,0.3379,4.066,7.3
9,287,Millar,Hull,MID,Ipswich,True,2026-10-31 15:00:00+00:00,5,0,u,0,0,0,0,0,0,0,0,0
9,288,Dowell,Hull,MID,Ipswich,True,2026-10-31 15:00:00+00:00,4.5,0.3,a,1,0,0,0,0,0,0,0,0
9,289,Crooks,Hull,MID,Ipswich,True,2026-10-31 15:00:00+00:00,4.4,0.5,a,1,0.3681,0.04039,0.06321,0.1323,0.07583,0.07915,1.047,0.3
9,290,Slater,Hull,MID,Ipswich,True,2026-10-31 15:00:00+00:00,4.5,5.2,a,1,1,0.09201,0.2498,0.3594,0.2598,0.1344,3.8,2.3
9,291,Matazo,Hull,MID,Ipswich,True,2026-10-31 15:00:00+00:00,4.5,0,i,0,0,0,0,0,0,0,0,0
9,292,Ömür,Hull,MID,Ipswich,True,2026-10-31 15:00:00+00:00,4.9,0,a,1,0,0,0,0,0,0,0,0
9,293,Kamara,Hull,MID,Ipswich,True,2026-10-31 15:00:00+00:00,5,0,u,0,0,0,0,0,0,0,0,0
9,294,Zambrano,Hull,MID,Ipswich,True,2026-10-31 15:00:00+00:00,4.5,0.1,a,1,0,0,0,0,0,0,0,0
9,295,McBurnie,Hull,FWD,Ipswich,True,2026-10-31 15:00:00+00:00,5.5,1.9,a,1,1,0.4231,0.1889,0.3594,0.6632,0.008801,4.263,2.3
9,296,Akintola,Hull,MID,Ipswich,True,2026-10-31 15:00:00+00:00,5,0,u,0,0,0,0,0,0,0,0,0
9,297,Gyabi,Hull,MID,Ipswich,True,2026-10-31 15:00:00+00:00,4.4,0,i,0,0,0,0,0,0,,,0
9,298,Destan,Hull,FWD,Ipswich,True,2026-10-31 15:00:00+00:00,4.5,0.2,u,0,0,0,0,0,0,0,0,0
9,299,Burstow,Hull,FWD,Ipswich,True,2026-10-31 15:00:00+00:00,4.5,0,u,0,0,0,0,0,0,0,0,0
9,340,Gelhardt,Hull,MID,Ipswich,True,2026-10-31 15:00:00+00:00,5,0,a,1,0,0.003389,0.002831,0,0,,,0.3
9,556,Targett,Hull,DEF,Ipswich,True,2026-10-31 15:00:00+00:00,4,1.6,d,1,0,0.000497,0.0005509,0,0,,,0
9,563,Morita,Hull,MID,Ipswich,True,2026-10-31 15:00:00+00:00,4.9,0,i,1,0,0.01321,0.01386,0,0.01438,0,0.2852,0
9,572,Tzolakis,Hull,GKP,Ipswich,True,2026-10-31 15:00:00+00:00,4.7,12.8,a,1,1,0,0.008375,0.3594,0.2759,0,3.618,4.7
9,574,Hjertø-Dahl,Hull,MID,Ipswich,True,2026-10-31 15:00:00+00:00,4.9,0.1,a,1,0,0.002907,0.00293,0,0,0,0.2174,0.3
9,576,Stroud,Hull,MID,Ipswich,True,2026-10-31 15:00:00+00:00,5,0.1,a,1,0.3314,0.05435,0.06103,0.1191,0.08476,0.07125,1.624,1.3
9,585,Herrington,Hull,DEF,Ipswich,True,2026-10-31 15:00:00+00:00,4,0.6,a,1,0.2745,0.02814,0.05283,0.09867,0.103,0.111,2.066,1
9,586,Mendy,Hull,DEF,Ipswich,True,2026-10-31 15:00:00+00:00,4.1,6.3,a,1,0.3314,0.08313,0.03136,0.1191,0.162,0.3723,2.513,3
9,589,Gourna-Douath,Hull,MID,Ipswich,True,2026-10-31 15:00:00+00:00,5,0,a,1,0.1941,0.04132,0.04986,0.06977,0.0573,0.05217,1.167,1
9,617,Cho,Hull,MID,Ipswich,True,2026-10-31 15:00:00+00:00,5,0,a,1,0,0.08745,0.04,0,0.07485,0,1.632,2.7
9,632,Ansah,Hull,FWD,Ipswich,True,2026-10-31 15:00:00+00:00,5,0,i,0,0,0,0,0,0,0,0,0
9,637,Vaz,Hull,FWD,Ipswich,True,2026-10-31 15:00:00+00:00,5,0.1,a,1,0,0.02923,0.01348,0,0.02478,0,0.9046,0.7
9,638,Norton-Cuffy,Hull,DEF,Ipswich,True,2026-10-31 15:00:00+00:00,4,0.2,d,1,0,0.01141,0.009627,0,0.003283,0,0.3459,0.2
9,642,Thomas,Hull,MID,Ipswich,True,2026-10-31 15:00:00+00:00,5.5,0,a,1,0.3925,0.07387,0.08276,0.1411,0.1098,0.1055,2.366,1.3
9,645,Mouzakitis,Hull,MID,Ipswich,True,2026-10-31 15:00:00+00:00,5,0,a,1,0,0,0,0,0,0,0,0
9,259,Diop,Ipswich,DEF,Hull,False,2026-10-31 15:00:00+00:00,4,12.7,a,1,0.9369,0.03211,0.01911,0.1614,0.1286,0.6729,3.021,2.7
9,267,Lukić,Ipswich,MID,Hull,False,2026-10-31 15:00:00+00:00,4.9,0.1,a,1,0.9108,0.05659,0.08668,0.1569,0.1418,0.2249,2.521,1.7
9,300,Walton,Ipswich,GKP,Hull,False,2026-10-31 15:00:00+00:00,4.4,0.4,a,1,0.2745,0,0.002011,0.04729,0,0,0.5742,0.7
9,301,Palmer,Ipswich,GKP,Hull,False,2026-10-31 15:00:00+00:00,4,3.9,a,1,0,0,0,0,0,0,0,0
9,302,Button,Ipswich,GKP,Hull,False,2026-10-31 15:00:00+00:00,4,0.6,a,1,0,0,0,0,0,0,0,0
9,303,Kipré,Ipswich,DEF,Hull,False,2026-10-31 15:00:00+00:00,3.9,0.9,a,1,0,0,0,0,0,0,0,0
9,304,O'Shea,Ipswich,DEF,Hull,False,2026-10-31 15:00:00+00:00,4,2.7,a,1,1,0.02023,0.0455,0.1723,0.1428,0.7022,3.155,2
9,305,Davis,Ipswich,DEF,Hull,False,2026-10-31 15:00:00+00:00,4,6.9,a,1,1,0.1717,0.08058,0.1723,0.3182,0.2022,3.845,5.7
9,306,Greaves,Ipswich,DEF,Hull,False,2026-10-31 15:00:00+00:00,4,1.1,a,1,0.7255,0.01485,0.02135,0.125,0.09548,0.375,1.954,0.7
9,307,Johnson,Ipswich,DEF,Hull,False,2026-10-31 15:00:00+00:00,4,0.1,u,0,0,0,0,0,0,0,0,0
9,308,Furlong,Ipswich,DEF,Hull,False,2026-10-31 15:00:00+00:00,3.9,0.6,a,1,0,0.001434,0.001577,0,0,0,0.1569,0
9,309,Núñez,Ipswich,MID,Hull,False,2026-10-31 15:00:00+00:00,4.9,0.1,a,1,0.3005,0.01598,0.01557,0.05177,0.03728,0.1848,1.001,0
9,310,Matusiwa,Ipswich,MID,Hull,False,2026-10-31 15:00:00+00:00,4.9,0,a,1,0,0,0,0,0,0,0,0
9,311,Burns,Ipswich,MID,Hull,False,2026-10-31 15:00:00+00:00,5,0,u,0,0,0,0,0,0,0,0,0
9,312,Taylor,Ipswich,MID,Hull,False,2026-10-31 15:00:00+00:00,4.4,0,i,0,0,0,0,0,0,0,0,0
9,313,Clarke,Ipswich,MID,Hull,False,2026-10-31 15:00:00+00:00,5.4,0.2,a,1,0.5054,0.04239,0.04328,0.08706,0.07275,0.1087,1.722,1.3
9,314,Ogbene,Ipswich,MID,Hull,False,2026-10-31 15:00:00+00:00,4.9,0,u,0,0,0,0,0,0,0,0,0
9,315,Fatawu,Ipswich,MID,Hull,False,2026-10-31 15:00:00+00:00,5.4,0.2,s,1,1,0.03748,0.183,0.1723,0.1669,0.1344,2.816,0
9,316,Emersonn,Ipswich,FWD,Hull,False,2026-10-31 15:00:00+00:00,5.5,3.5,a,1,0.8368,0.1744,0.1157,0.1442,0.2879,0.008416,3.178,5.3
9,317,Hirst,Ipswich,FWD,Hull,False,2026-10-31 15:00:00+00:00,5,0.1,u,0,0,0,0,0,0,0,0,0
9,318,Philogene,Ipswich,MID,Hull,False,2026-10-31 15:00:00+00:00,5.4,0.1,a,1,0,0.01291,0.0127,0,0,0,0.608,0.7
9,319,Szmodics,Ipswich,MID,Hull,False,2026-10-31 15:00:00+00:00,5,0,u,0,0,0,0,0,0,0,0,0
9,320,Akpom,Ipswich,FWD,Hull,False,2026-10-31 15:00:00+00:00,5,1.2,a,1,0,0.0373,0.01022,0,0.03899,0,0.7939,0.3
9,321,Walle Egeli,Ipswich,FWD,Hull,False,2026-10-31 15:00:00+00:00,4.5,3.5,a,1,0,0.003235,0.001348,0,0.001177,0,0.1554,0
9,322,Al-Hamadi,Ipswich,FWD,Hull,False,2026-10-31 15:00:00+00:00,5,0,u,0,0,0,0,0,0,0,0,0
9,323,McAteer,Ipswich,MID,Hull,False,2026-10-31 15:00:00+00:00,4.4,1,a,1,0,0.006786,0.006533,0,0,0,0.5482,0.3
9,324,Mehmeti,Ipswich,MID,Hull,False,2026-10-31 15:00:00+00:00,4.8,0,a,1,0,0,0,0,0,0,0,0
9,554,Van Oevelen,Ipswich,GKP,Hull,False,2026-10-31 15:00:00+00:00,4.5,0,u,0,0,0,0,0,0,0,0,0
9,562,Maeda,Ipswich,MID,Hull,False,2026-10-31 15:00:00+00:00,5.3,0.2,a,1,0.4946,0.07227,0.02719,0.08521,0.09255,0.08862,2.204,1.3
9,564,Scherpen,Ipswich,GKP,Hull,False,2026-10-31 15:00:00+00:00,4.5,0.6,a,1,0.5606,0,0.002309,0.09658,0.2219,0,1.877,1
9,571,Florentino,Ipswich,MID,Hull,False,2026-10-31 15:00:00+00:00,4.8,0.1,a,1,0.2273,0.01534,0.01542,0.03915,0.01371,0.2363,1.257,0.7
9,591,Enciso,Ipswich,MID,Hull,False,2026-10-31 15:00:00+00:00,5.5,0.8,a,1,0.7727,0.1131,0.1008,0.1331,0.2133,,,1.7
9,592,Ouattara,Ipswich,DEF,Hull,False,2026-10-31 15:00:00+00:00,4,0.9,a,1,0.2745,0.01327,0.02099,0.04729,0.03513,0.111,1.529,1.3
9,602,Humphreys,Ipswich,MID,Hull,False,2026-10-31 15:00:00+00:00,4.5,0,u,0,0,0,0,0,0,0,0,0
9,619,Palacios,Ipswich,MID,Hull,False,2026-10-31 15:00:00+00:00,5,0.1,a,1,0.8108,0.04021,0.05506,0.1397,0.09341,0.6858,3.096,3.3
9,640,Flemming,Ipswich,FWD,Hull,False,2026-10-31 15:00:00+00:00,5.5,0.1,a,1,0.4595,0.227,0.02773,0.07915,0.3178,0.002488,2.364,2
9,155,Enzo,Manchester City,MID,Brighton,True,2026-10-31 15:00:00+00:00,6.9,3.6,a,1,0.7678,0.2297,0.2509,0.2062,0.42,0.1005,3.939,4
9,237,Ndiaye,Manchester City,MID,Brighton,True,2026-10-31 15:00:00+00:00,5.8,6.7,a,1,0.8216,0.2079,0.2436,0.2206,0.3877,0.3956,4.596,3
9,384,Donnarumma,Manchester City,GKP,Brighton,True,2026-10-31 15:00:00+00:00,5.5,7.6,a,1,0.9108,0,0.001739,0.2446,0.1995,0,2.975,5.3
9,386,Bettinelli,Manchester City,GKP,Brighton,True,2026-10-31 15:00:00+00:00,4.5,0,a,1,0,0,0,0,0,0,0,0
9,387,O'Reilly,Manchester City,DEF,Brighton,True,2026-10-31 15:00:00+00:00,6.3,10.9,a,1,0.3072,0.07096,0.03907,0.0825,0.134,0.04233,1.927,0.7
9,388,Guéhi,Manchester City,DEF,Brighton,True,2026-10-31 15:00:00+00:00,6,18.2,a,1,0.9108,0.1221,0.09748,0.2446,0.325,0.4507,4.213,6
9,389,Matheus N.,Manchester City,DEF,Brighton,True,2026-10-31 15:00:00+00:00,5.9,1,a,1,0.4655,0.01201,0.0567,0.125,0.1168,0.1773,1.905,3.3
9,390,Rúben,Manchester City,DEF,Brighton,True,2026-10-31 15:00:00+00:00,5.5,1.9,a,1,0.8619,0.02761,0.0407,0.2315,0.1835,0.2925,3.047,4.3
9,391,Gvardiol,Manchester City,DEF,Brighton,True,2026-10-31 15:00:00+00:00,5.7,26.8,a,1,0.7727,0.08815,0.07924,0.2075,0.2542,0.2379,3.267,7.7
9,392,Aït-Nouri,Manchester City,DEF,Brighton,True,2026-10-31 15:00:00+00:00,5.3,0.4,a,1,0.06307,0.008035,0.008833,0.01694,0.02138,0.02064,0.3675,0
9,393,Khusanov,Manchester City,DEF,Brighton,True,2026-10-31 15:00:00+00:00,5.4,1.4,a,1,0.5203,0.02423,0.0257,0.1397,0.1191,0.2649,1.836,1.7
9,394,Alleyne,Manchester City,DEF,Brighton,True,2026-10-31 15:00:00+00:00,5,0,u,0,0,0,0,0,0,0,0,0
9,395,Lewis,Manchester City,DEF,Brighton,True,2026-10-31 15:00:00+00:00,4.4,0.2,a,1,0.08919,0.0232,0.03483,0.02395,0.05837,0.02886,0.556,0
9,396,Vitor Reis,Manchester City,DEF,Brighton,True,2026-10-31 15:00:00+00:00,4.5,0,a,1,0,0.0001473,0.000162,0,0,,,0
9,397,Semenyo,Manchester City,MID,Brighton,True,2026-10-31 15:00:00+00:00,8.4,15.3,d,1,0.8358,0.2731,0.2004,0.2245,0.4487,0.1336,4.609,6.5
9,398,Foden,Manchester City,MID,Brighton,True,2026-10-31 15:00:00+00:00,6.9,1.8,s,1,0.3845,0.1583,0.169,0.1032,0.266,0.09792,2.832,0
9,399,Cherki,Manchester City,MID,Brighton,True,2026-10-31 15:00:00+00:00,7.8,28.4,a,1,0.4883,0.1467,0.3228,0.1311,0.3223,0.1072,3.625,4
9,400,Doku,Manchester City,MID,Brighton,True,2026-10-31 15:00:00+00:00,7.4,0.7,a,1,0.075,0.02562,0.05562,0.02014,0.04136,0.006719,0.8776,0.3
9,402,Rodrigo,Manchester City,MID,Brighton,True,2026-10-31 15:00:00+00:00,6.5,0,u,0,0,0,0,0,0,0,0,0
9,404,Reijnders,Manchester City,MID,Brighton,True,2026-10-31 15:00:00+00:00,6,0,u,0,0,0,0,0,0,0,0,0
9,406,Kovačić,Manchester City,MID,Brighton,True,2026-10-31 15:00:00+00:00,5.4,0.1,a,1,0,0.02132,0.0333,0,0.01824,,,0
9,407,Echeverri,Manchester City,MID,Brighton,True,2026-10-31 15:00:00+00:00,4.9,0,u,0,0,0,0,0,0,,,0
9,408,Phillips,Manchester City,MID,Brighton,True,2026-10-31 15:00:00+00:00,5,0,u,0,0,0,0,0,0,,,0
9,409,Mukasa,Manchester City,MID,Brighton,True,2026-10-31 15:00:00+00:00,4.5,0.1,u,0,0,0,0,0,0,,,0
9,410,Monga,Manchester City,MID,Brighton,True,2026-10-31 15:00:00+00:00,4.9,0,u,0,0,0,0,0,0,0,0,0
9,411,Haaland,Manchester City,FWD,Brighton,True,2026-10-31 15:00:00+00:00,15.6,73.8,a,1,0.8477,0.6788,0.1529,0.2277,1.001,0.002436,5.873,8
9,481,Anderson,Manchester City,MID,Brighton,True,2026-10-31 15:00:00+00:00,6.3,4,a,1,1,0.1159,0.2364,0.2685,0.2857,1.173,4.814,3.3
9,587,Rulli,Manchester City,GKP,Brighton,True,2026-10-31 15:00:00+00:00,5,0,a,1,0,0,0,0,0,0,0,0
9,616,Bouaddi,Manchester City,MID,Brighton,True,2026-10-31 15:00:00+00:00,5.5,0.2,a,1,0,0.009794,0.009971,0,0,0,0.4931,0.3
9,621,McAidoo,Manchester City,MID,Brighton,True,2026-10-31 15:00:00+00:00,4.5,0.1,a,1,0,0.004582,0.003281,0,0,,,0.3
9,622,Braithwaite,Manchester City,DEF,Brighton,True,2026-10-31 15:00:00+00:00,4,0.2,a,1,0,0.000221,0.000243,0,0,0,0.1904,0
9,628,Allan,Manchester City,MID,Brighton,True,2026-10-31 15:00:00+00:00,6,0,a,1,0,0,0,0,0,0,0,0
9,653,Samba,Manchester City,MID,Brighton,True,2026-10-31 15:00:00+00:00,4.5,0,a,1,0,0,0,0,0,0,0,0
9,109,Verbruggen,Brighton,GKP,Manchester City,False,2026-10-31 15:00:00+00:00,4.5,21.6,a,1,1,0,0.002321,0.1134,0.2788,0,2.88,5.7
9,111,Steele,Brighton,GKP,Manchester City,False,2026-10-31 15:00:00+00:00,4,4.1,a,1,0,0,0,0,0,0,0,0
9,113,F.Kadıoğlu,Brighton,DEF,Manchester City,False,2026-10-31 15:00:00+00:00,4.4,1.6,a,1,0.8939,0.03766,0.06502,0.1014,0.1332,0.132,1.963,4.3
9,114,Boscagli,Brighton,DEF,Manchester City,False,2026-10-31 15:00:00+00:00,4.5,0.3,a,1,0.7727,0.01138,0.05508,0.08762,0.09328,0.233,1.701,4.7
9,115,De Cuyper,Brighton,DEF,Manchester City,False,2026-10-31 15:00:00+00:00,5,27.8,a,1,0.9108,0.09777,0.2145,0.1033,0.2979,0.1053,2.825,7
9,116,Dunk,Brighton,DEF,Manchester City,False,2026-10-31 15:00:00+00:00,4.5,1.5,d,1,0.7879,0.02479,0.01778,0.08933,0.08091,0.4068,1.834,4.3
9,117,Coppola,Brighton,DEF,Manchester City,False,2026-10-31 15:00:00+00:00,4.5,0,a,1,0,0,0,0,0,0,0,0
9,118,Igor,Brighton,DEF,Manchester City,False,2026-10-31 15:00:00+00:00,4.5,0,u,0,0,0,0,0,0,0,0,0
9,119,Costinha,Brighton,DEF,Manchester City,False,2026-10-31 15:00:00+00:00,4.5,0,a,1,0,0.007822,0.009856,0,0,0,0.7939,1
9,120,Svoboda,Brighton,DEF,Manchester City,False,2026-10-31 15:00:00+00:00,5,0.1,a,1,0,0.0007656,0.0008449,0,0,0,0.2714,0.3
9,121,Mitoma,Brighton,MID,Manchester City,False,2026-10-31 15:00:00+00:00,5.9,0,i,1,0,0.008312,0.00693,0,0.01025,0,0.0726,0
9,122,Minteh,Brighton,MID,Manchester City,False,2026-10-31 15:00:00+00:00,5.8,0,i,0,0,0,0,0,0,0,0,0
9,123,Hinshelwood,Brighton,MID,Manchester City,False,2026-10-31 15:00:00+00:00,5.9,0.6,i,1,0.3333,0.06755,0.03173,0.0378,0.1102,0.04941,1.297,0
9,124,Groß,Brighton,MID,Manchester City,False,2026-10-31 15:00:00+00:00,5.8,28.9,a,1,1,0.1096,0.2119,0.1134,0.2712,0.1809,3.493,10.7
9,125,Georginio,Brighton,FWD,Manchester City,False,2026-10-31 15:00:00+00:00,5.3,0.5,a,1,0.1061,0.0275,0.04577,0.01203,0.04106,0.008734,0.9486,0.3
9,126,O'Riley,Brighton,MID,Manchester City,False,2026-10-31 15:00:00+00:00,5.4,0.1,a,1,0,0.006593,0.002741,0,0,0,0.4317,0.7
9,127,Gomez,Brighton,MID,Manchester City,False,2026-10-31 15:00:00+00:00,5,4,a,1,0.7727,0.1423,0.1006,0.08762,0.2422,0.2407,3.294,4.3
9,128,Buonanotte,Brighton,MID,Manchester City,False,2026-10-31 15:00:00+00:00,5,0,u,0,0,0,0,0,0,,,0
9,129,Ayari,Brighton,MID,Manchester City,False,2026-10-31 15:00:00+00:00,5.4,0.4,a,1,0.6466,0.06304,0.04708,0.07332,0.116,0.2311,2.202,4.3
9,130,Wieffer,Brighton,DEF,Manchester City,False,2026-10-31 15:00:00+00:00,4.9,0.2,i,0,0,0,0,0,0,0,0,0
9,132,Howell,Brighton,MID,Manchester City,False,2026-10-31 15:00:00+00:00,4.5,0,u,0,0,0,0,0,0,0,0,0
9,133,Watson,Brighton,MID,Manchester City,False,2026-10-31 15:00:00+00:00,5,0,u,0,0,0,0,0,0,,,0
9,134,Oriola,Brighton,MID,Manchester City,False,2026-10-31 15:00:00+00:00,4.5,0.2,a,1,0,0,0,0,0,,,0
9,135,Yohanna,Brighton,MID,Manchester City,False,2026-10-31 15:00:00+00:00,4.8,0,i,1,0,0.002186,0.002252,0,0,0,0.155,0
9,137,Tzimas,Brighton,FWD,Manchester City,False,2026-10-31 15:00:00+00:00,5.4,0,i,0,0,0,0,0,0,,,0
9,138,Kostoulas,Brighton,FWD,Manchester City,False,2026-10-31 15:00:00+00:00,5.6,4.2,a,1,0.6667,0.2091,0.08333,0.07559,0.3178,0.005867,2.865,7.3
9,139,Ferguson,Brighton,FWD,Manchester City,False,2026-10-31 15:00:00+00:00,5,0,i,1,0,0,0,0,0,,,0
9,328,Struijk,Brighton,DEF,Manchester City,False,2026-10-31 15:00:00+00:00,4.9,0.2,d,1,0.3013,0.02216,0.01433,0.03417,0.0393,0.2202,1.057,1.7
9,504,Vuskovic,Brighton,DEF,Manchester City,False,2026-10-31 15:00:00+00:00,5,3.7,a,1,0.7727,0.06153,0.01796,0.08762,0.1167,,,8.7
9,594,David,Brighton,FWD,Manchester City,False,2026-10-31 15:00:00+00:00,5.9,0.2,a,1,0,0.01815,0.005055,0,0.01693,0,0.2679,0
9,600,Osman,Brighton,MID,Manchester City,False,2026-10-31 15:00:00+00:00,5,0,a,1,0,0.01084,0.009392,0,0,0,0.6137,0.3
9,605,Yalcouyé,Brighton,MID,Manchester City,False,2026-10-31 15:00:00+00:00,4.5,4,a,1,0.4545,0.09152,0.08551,0.05154,0.1531,,,3.7
9,614,Hadjam,Brighton,DEF,Manchester City,False,2026-10-31 15:00:00+00:00,4.5,0,a,1,0,0,0,0,0,0,0,0
9,624,Cozier-Duberry,Brighton,MID,Manchester City,False,2026-10-31 15:00:00+00:00,5,0,u,0,0,0,0,0,0,0,0,0
9,639,Andrés,Brighton,MID,Manchester City,False,2026-10-31 15:00:00+00:00,5.5,0,a,1,0.3925,0.08034,0.04125,0.0445,0.1155,0.1055,1.906,4
9,652,Azeez,Brighton,MID,Manchester City,False,2026-10-31 15:00:00+00:00,5.5,0,i,1,0,0,0,0,0,0,0,0
9,658,Ibrahim,Brighton,MID,Manchester City,False,2026-10-31 15:00:00+00:00,4.5,0,a,1,0,0,0,0,0,0,0,0
9,112,Van Hecke,Tottenham,DEF,Crystal Palace,True,2026-10-31 17:30:00+00:00,4.9,6.5,d,1,1,0.1136,0.0418,0.2854,0.3,0.6392,4.278,5.5
9,147,Tosin,Tottenham,DEF,Crystal Palace,True,2026-10-31 17:30:00+00:00,4.4,0.1,a,1,0,0.0003186,0.0006857,0,0,0,0.1784,0.3
9,401,Marmoush,Tottenham,FWD,Crystal Palace,True,2026-10-31 17:30:00+00:00,7,2.1,a,1,0.7297,0.2145,0.1122,0.2083,0.3437,0.005408,3.078,2
9,403,Sávio,Tottenham,MID,Crystal Palace,True,2026-10-31 17:30:00+00:00,6.5,0.7,a,1,0.6928,0.1587,0.1388,0.1977,0.2784,0.08275,3.229,2.7
9,455,Tonali,Tottenham,MID,Crystal Palace,True,2026-10-31 17:30:00+00:00,5.3,1.8,a,1,0.8358,0.05212,0.1237,0.2385,0.1444,0.275,3.036,3.3
9,494,Vicario,Tottenham,GKP,Crystal Palace,True,2026-10-31 17:30:00+00:00,4.5,0.1,u,0,0,0,0,0,0,0,0,0
9,495,Austin,Tottenham,GKP,Crystal Palace,True,2026-10-31 17:30:00+00:00,4,1,a,1,0,0,0,0,0,0,0,0
9,496,Kinsky,Tottenham,GKP,Crystal Palace,True,2026-10-31 17:30:00+00:00,4.5,17.3,a,1,1,0,0.008555,0.2854,0.1625,0,3.169,5
9,497,Dubravka,Tottenham,GKP,Crystal Palace,True,2026-10-31 17:30:00+00:00,4,17.1,a,1,0,0,0,0,0,0,0,0
9,498,Senesi,Tottenham,DEF,Crystal Palace,True,2026-10-31 17:30:00+00:00,5.8,3.5,a,1,0.3333,0.0149,0.03782,0.09513,0.09419,0.4388,1.651,0
9,499,Pedro Porro,Tottenham,DEF,Crystal Palace,True,2026-10-31 17:30:00+00:00,5.4,7.6,d,1,0.5034,0.03662,0.0957,0.1437,0.1785,0.2362,2.36,2
9,500,Romero,Tottenham,DEF,Crystal Palace,True,2026-10-31 17:30:00+00:00,5,0.1,u,0,0,0,0,0,0,0,0,0
9,502,Robertson,Tottenham,DEF,Crystal Palace,True,2026-10-31 17:30:00+00:00,4.4,2.5,a,1,0.7119,0.04695,0.1168,0.2032,0.2381,0.224,3.195,4
9,503,Van de Ven,Tottenham,DEF,Crystal Palace,True,2026-10-31 17:30:00+00:00,5,3.8,a,1,0.8939,0.08727,0.03776,0.2551,0.2543,0.1757,3.319,5.3
9,505,Spence,Tottenham,DEF,Crystal Palace,True,2026-10-31 17:30:00+00:00,4.5,0.2,u,0,0,0,0,0,0,0,0,0
9,506,Udogie,Tottenham,DEF,Crystal Palace,True,2026-10-31 17:30:00+00:00,4.4,0.3,a,1,0.3773,0.01073,0.03446,0.1077,0.08889,0.05813,1.372,1.7
9,507,Phillips,Tottenham,DEF,Crystal Palace,True,2026-10-31 17:30:00+00:00,4.5,0,u,0,0,0,0,0,0,,,0
9,508,Davies,Tottenham,DEF,Crystal Palace,True,2026-10-31 17:30:00+00:00,3.9,0.9,a,1,0,0,0,0,0,0,0,0
9,509,Byfield,Tottenham,DEF,Crystal Palace,True,2026-10-31 17:30:00+00:00,4,0.1,a,1,0,0,0,0,0,,,0
9,510,Rowswell,Tottenham,DEF,Crystal Palace,True,2026-10-31 17:30:00+00:00,4,0.1,a,1,0,0,0,0,0,,,0
9,511,Souza,Tottenham,DEF,Crystal Palace,True,2026-10-31 17:30:00+00:00,4,0.2,u,0,0,0,0,0,0,,,0
9,512,Kudus,Tottenham,MID,Crystal Palace,True,2026-10-31 17:30:00+00:00,6.5,0.2,a,1,0,0.03979,0.06122,0,0.04348,0,1.093,2
9,513,Xavi,Tottenham,MID,Crystal Palace,True,2026-10-31 17:30:00+00:00,5.9,0,i,0,0,0,0,0,0,0,0,0
9,514,Tel,Tottenham,MID,Crystal Palace,True,2026-10-31 17:30:00+00:00,5.7,0.2,a,1,0.6095,0.1028,0.1361,0.1739,0.2004,0.0546,2.748,1.3
9,515,Maddison,Tottenham,MID,Crystal Palace,True,2026-10-31 17:30:00+00:00,6.3,0.4,a,1,0,0.03649,0.01753,0,0.01576,,,0.7
9,516,Bentancur,Tottenham,MID,Crystal Palace,True,2026-10-31 17:30:00+00:00,5.5,0.2,a,1,0.8939,0.05269,0.05576,0.2551,0.1131,0.9233,3.616,4
9,517,Odobert,Tottenham,MID,Crystal Palace,True,2026-10-31 17:30:00+00:00,5.5,0,i,0,0,0,0,0,0,0,0,0
9,518,P.M.Sarr,Tottenham,MID,Crystal Palace,True,2026-10-31 17:30:00+00:00,4.9,0.1,u,0,0,0,0,0,0,0,0,0
9,519,Gallagher,Tottenham,MID,Crystal Palace,True,2026-10-31 17:30:00+00:00,5.3,0.2,a,1,0.3773,0.06132,0.03933,0.1077,0.08917,0.1105,1.699,3
9,520,Bergvall,Tottenham,MID,Crystal Palace,True,2026-10-31 17:30:00+00:00,5.3,0.1,a,1,0,0.02016,0.01127,0,0.001179,0,0.6954,0.7
9,521,Kulusevski,Tottenham,MID,Crystal Palace,True,2026-10-31 17:30:00+00:00,6.5,0,i,0,0,0,0,0,0,,,0
9,522,Gray,Tottenham,MID,Crystal Palace,True,2026-10-31 17:30:00+00:00,4.9,0.2,a,1,0.6227,0.06902,0.06697,0.1777,0.1311,0.04617,2.236,1.7
9,523,Moore,Tottenham,MID,Crystal Palace,True,2026-10-31 17:30:00+00:00,5,0.1,u,0,0,0,0,0,0,,,0
9,524,Olusesi,Tottenham,MID,Crystal Palace,True,2026-10-31 17:30:00+00:00,4.4,1,a,1,0,0,0,0,0,,,0
9,525,Fernandes,Tottenham,MID,Crystal Palace,True,2026-10-31 17:30:00+00:00,5.7,0.8,a,1,0.5318,0.04947,0.1125,0.1518,0.1062,0.3886,2.613,1.3
9,526,Solanke,Tottenham,FWD,Crystal Palace,True,2026-10-31 17:30:00+00:00,5.8,0.8,a,1,0.3905,0.1097,0.03187,0.1114,0.1602,0.002749,1.861,1.7
9,527,Richarlison,Tottenham,FWD,Crystal Palace,True,2026-10-31 17:30:00+00:00,5.9,0.6,u,0,0,0,0,0,0,0,0,0
9,528,Scarlett,Tottenham,FWD,Crystal Palace,True,2026-10-31 17:30:00+00:00,4.5,1.1,u,0,0,0,0,0,0,,,0
9,578,Mudryk,Tottenham,MID,Crystal Palace,True,2026-10-31 17:30:00+00:00,5.3,0,i,0,0,0,0,0,0,,,0
9,601,Williams-Barnett,Tottenham,MID,Crystal Palace,True,2026-10-31 17:30:00+00:00,4.5,0.1,a,1,0,0,0,0,0,,,0
9,42,Guessand,Crystal Palace,MID,Tottenham,False,2026-10-31 17:30:00+00:00,5.4,0,a,1,0,0.01413,0.01216,0,0.00264,0,0.5062,0
9,153,Disasi,Crystal Palace,DEF,Tottenham,False,2026-10-31 17:30:00+00:00,4.5,0.1,s,1,0.3773,0.024,0.009351,0.07854,0.06515,0.1927,1.552,0
9,198,Henderson,Crystal Palace,GKP,Tottenham,False,2026-10-31 17:30:00+00:00,5,1.3,i,1,0.6095,0,0.001088,0.1269,0.2057,0,1.967,0
9,199,Benitez,Crystal Palace,GKP,Tottenham,False,2026-10-31 17:30:00+00:00,4.5,0.1,a,1,0.3905,0,0.003614,0.08129,0.07359,0,1.064,2.7
9,202,Richards,Crystal Palace,DEF,Tottenham,False,2026-10-31 17:30:00+00:00,4.9,0.6,a,1,0.8358,0.03598,0.01702,0.174,0.1393,0.7333,2.86,3.7
9,203,Canvot,Crystal Palace,DEF,Tottenham,False,2026-10-31 17:30:00+00:00,4.8,0.2,a,1,0.7324,0.04266,0.0142,0.1525,0.1343,0.6601,2.768,3
9,204,Mitchell,Crystal Palace,DEF,Tottenham,False,2026-10-31 17:30:00+00:00,4.5,6.1,a,1,0.9108,0.06051,0.08495,0.1896,0.22,0.2721,3.226,7.7
9,205,Sosa,Crystal Palace,DEF,Tottenham,False,2026-10-31 17:30:00+00:00,4.5,0,u,0,0,0,0,0,0,,,0
9,206,Chadi Riad,Crystal Palace,DEF,Tottenham,False,2026-10-31 17:30:00+00:00,4.3,0,i,0,0,0,0,0,0,0,0,0
9,207,Mingueza,Crystal Palace,DEF,Tottenham,False,2026-10-31 17:30:00+00:00,4.4,0.1,a,1,0,0.001721,0.0019,0,0,0,0.3574,0.3
9,208,Sarr,Crystal Palace,MID,Tottenham,False,2026-10-31 17:30:00+00:00,6.2,0.6,a,1,0.075,0.04943,0.01426,0.01561,0.05122,0.005759,0.8769,0.3
9,210,Wharton,Crystal Palace,MID,Tottenham,False,2026-10-31 17:30:00+00:00,5.4,0.7,a,1,0.8477,0.03178,0.1655,0.1765,0.1376,0.4653,3.07,2
9,211,Yeremy,Crystal Palace,MID,Tottenham,False,2026-10-31 17:30:00+00:00,5.5,0.3,a,1,0.4883,0.08653,0.2203,0.1016,0.2005,0.06537,2.737,2.7
9,212,Hughes,Crystal Palace,MID,Tottenham,False,2026-10-31 17:30:00+00:00,4.4,7.3,a,1,0.08919,0.01376,0.02432,0.01857,0.01113,0.01009,0.7514,0.7
9,213,Lerma,Crystal Palace,MID,Tottenham,False,2026-10-31 17:30:00+00:00,4.8,0.1,a,1,0.1523,0.0372,0.03348,0.0317,0.04258,0.07025,0.9139,0.3
9,214,Kamada,Crystal Palace,MID,Tottenham,False,2026-10-31 17:30:00+00:00,5,0.5,a,1,0.8477,0.05651,0.121,0.1765,0.1469,0.3803,3.028,5.3
9,215,Devenny,Crystal Palace,MID,Tottenham,False,2026-10-31 17:30:00+00:00,5,0,u,0,0,0,0,0,0,0,0,0
9,216,Esse,Crystal Palace,MID,Tottenham,False,2026-10-31 17:30:00+00:00,5,0,u,0,0,0,0,0,0,,,0
9,217,M.França,Crystal Palace,MID,Tottenham,False,2026-10-31 17:30:00+00:00,4.9,0,u,0,0,0,0,0,0,,,0
9,218,Doucouré,Crystal Palace,MID,Tottenham,False,2026-10-31 17:30:00+00:00,4.8,0,a,1,0,0,0,0,0,,,0
9,219,J.Rak-Sakyi,Crystal Palace,MID,Tottenham,False,2026-10-31 17:30:00+00:00,4.9,0,u,0,0,0,0,0,0,,,0
9,220,Cardines,Crystal Palace,DEF,Tottenham,False,2026-10-31 17:30:00+00:00,4.5,0,u,0,0,0,0,0,0,0,0,0
9,221,Drakes-Thomas,Crystal Palace,MID,Tottenham,False,2026-10-31 17:30:00+00:00,4.5,0.1,a,1,0,0,0,0,0,,,0
9,222,Strand Larsen,Crystal Palace,FWD,Tottenham,False,2026-10-31 17:30:00+00:00,6,0.7,a,1,0.6809,0.1599,0.04204,0.1417,0.2406,0.002739,2.69,3.7
9,223,Mateta,Crystal Palace,FWD,Tottenham,False,2026-10-31 17:30:00+00:00,6.3,1.3,i,1,0.1061,0.07049,0.009665,0.02208,0.09659,0.0004818,0.8474,0
9,224,Nketiah,Crystal Palace,FWD,Tottenham,False,2026-10-31 17:30:00+00:00,5.5,0.5,a,1,0.1261,0.08404,0.07545,0.02626,0.1271,0.001776,1.412,1.7
9,225,Uche,Crystal Palace,FWD,Tottenham,False,2026-10-31 17:30:00+00:00,5,0,u,0,0,0,0,0,0,,,0
9,241,McNeil,Crystal Palace,MID,Tottenham,False,2026-10-31 17:30:00+00:00,5.4,0.1,a,1,0.1061,0.01034,0.01303,0.02208,0.01198,0.03262,0.5707,0
9,555,Matthews,Crystal Palace,GKP,Tottenham,False,2026-10-31 17:30:00+00:00,4,1.7,a,1,0,0,0,0,0,0,0,0
9,577,Tomiyasu,Crystal Palace,DEF,Tottenham,False,2026-10-31 17:30:00+00:00,4.4,0.3,d,1,0.1632,0.01731,0.02348,0.03398,0.03636,0.06603,1.145,0.2
9,588,Khalaili,Crystal Palace,DEF,Tottenham,False,2026-10-31 17:30:00+00:00,5,0.3,a,1,0.8627,0.1176,0.05501,0.1796,0.2489,0.6924,3.746,5.3
9,595,Gozo,Crystal Palace,MID,Tottenham,False,2026-10-31 17:30:00+00:00,4.9,0,a,1,0,0.006407,0.006485,0,0,0,0.4456,0.3
9,633,Ahanor,Crystal Palace,DEF,Tottenham,False,2026-10-31 17:30:00+00:00,4.5,0,a,1,0.33,0.01644,0.02393,0.0687,0.0702,0.2985,1.294,1
9,643,Chilwell,Crystal Palace,DEF,Tottenham,False,2026-10-31 17:30:00+00:00,4.5,0.4,a,1,0,0.01683,0.006102,0,0.006167,0,0.6801,2.7
9,644,Timber,Crystal Palace,MID,Tottenham,False,2026-10-31 17:30:00+00:00,5,0,a,1,1,0.09939,0.08811,0.2082,0.1971,0.5125,3.679,3
9,647,Osorio,Crystal Palace,MID,Tottenham,False,2026-10-31 17:30:00+00:00,5.5,0,a,1,0,0.0003733,0.0003769,0,0,0,0.2805,0.3
9,250,Leno,Fulham,GKP,Aston Villa,False,2026-10-31 20:00:00+00:00,4.5,3.4,a,1,1,0,0.001761,0.1702,0.3014,0,3.265,4.3
9,251,Lecomte,Fulham,GKP,Aston Villa,False,2026-10-31 20:00:00+00:00,4,1.1,a,1,0,0,0,0,0,0,0,0
9,252,McNally,Fulham,GKP,Aston Villa,False,2026-10-31 20:00:00+00:00,4,0.1,u,0,0,0,0,0,0,0,0,0
9,253,Andersen,Fulham,DEF,Aston Villa,False,2026-10-31 20:00:00+00:00,5,0.2,a,1,0.2761,0.01501,0.01204,0.047,0.04133,0.2912,1.133,0.7
9,254,Robinson,Fulham,DEF,Aston Villa,False,2026-10-31 20:00:00+00:00,4.5,1.5,a,1,1,0.05964,0.07764,0.1702,0.2036,0.3511,3.051,3
9,255,J.Cuenca,Fulham,DEF,Aston Villa,False,2026-10-31 20:00:00+00:00,4.5,0,a,1,0.1061,0.002741,0.01088,0.01805,0.01773,0.1251,0.4056,0
9,256,Tete,Fulham,DEF,Aston Villa,False,2026-10-31 20:00:00+00:00,4.4,0.2,a,1,0,0.002183,0.003299,0,0.0001418,0,-0.01125,0
9,257,Bassey,Fulham,DEF,Aston Villa,False,2026-10-31 20:00:00+00:00,4.5,0.7,a,1,1,0.03707,0.02496,0.1702,0.1437,0.4372,2.81,4.3
9,258,Castagne,Fulham,DEF,Aston Villa,False,2026-10-31 20:00:00+00:00,4.5,0.9,a,1,1,0.07352,0.09336,0.1702,0.2285,0.2067,2.925,2.7
9,261,Iwobi,Fulham,MID,Aston Villa,False,2026-10-31 20:00:00+00:00,5.4,0.7,a,1,0.9369,0.07886,0.159,0.1595,0.2044,0.08837,3.198,3.3
9,262,Smith Rowe,Fulham,MID,Aston Villa,False,2026-10-31 20:00:00+00:00,5.3,0.2,a,1,0.1642,0.03666,0.0228,0.02795,0.03475,0.01412,1.175,0.7
9,263,Kevin,Fulham,MID,Aston Villa,False,2026-10-31 20:00:00+00:00,5.3,0,a,1,0,0.02465,0.02729,0,0,0,1.055,0.7
9,264,Bobb,Fulham,MID,Aston Villa,False,2026-10-31 20:00:00+00:00,5.5,0.3,a,1,0.9369,0.06932,0.1351,0.1595,0.1781,0.07748,3.104,2.7
9,265,Berge,Fulham,MID,Aston Villa,False,2026-10-31 20:00:00+00:00,4.9,0.3,a,1,0.7119,0.03526,0.06767,0.1212,0.08811,0.184,2.421,2.3
9,266,Cairney,Fulham,MID,Aston Villa,False,2026-10-31 20:00:00+00:00,4.9,0,i,1,0.06307,0.01007,0.0113,0.01074,0.01529,0.01043,0.336,0
9,268,King,Fulham,MID,Aston Villa,False,2026-10-31 20:00:00+00:00,5.5,2.6,a,1,0.7727,0.1689,0.09031,0.1315,0.2654,0.05729,3.067,5
9,269,Sessegnon,Fulham,DEF,Aston Villa,False,2026-10-31 20:00:00+00:00,4.3,0.3,a,1,0,0.00662,0.007712,0,0.00269,0,0.4033,0.3
9,270,Reed,Fulham,MID,Aston Villa,False,2026-10-31 20:00:00+00:00,4.4,1.1,a,1,0,0,0,0,0,0,0,0
9,271,Muniz,Fulham,FWD,Aston Villa,False,2026-10-31 20:00:00+00:00,5.4,0.4,a,1,0.2273,0.08242,0.02754,0.03868,0.1095,0.002133,1.35,0.7
9,272,Kusi-Asare,Fulham,FWD,Aston Villa,False,2026-10-31 20:00:00+00:00,4.5,5.4,a,1,0,0.001299,0.0005936,0,0.0002749,,,0
9,569,Gonzalo,Fulham,FWD,Aston Villa,False,2026-10-31 20:00:00+00:00,6,4,a,1,1,0.3339,0.1076,0.1702,0.5144,0.008801,4.181,2
9,570,Palacios,Fulham,MID,Aston Villa,False,2026-10-31 20:00:00+00:00,5.4,0.2,a,1,0.4946,0.09267,0.03697,0.08419,0.1343,0.08862,1.982,3
9,580,Charles,Fulham,MID,Aston Villa,False,2026-10-31 20:00:00+00:00,5,0.1,a,1,0.6995,0.04456,0.06137,0.1191,0.09224,0.5917,2.909,3.7
9,610,De Fougerolles,Fulham,DEF,Aston Villa,False,2026-10-31 20:00:00+00:00,4,0.1,u,0,0,0,0,0,0,0,0,0
9,626,Zepa,Fulham,MID,Aston Villa,False,2026-10-31 20:00:00+00:00,4.4,0.3,a,1,0,0,0,0,0,0,0,0
9,635,Larsson,Fulham,MID,Aston Villa,False,2026-10-31 20:00:00+00:00,5,0,a,1,0,0.01828,0.01549,0,0,0,1.138,1
9,636,Ángel,Fulham,MID,Aston Villa,False,2026-10-31 20:00:00+00:00,5,0,a,1,0,0,0,0,0,0,0,0
9,650,Affengruber,Fulham,DEF,Aston Villa,False,2026-10-31 20:00:00+00:00,4.5,0.1,a,1,0.7225,0.02747,0.03768,0.123,0.1185,0.8118,2.681,4
9,29,M.Bizot,Aston Villa,GKP,Fulham,True,2026-10-31 20:00:00+00:00,4.5,0.1,i,1,0.1953,0,0.001479,0.05422,0.03741,0,0.5792,0
9,30,Digne,Aston Villa,DEF,Fulham,True,2026-10-31 20:00:00+00:00,4.5,0,u,0,0,0,0,0,0,0,0,0
9,32,Cash,Aston Villa,DEF,Fulham,True,2026-10-31 20:00:00+00:00,4.4,4.8,a,1,0.5203,0.02832,0.06934,0.1445,0.1496,0.06054,1.854,1.7
9,33,Mings,Aston Villa,DEF,Fulham,True,2026-10-31 20:00:00+00:00,4.5,0.4,a,1,0.6928,0.07748,0.0395,0.1924,0.2084,0.406,2.946,3
9,34,Pau,Aston Villa,DEF,Fulham,True,2026-10-31 20:00:00+00:00,4.4,0.3,i,1,0.3072,0.03518,0.009034,0.08531,0.0818,0.07939,1.479,0
9,35,Bogarde,Aston Villa,MID,Fulham,True,2026-10-31 20:00:00+00:00,4.9,0.1,a,1,0.08919,0.005486,0.007342,0.02477,0.004216,0.01199,0.438,0
9,36,Maatsen,Aston Villa,DEF,Fulham,True,2026-10-31 20:00:00+00:00,4.4,0.5,i,0,0,0,0,0,0,0,0,0
9,37,Lindelöf,Aston Villa,DEF,Fulham,True,2026-10-31 20:00:00+00:00,4.5,0.3,a,1,0.925,0.07214,0.06264,0.2569,0.2558,0.1151,3.562,2.7
9,38,A.García,Aston Villa,DEF,Fulham,True,2026-10-31 20:00:00+00:00,4,1.5,a,1,0,0.002807,0.003514,0,0.003101,,,0
9,39,Nedeljkovic,Aston Villa,DEF,Fulham,True,2026-10-31 20:00:00+00:00,4,0.1,u,0,0,0,0,0,0,0,0,0
9,41,Buendía,Aston Villa,MID,Fulham,True,2026-10-31 20:00:00+00:00,5.9,1,a,1,0.9369,0.1784,0.1946,0.2602,0.3374,0.3672,4.377,5.7
9,44,Bailey,Aston Villa,MID,Fulham,True,2026-10-31 20:00:00+00:00,5.4,0.1,u,0,0,0,0,0,0,0,0,0
9,45,McGinn,Aston Villa,MID,Fulham,True,2026-10-31 20:00:00+00:00,5.4,2.2,a,1,0.9108,0.1269,0.2212,0.2529,0.2845,0.09219,3.532,5
9,46,Barkley,Aston Villa,MID,Fulham,True,2026-10-31 20:00:00+00:00,5,0.3,a,1,0.7129,0.1235,0.1591,0.198,0.2345,0.1409,3.381,2
9,47,Kamara,Aston Villa,MID,Fulham,True,2026-10-31 20:00:00+00:00,5,0.3,a,1,0.7727,0.06435,0.1196,0.2146,0.1597,0.1968,2.797,3.7
9,48,Onana,Aston Villa,MID,Fulham,True,2026-10-31 20:00:00+00:00,4.9,0,i,0,0,0,0,0,0,0,0,0
9,49,Iling Jr,Aston Villa,MID,Fulham,True,2026-10-31 20:00:00+00:00,5,0,u,0,0,0,0,0,0,,,0
9,50,Burrowes,Aston Villa,MID,Fulham,True,2026-10-31 20:00:00+00:00,4.5,0.6,a,1,0,0,0,0,0,,,0
9,51,George Hemmings,Aston Villa,MID,Fulham,True,2026-10-31 20:00:00+00:00,4.5,1.2,a,1,0.3822,0.07726,0.1022,0.1061,0.1351,,,1.7
9,52,Alysson,Aston Villa,MID,Fulham,True,2026-10-31 20:00:00+00:00,5,0,d,1,0,0.03461,0.02256,0,0.02428,,,1.7
9,53,Manzambi,Aston Villa,MID,Fulham,True,2026-10-31 20:00:00+00:00,5.9,0.4,a,1,0.2745,0.1049,0.0702,0.07624,0.1589,0.07378,1.824,4.7
9,54,Gomes,Aston Villa,MID,Fulham,True,2026-10-31 20:00:00+00:00,5.5,0,a,1,0.3502,0.03356,0.046,0.09725,0.06839,0.3246,1.603,1.3
9,55,Watkins,Aston Villa,FWD,Fulham,True,2026-10-31 20:00:00+00:00,7.8,2.5,u,0,0,0,0,0,0,0,0,0
9,56,Abraham,Aston Villa,FWD,Fulham,True,2026-10-31 20:00:00+00:00,5.5,0.2,a,1,0,0.06713,0.01534,0,0.07916,0,1.06,1
9,160,Garnacho,Aston Villa,MID,Fulham,True,2026-10-31 20:00:00+00:00,5.8,0.3,a,1,0,0.01081,0.0123,0,0,0,0.5482,0.3
9,166,N.Jackson,Aston Villa,FWD,Fulham,True,2026-10-31 20:00:00+00:00,6.5,1.5,a,1,0.4883,0.1894,0.1043,0.1356,0.2978,,,2.7
9,582,Madjo,Aston Villa,FWD,Fulham,True,2026-10-31 20:00:00+00:00,5.4,0.2,i,0,0,0,0,0,0,0,0,0
9,596,Ruggeri,Aston Villa,DEF,Fulham,True,2026-10-31 20:00:00+00:00,4.5,0.1,a,1,0.2745,0.02064,0.02308,0.07624,0.07078,0.2483,1.567,1.3
9,597,Suzuki,Aston Villa,GKP,Fulham,True,2026-10-31 20:00:00+00:00,5,1.9,a,1,0.8627,0,0.007187,0.2396,0.3136,0,3.342,4.7
9,606,Rowe,Aston Villa,DEF,Fulham,True,2026-10-31 20:00:00+00:00,4,0.2,a,1,0,0,0,0,0,,,0
9,607,Lynch,Aston Villa,MID,Fulham,True,2026-10-31 20:00:00+00:00,4.5,0.1,u,0,0,0,0,0,0,0,0,0
9,611,Wan-Bissaka,Aston Villa,DEF,Fulham,True,2026-10-31 20:00:00+00:00,4.5,0.2,a,1,0.3426,0.007583,0.05009,0.09513,0.08202,0.2568,1.962,1.7
9,618,Goretzka,Aston Villa,MID,Fulham,True,2026-10-31 20:00:00+00:00,5.9,0,i,1,0,0,0,0,0,0,0,0
9,630,Harwood-Bellis,Aston Villa,DEF,Fulham,True,2026-10-31 20:00:00+00:00,4.5,0,a,1,0,0,0,0,0,0,0,0
9,631,Mbaye,Aston Villa,MID,Fulham,True,2026-10-31 20:00:00+00:00,6,0.1,a,1,0,0.02128,0.02337,0,0,0,0.899,0.7
9,667,Wright,Aston Villa,GKP,Fulham,True,2026-10-31 20:00:00+00:00,4,0.1,a,1,0,0,0,0,0,0,0,1
9,350,A.Becker,Liverpool,GKP,Arsenal,True,2026-11-01 16:30:00+00:00,5.5,4.1,a,1,0.8619,0,0.001543,0.2014,0.171,0,2.568,8.3
9,351,Mamardashvili,Liverpool,GKP,Arsenal,True,2026-11-01 16:30:00+00:00,4.9,0.1,a,1,0.1381,0,0.000663,0.03227,0.04637,0,0.4001,0
9,352,Woodman,Liverpool,GKP,Arsenal,True,2026-11-01 16:30:00+00:00,4,1,a,1,0,0,0,0,0,0,0,0
9,353,Pecsi,Liverpool,GKP,Arsenal,True,2026-11-01 16:30:00+00:00,4,0,u,0,0,0,0,0,0,0,0,0
9,354,Jaros,Liverpool,GKP,Arsenal,True,2026-11-01 16:30:00+00:00,4,0,i,0,0,0,0,0,0,0,0,0
9,355,Davies,Liverpool,GKP,Arsenal,True,2026-11-01 16:30:00+00:00,4,0.2,a,1,0,0,0,0,0,0,0,0
9,356,Virgil,Liverpool,DEF,Arsenal,True,2026-11-01 16:30:00+00:00,6.5,16.2,a,1,1,0.08584,0.01466,0.2337,0.2225,0.8747,3.995,7.3
9,357,Frimpong,Liverpool,DEF,Arsenal,True,2026-11-01 16:30:00+00:00,5.3,1.8,a,1,0.2953,0.01119,0.06189,0.06901,0.08601,0.04778,1.258,0.3
9,358,Kerkez,Liverpool,DEF,Arsenal,True,2026-11-01 16:30:00+00:00,5.3,2.2,a,1,0.7324,0.03034,0.0451,0.1712,0.1485,0.1036,2.338,4
9,359,Gomez,Liverpool,DEF,Arsenal,True,2026-11-01 16:30:00+00:00,4.9,0,a,1,0.075,0.004137,0.004548,0.01753,0.01312,0.02206,0.2764,0
9,360,Bradley,Liverpool,DEF,Arsenal,True,2026-11-01 16:30:00+00:00,5,0,i,0,0,0,0,0,0,0,0,0
9,361,Lucky,Liverpool,DEF,Arsenal,True,2026-11-01 16:30:00+00:00,4,0.1,a,1,0,0,0,0,0,,,0
9,362,Jacquet,Liverpool,DEF,Arsenal,True,2026-11-01 16:30:00+00:00,5,3.5,a,1,1,0.02212,0.03839,0.2337,0.1761,0.4522,3.155,6.7
9,363,Leoni,Liverpool,DEF,Arsenal,True,2026-11-01 16:30:00+00:00,4,0,i,0,0,0,0,0,0,,,0
9,364,Tsimikas,Liverpool,DEF,Arsenal,True,2026-11-01 16:30:00+00:00,4.9,0.1,a,1,0,0.007034,0.006466,0,0.00412,,,0.3
9,365,Ramsay,Liverpool,DEF,Arsenal,True,2026-11-01 16:30:00+00:00,4,0.1,u,0,0,0,0,0,0,,,0
9,366,Wirtz,Liverpool,MID,Arsenal,True,2026-11-01 16:30:00+00:00,7.3,5.7,a,1,0.7727,0.1456,0.1205,0.1806,0.2527,0.07458,3.181,4
9,367,Gakpo,Liverpool,MID,Arsenal,True,2026-11-01 16:30:00+00:00,7.2,12.4,d,1,0.8216,0.1623,0.1697,0.192,0.2973,0.1488,3.78,3.8
9,368,Szoboszlai,Liverpool,MID,Arsenal,True,2026-11-01 16:30:00+00:00,7,32.8,a,1,1,0.115,0.2332,0.2337,0.2843,0.5029,4.084,2.7
9,369,Ngumoha,Liverpool,MID,Arsenal,True,2026-11-01 16:30:00+00:00,5.7,0.5,a,1,0.3333,0.0466,0.06533,0.0779,0.08328,0.05513,1.617,0.3
9,370,Chiesa,Liverpool,MID,Arsenal,True,2026-11-01 16:30:00+00:00,5.3,0,i,0,0,0,0,0,0,0,0,0
9,371,Gravenberch,Liverpool,MID,Arsenal,True,2026-11-01 16:30:00+00:00,5.8,1.1,a,1,0.3333,0.02144,0.03469,0.0779,0.01901,0.1313,1.773,1
9,372,Mac Allister,Liverpool,MID,Arsenal,True,2026-11-01 16:30:00+00:00,5.4,1.3,a,1,0.7155,0.07405,0.06916,0.1672,0.1322,0.247,2.537,2.7
9,373,C.Jones,Liverpool,MID,Arsenal,True,2026-11-01 16:30:00+00:00,5.5,0,u,0,0,0,0,0,0,0,0,0
9,374,Endo,Liverpool,MID,Arsenal,True,2026-11-01 16:30:00+00:00,4.9,0.1,a,1,0,0,0,0,0,0,0,0
9,375,Nyoni,Liverpool,MID,Arsenal,True,2026-11-01 16:30:00+00:00,4.9,0,a,1,0,0.01481,0.009838,0,0,,,0.7
9,376,Bajcetic,Liverpool,MID,Arsenal,True,2026-11-01 16:30:00+00:00,5,0,u,0,0,0,0,0,0,,,0
9,377,Munoz,Liverpool,MID,Arsenal,True,2026-11-01 16:30:00+00:00,6.5,0.9,a,1,0.3574,0.07479,0.05906,0.08351,0.09827,0.07683,2.004,1.7
9,378,McConnell,Liverpool,MID,Arsenal,True,2026-11-01 16:30:00+00:00,4.4,0.2,a,1,0,0,0,0,0,,,0
9,379,Isak,Liverpool,FWD,Arsenal,True,2026-11-01 16:30:00+00:00,9.1,22.4,d,1,0.7727,0.2966,0.05188,0.1806,0.4416,0.004534,3.184,5.8
9,380,Ekitiké,Liverpool,FWD,Arsenal,True,2026-11-01 16:30:00+00:00,7.4,0.1,i,0,0,0,0,0,0,0,0,0
9,381,Koumas,Liverpool,MID,Arsenal,True,2026-11-01 16:30:00+00:00,5,0,a,1,0,0.007658,0.006004,0,0,0,0.6622,0.7
9,382,Danns,Liverpool,FWD,Arsenal,True,2026-11-01 16:30:00+00:00,4.5,0.2,a,1,0,0,0,0,0,,,0
9,383,Elliott,Liverpool,MID,Arsenal,True,2026-11-01 16:30:00+00:00,5.4,0,u,0,0,0,0,0,0,,,0
9,579,Araujo,Liverpool,DEF,Arsenal,True,2026-11-01 16:30:00+00:00,5.4,3,a,1,0.6995,0.02236,0.02869,0.1635,0.124,0.4218,2.61,7
9,627,Barcola,Liverpool,MID,Arsenal,True,2026-11-01 16:30:00+00:00,8,1.9,a,1,0.7225,0.0945,0.0766,0.1688,0.1615,0.1553,2.91,2.3
9,1,Raya,Arsenal,GKP,Liverpool,False,2026-11-01 16:30:00+00:00,6.1,42.3,a,1,0.9108,0,0.003523,0.2422,0.09544,0,2.705,6
9,2,Arrizabalaga,Arsenal,GKP,Liverpool,False,2026-11-01 16:30:00+00:00,4.9,0.1,a,1,0.08919,0,0.0007212,0.02372,0.0113,0,0.249,0
9,3,Meslier,Arsenal,GKP,Liverpool,False,2026-11-01 16:30:00+00:00,4.9,0,a,1,0,0,0,0,0,0,0,0
9,4,Gabriel,Arsenal,DEF,Liverpool,False,2026-11-01 16:30:00+00:00,8,22.7,a,1,0.9108,0.1279,0.06455,0.2422,0.3036,0.6581,4.107,4
9,5,J.Timber,Arsenal,DEF,Liverpool,False,2026-11-01 16:30:00+00:00,6.5,0.4,a,1,0,0.02149,0.01887,0,0.02519,0,0.5031,0.3
9,6,Saliba,Arsenal,DEF,Liverpool,False,2026-11-01 16:30:00+00:00,5.9,0.2,i,0,0,0,0,0,0,0,0,0
9,7,Lewis-Skelly,Arsenal,MID,Liverpool,False,2026-11-01 16:30:00+00:00,5.4,0.6,a,1,0.5345,0.02309,0.02941,0.1421,0.04586,0.0676,1.782,1
9,8,Calafiori,Arsenal,DEF,Liverpool,False,2026-11-01 16:30:00+00:00,5.8,50.5,a,1,0.8477,0.09926,0.07589,0.2254,0.2725,0.07838,3.555,3
9,9,Hincapie,Arsenal,DEF,Liverpool,False,2026-11-01 16:30:00+00:00,5.2,0.9,a,1,0.08919,0.003533,0.01363,0.02372,0.0181,0.06406,0.6827,0.3
9,10,White,Arsenal,DEF,Liverpool,False,2026-11-01 16:30:00+00:00,5.5,4.9,d,1,0.3822,0.01513,0.04985,0.1016,0.1003,0.1053,1.648,0.8
9,11,Mosquera,Arsenal,DEF,Liverpool,False,2026-11-01 16:30:00+00:00,5.3,1.6,a,1,0.3964,0.008404,0.01575,0.1054,0.07585,0.1594,1.371,0
9,12,Saka,Arsenal,MID,Liverpool,False,2026-11-01 16:30:00+00:00,9.5,13.7,a,1,0.9108,0.2803,0.2059,0.2422,0.471,0.2838,4.775,4
9,13,Rice,Arsenal,MID,Liverpool,False,2026-11-01 16:30:00+00:00,7.4,11.6,d,1,0.9108,0.05712,0.1672,0.2422,0.1779,0.6099,3.426,3
9,14,Eze,Arsenal,MID,Liverpool,False,2026-11-01 16:30:00+00:00,6.2,1,a,1,0.1381,0.04025,0.0258,0.03671,0.02922,0.01237,1.345,0.7
9,15,Ødegaard,Arsenal,MID,Liverpool,False,2026-11-01 16:30:00+00:00,6.8,19.8,a,1,0.8477,0.07908,0.2476,0.2254,0.2378,0.1303,3.49,5
9,16,Madueke,Arsenal,MID,Liverpool,False,2026-11-01 16:30:00+00:00,6.2,0.2,a,1,0.08919,0.01152,0.02727,0.02372,0.01335,0.01128,0.6853,0.3
9,17,Merino,Arsenal,MID,Liverpool,False,2026-11-01 16:30:00+00:00,5.7,0.4,a,1,0,0.04414,0.02611,0,0.02209,0,1.033,0.7
9,18,Martinelli,Arsenal,MID,Liverpool,False,2026-11-01 16:30:00+00:00,6.3,0.1,u,0,0,0,0,0,0,0,0,0
9,19,Zubimendi,Arsenal,MID,Liverpool,False,2026-11-01 16:30:00+00:00,5.3,0.6,a,1,0.08919,0.01989,0.0117,0.02372,0,0.03791,1.285,1
9,20,Dowman,Arsenal,MID,Liverpool,False,2026-11-01 16:30:00+00:00,5.3,0.1,a,1,0.08919,0.0117,0.01473,0.02372,0.01317,0.0274,0.5575,0.3
9,22,Nwaneri,Arsenal,MID,Liverpool,False,2026-11-01 16:30:00+00:00,5.4,0,u,0,0,0,0,0,0,0,0,0
9,23,Fábio Vieira,Arsenal,MID,Liverpool,False,2026-11-01 16:30:00+00:00,5.5,0,u,0,0,0,0,0,0,,,0
9,24,Nelson,Arsenal,MID,Liverpool,False,2026-11-01 16:30:00+00:00,5.5,0,u,0,0,0,0,0,0,,,0
9,25,Gyökeres,Arsenal,FWD,Liverpool,False,2026-11-01 16:30:00+00:00,7.1,3.1,a,1,0.06307,0.05428,0.01724,0.01677,0.06728,0.0003172,0.9889,0.7
9,26,Havertz,Arsenal,FWD,Liverpool,False,2026-11-01 16:30:00+00:00,7.6,8.3,d,1,0.8477,0.3039,0.1266,0.2254,0.4719,0.005684,3.667,2.8
9,27,G.Jesus,Arsenal,FWD,Liverpool,False,2026-11-01 16:30:00+00:00,5.9,0.1,u,0,0,0,0,0,0,0,0,0
9,31,Konsa,Arsenal,DEF,Liverpool,False,2026-11-01 16:30:00+00:00,4.6,19.4,a,1,0.6786,0.02229,0.01838,0.1804,0.1311,0.1953,2.422,3.7
9,452,Bruno G.,Arsenal,MID,Liverpool,False,2026-11-01 16:30:00+00:00,6.7,1.8,a,1,0.2273,0.07675,0.06702,0.06043,0.1066,0.08368,1.718,2.7
9,557,Tzolis,Arsenal,MID,Liverpool,False,2026-11-01 16:30:00+00:00,6.3,12.2,a,1,0.8368,0.06084,0.1634,0.2225,0.1699,0.1285,2.795,3.3
9,405,N.Gonzalez,Newcastle United,MID,Everton,True,2026-11-02 20:00:00+00:00,5.5,0.2,a,1,0.3653,0.01656,0.02337,0.1014,0.03345,0.2185,1.289,1
9,442,Pope,Newcastle United,GKP,Everton,True,2026-11-02 20:00:00+00:00,4.9,0.9,a,1,0.2273,0.07788,0.05287,0.06309,0.3109,0,1.641,0
9,443,Gillespie,Newcastle United,GKP,Everton,True,2026-11-02 20:00:00+00:00,4.5,0,a,1,0,0,0,0,0,0,0,0
9,444,Jaouen,Newcastle United,GKP,Everton,True,2026-11-02 20:00:00+00:00,4.4,0,d,1,0,0,0,0,0,0,0,0
9,445,Thiaw,Newcastle United,DEF,Everton,True,2026-11-02 20:00:00+00:00,5,2.2,a,1,1,0.1334,0.03514,0.2776,0.3103,0.8174,4.734,1.7
9,446,Schär,Newcastle United,DEF,Everton,True,2026-11-02 20:00:00+00:00,4.9,0.2,a,1,0,0.003968,0.002867,0,0,0,0.3269,0.3
9,447,Botman,Newcastle United,DEF,Everton,True,2026-11-02 20:00:00+00:00,5,0.7,a,1,1,0.06455,0.07543,0.2776,0.2706,1.034,4.493,2.3
9,448,Burn,Newcastle United,DEF,Everton,True,2026-11-02 20:00:00+00:00,4.8,0.7,i,1,0.1523,0.009107,0.006646,0.04227,0.03521,0.1179,0.7116,0
9,449,Hall,Newcastle United,DEF,Everton,True,2026-11-02 20:00:00+00:00,5.3,17.3,a,1,1,0.06131,0.1484,0.2776,0.3193,0.6471,4.405,5.7
9,450,Livramento,Newcastle United,DEF,Everton,True,2026-11-02 20:00:00+00:00,4.9,0.1,d,1,0,0.002038,0.004299,0,0,0,0.1484,1
9,451,A.Murphy,Newcastle United,DEF,Everton,True,2026-11-02 20:00:00+00:00,4,0.1,u,0,0,0,0,0,0,,,0
9,453,Barnes,Newcastle United,MID,Everton,True,2026-11-02 20:00:00+00:00,6.1,5.7,a,1,0.8477,0.262,0.1483,0.2353,0.4111,0.05361,4.303,7.7
9,454,Elanga,Newcastle United,MID,Everton,True,2026-11-02 20:00:00+00:00,6.1,4.5,i,0,0,0,0,0,0,0,0,0
9,456,J.Ramsey,Newcastle United,MID,Everton,True,2026-11-02 20:00:00+00:00,4.9,0.2,i,0,0,0,0,0,0,0,0,0
9,457,J.Murphy,Newcastle United,MID,Everton,True,2026-11-02 20:00:00+00:00,5.9,0.1,a,1,0.2752,0.06255,0.1298,0.0764,0.1095,0.02367,1.69,0.7
9,458,Joelinton,Newcastle United,MID,Everton,True,2026-11-02 20:00:00+00:00,5.4,0,i,0,0,0,0,0,0,0,0,0
9,459,L.Miley,Newcastle United,MID,Everton,True,2026-11-02 20:00:00+00:00,5.5,0.1,a,1,0.7727,0.04842,0.09762,0.2145,0.1296,0.5023,2.821,2
9,460,Willock,Newcastle United,MID,Everton,True,2026-11-02 20:00:00+00:00,5,0.6,a,1,0.5775,0.1237,0.1488,0.1603,0.2219,0.06208,3.024,4.3
9,461,Touré,Newcastle United,MID,Everton,True,2026-11-02 20:00:00+00:00,5.8,0.1,a,1,0,0.02294,0.01974,0,0.002984,0,0.8455,2.3
9,462,Steur,Newcastle United,MID,Everton,True,2026-11-02 20:00:00+00:00,4.9,0.1,a,1,0.5054,0.1056,0.0641,0.1403,0.1504,0.1087,2.625,2
9,463,Woltemade,Newcastle United,FWD,Everton,True,2026-11-02 20:00:00+00:00,5.9,0.5,u,0,0,0,0,0,0,0,0,0
9,464,Wissa,Newcastle United,FWD,Everton,True,2026-11-02 20:00:00+00:00,6.2,18.7,a,1,0.7727,0.3878,0.1172,0.2145,0.5816,0.00544,3.917,1
9,465,Osula,Newcastle United,FWD,Everton,True,2026-11-02 20:00:00+00:00,5.8,0.3,i,0,0,0,0,0,0,0,0,0
9,466,Neave,Newcastle United,FWD,Everton,True,2026-11-02 20:00:00+00:00,4.5,0.5,u,0,0,0,0,0,0,,,0
9,559,Bamba,Newcastle United,MID,Everton,True,2026-11-02 20:00:00+00:00,4.9,0.1,a,1,0,0.008171,0.00834,0,0,0,0.7085,0.7
9,567,Horníček,Newcastle United,GKP,Everton,True,2026-11-02 20:00:00+00:00,5,1.5,a,1,1,0,0.007141,0.2776,0.3178,0,3.627,2
9,593,Dedić,Newcastle United,DEF,Everton,True,2026-11-02 20:00:00+00:00,4.5,1.8,i,0,0,0,0,0,0,0,0,0
9,609,Shahar,Newcastle United,DEF,Everton,True,2026-11-02 20:00:00+00:00,4,0.2,u,0,0,0,0,0,0,,,0
9,634,Fernandez-Pardo,Newcastle United,FWD,Everton,True,2026-11-02 20:00:00+00:00,6,0.1,a,1,0.3925,0.1516,0.07034,0.1089,0.2224,0.006908,2.439,1.3
9,659,Miley,Newcastle United,MID,Everton,True,2026-11-02 20:00:00+00:00,4.5,0,a,1,0,0,0,0,0,0,0,0
9,663,Pivas,Newcastle United,DEF,Everton,True,2026-11-02 20:00:00+00:00,4,0,a,1,0,0,0,0,0,,,1.1
9,664,Salia,Newcastle United,FWD,Everton,True,2026-11-02 20:00:00+00:00,4.5,0.1,a,1,0,0,0,0,0,0,0,1
9,665,Mills,Newcastle United,MID,Everton,True,2026-11-02 20:00:00+00:00,4.5,0,a,1,0,0,0,0,0,0,0,1.1
9,666,Thompson,Newcastle United,MID,Everton,True,2026-11-02 20:00:00+00:00,4.5,0,a,1,0,0,0,0,0,0,0,1.1
9,21,Nørgaard,Everton,MID,Newcastle United,False,2026-11-02 20:00:00+00:00,4.8,0,i,0,0,0,0,0,0,,,0
9,209,Johnson,Everton,MID,Newcastle United,False,2026-11-02 20:00:00+00:00,5.9,0.1,a,1,0.6036,0.0744,0.04503,0.1209,0.1171,0.04635,2.156,2.3
9,226,Pickford,Everton,GKP,Newcastle United,False,2026-11-02 20:00:00+00:00,5.5,9.1,a,1,1,0,0.007849,0.2003,0.2325,0,3.166,5
9,227,Travers,Everton,GKP,Newcastle United,False,2026-11-02 20:00:00+00:00,5,0,a,1,0,0,0,0,0,0,0,0
9,228,King,Everton,GKP,Newcastle United,False,2026-11-02 20:00:00+00:00,4.5,0,a,1,0,0,0,0,0,0,0,0
9,229,Tarkowski,Everton,DEF,Newcastle United,False,2026-11-02 20:00:00+00:00,6.2,16.5,a,1,1,0.06273,0.06613,0.2003,0.2163,1.118,4.057,8.3
9,230,Branthwaite,Everton,DEF,Newcastle United,False,2026-11-02 20:00:00+00:00,5.5,2.4,a,1,0.7727,0.03474,0.02937,0.1548,0.1381,0.7135,2.877,5.7
9,231,Keane,Everton,DEF,Newcastle United,False,2026-11-02 20:00:00+00:00,4.8,0.7,a,1,0.2273,0.02386,0.004583,0.04553,0.05128,0.2158,0.9325,0
9,232,O'Brien,Everton,DEF,Newcastle United,False,2026-11-02 20:00:00+00:00,4.8,0.3,a,1,0.2273,0.00979,0.007551,0.04553,0.02984,0.08244,0.928,0.7
9,233,Mykolenko,Everton,DEF,Newcastle United,False,2026-11-02 20:00:00+00:00,4.6,4.2,a,1,1,0.0151,0.04167,0.2003,0.1516,0.515,2.845,5.7
9,234,Patterson,Everton,DEF,Newcastle United,False,2026-11-02 20:00:00+00:00,4.5,0,u,0,0,0,0,0,0,0,0,0
9,235,Aznou,Everton,DEF,Newcastle United,False,2026-11-02 20:00:00+00:00,4,0.1,u,0,0,0,0,0,0,,,0
9,236,Dewsbury-Hall,Everton,MID,Newcastle United,False,2026-11-02 20:00:00+00:00,6.6,6,a,1,1,0.1571,0.2208,0.2003,0.3313,0.27,4.071,2.3
9,238,Grealish,Everton,MID,Newcastle United,False,2026-11-02 20:00:00+00:00,6.5,0.5,a,1,0.2121,0.03541,0.06205,0.0425,0.05754,0.01754,1.34,1.7
9,239,Garner,Everton,MID,Newcastle United,False,2026-11-02 20:00:00+00:00,6,0.2,a,1,0.8939,0.04416,0.1294,0.1791,0.1398,0.7934,3.173,3
9,242,George,Everton,MID,Newcastle United,False,2026-11-02 20:00:00+00:00,5.5,0.9,a,1,0.5606,0.06377,0.135,0.1123,0.1383,0.07533,2.61,4.7
9,243,Alcaraz,Everton,MID,Newcastle United,False,2026-11-02 20:00:00+00:00,4.9,0.1,a,1,0,0.002201,0.002288,0,0,0,0.2762,0
9,244,Armstrong,Everton,MID,Newcastle United,False,2026-11-02 20:00:00+00:00,5,0.4,a,1,0.7727,0.05217,0.09606,0.1548,0.1308,0.2999,2.407,2
9,245,Dibling,Everton,MID,Newcastle United,False,2026-11-02 20:00:00+00:00,5.4,0,a,1,0,0.007073,0.009189,0,0.002078,0,0.2771,0.3
9,246,Röhl,Everton,MID,Newcastle United,False,2026-11-02 20:00:00+00:00,4.9,0,i,1,0.6095,0.03504,0.05844,0.1221,0.09105,0.1405,1.773,0
9,247,Hackney,Everton,MID,Newcastle United,False,2026-11-02 20:00:00+00:00,5.4,0.2,a,1,0.1373,0.02401,0.02908,0.0275,0.00322,0.03689,1.412,2
9,248,Beto,Everton,FWD,Newcastle United,False,2026-11-02 20:00:00+00:00,5.4,0.6,u,0,0,0,0,0,0,0,0,0
9,249,Barry,Everton,FWD,Newcastle United,False,2026-11-02 20:00:00+00:00,5.7,8.3,a,1,0.8619,0.3942,0.05869,0.1727,0.578,0.003468,4.196,3.3
9,649,Maitland-Niles,Everton,DEF,Newcastle United,False,2026-11-02 20:00:00+00:00,4.5,1.4,a,1,0.7225,0.02694,0.07072,0.1447,0.1476,0.2338,2.66,7
9,654,Graham,Everton,MID,Newcastle United,False,2026-11-02 20:00:00+00:00,4.5,0.1,a,1,0,0,0,0,0,,,0
10,21,Nørgaard,Everton,MID,Coventry,True,2026-11-06 20:00:00+00:00,4.8,0,i,0,0,0,0,0,0,,,0
10,209,Johnson,Everton,MID,Coventry,True,2026-11-06 20:00:00+00:00,5.9,0.1,a,1,0.6036,0.09543,0.05776,0.2481,0.145,0.04635,2.454,2.3
10,226,Pickford,Everton,GKP,Coventry,True,2026-11-06 20:00:00+00:00,5.5,9.1,a,1,1,0,0.01007,0.411,0.2315,0,3.912,5
10,227,Travers,Everton,GKP,Coventry,True,2026-11-06 20:00:00+00:00,5,0,a,1,0,0,0,0,0,0,0,0
10,228,King,Everton,GKP,Coventry,True,2026-11-06 20:00:00+00:00,4.5,0,a,1,0,0,0,0,0,0,0,0
10,229,Tarkowski,Everton,DEF,Coventry,True,2026-11-06 20:00:00+00:00,6.2,16.5,a,1,1,0.08045,0.08482,0.411,0.3723,1.118,5.545,8.3
10,230,Branthwaite,Everton,DEF,Coventry,True,2026-11-06 20:00:00+00:00,5.5,2.4,a,1,0.7727,0.04456,0.03767,0.3176,0.2504,0.7135,3.977,5.7
10,231,Keane,Everton,DEF,Coventry,True,2026-11-06 20:00:00+00:00,4.8,0.7,a,1,0.2273,0.0306,0.005878,0.0934,0.08732,0.2158,1.279,0
10,232,O'Brien,Everton,DEF,Coventry,True,2026-11-06 20:00:00+00:00,4.8,0.3,a,1,0.2273,0.01256,0.009685,0.0934,0.06253,0.08244,1.25,0.7
10,233,Mykolenko,Everton,DEF,Coventry,True,2026-11-06 20:00:00+00:00,4.6,4.2,a,1,1,0.01937,0.05345,0.411,0.2893,0.515,4.213,5.7
10,234,Patterson,Everton,DEF,Coventry,True,2026-11-06 20:00:00+00:00,4.5,0,u,0,0,0,0,0,0,0,0,0
10,235,Aznou,Everton,DEF,Coventry,True,2026-11-06 20:00:00+00:00,4,0.1,u,0,0,0,0,0,0,,,0
10,236,Dewsbury-Hall,Everton,MID,Coventry,True,2026-11-06 20:00:00+00:00,6.6,6,a,1,1,0.2015,0.2832,0.411,0.4089,0.27,4.769,2.3
10,238,Grealish,Everton,MID,Coventry,True,2026-11-06 20:00:00+00:00,6.5,0.5,a,1,0.2121,0.04541,0.07959,0.08718,0.07676,0.01754,1.506,1.7
10,239,Garner,Everton,MID,Coventry,True,2026-11-06 20:00:00+00:00,6,0.2,a,1,0.8939,0.05664,0.166,0.3674,0.1666,0.7934,3.56,3
10,242,George,Everton,MID,Coventry,True,2026-11-06 20:00:00+00:00,5.5,0.9,a,1,0.5606,0.08179,0.1731,0.2304,0.1749,0.07533,2.97,4.7
10,243,Alcaraz,Everton,MID,Coventry,True,2026-11-06 20:00:00+00:00,4.9,0.1,a,1,0,0.002823,0.002935,0,0,0,0.2813,0
10,244,Armstrong,Everton,MID,Coventry,True,2026-11-06 20:00:00+00:00,5,0.4,a,1,0.7727,0.06691,0.1232,0.3176,0.1566,0.2999,2.751,2
10,245,Dibling,Everton,MID,Coventry,True,2026-11-06 20:00:00+00:00,5.4,0,a,1,0,0.009072,0.01179,0,0.00577,0,0.2986,0.3
10,246,Röhl,Everton,MID,Coventry,True,2026-11-06 20:00:00+00:00,4.9,0,i,1,0.6095,0.04494,0.07495,0.2505,0.107,0.1405,2.017,0
10,247,Hackney,Everton,MID,Coventry,True,2026-11-06 20:00:00+00:00,5.4,0.2,a,1,0.1373,0.03079,0.0373,0.05641,0.01456,0.03689,1.511,2
10,248,Beto,Everton,FWD,Coventry,True,2026-11-06 20:00:00+00:00,5.4,0.6,u,0,0,0,0,0,0,0,0,0
10,249,Barry,Everton,FWD,Coventry,True,2026-11-06 20:00:00+00:00,5.7,8.3,a,1,0.8619,0.5056,0.07527,0.3542,0.74,0.003468,4.854,3.3
10,649,Maitland-Niles,Everton,DEF,Coventry,True,2026-11-06 20:00:00+00:00,4.5,1.4,a,1,0.7225,0.03456,0.09071,0.2969,0.2597,0.2338,3.716,7
10,654,Graham,Everton,MID,Coventry,True,2026-11-06 20:00:00+00:00,4.5,0.1,a,1,0,0,0,0,0,,,0
10,91,Pinnock,Coventry,DEF,Everton,False,2026-11-06 20:00:00+00:00,4.5,0.1,a,1,0.5405,0.01675,0.01517,0.1045,0.0799,0.6498,2.027,4.3
10,104,Onyeka,Coventry,MID,Everton,False,2026-11-06 20:00:00+00:00,4.9,0.1,a,1,0.6466,0.02933,0.0388,0.125,0.07609,,,2.3
10,110,Rushworth,Coventry,GKP,Everton,False,2026-11-06 20:00:00+00:00,4.5,0.8,a,1,0.7727,0,0.02692,0.1493,0.09032,0,2.086,4.3
10,171,Dovin,Coventry,GKP,Everton,False,2026-11-06 20:00:00+00:00,4,1,u,0,0,0,0,0,0,0,0,0
10,172,Wilson,Coventry,GKP,Everton,False,2026-11-06 20:00:00+00:00,4.4,0.4,a,1,0,0,0,0,0,0,0,0
10,173,Thomas,Coventry,DEF,Everton,False,2026-11-06 20:00:00+00:00,4,8.5,a,1,1,0.04686,0.08394,0.1932,0.209,0.9522,3.9,4.3
10,174,Kitching,Coventry,DEF,Everton,False,2026-11-06 20:00:00+00:00,4,0.3,u,0,0,0,0,0,0,0,0,0
10,175,van Ewijk,Coventry,DEF,Everton,False,2026-11-06 20:00:00+00:00,4,8.7,d,1,0.7255,0.01569,0.0332,0.1402,0.1138,0.375,2.078,0.8
10,176,Dasilva,Coventry,DEF,Everton,False,2026-11-06 20:00:00+00:00,4,0.7,a,1,1,0.05745,0.07031,0.1932,0.2099,0.2022,3.167,5.7
10,177,Kesler-Hayden,Coventry,DEF,Everton,False,2026-11-06 20:00:00+00:00,3.9,0,i,0,0,0,0,0,0,0,0,0
10,178,Bidwell,Coventry,DEF,Everton,False,2026-11-06 20:00:00+00:00,4,0.1,a,1,0,0,0,0,0,0,0,0
10,179,Latibeaudiere,Coventry,DEF,Everton,False,2026-11-06 20:00:00+00:00,4,0,a,1,0,0.0001316,0.0001446,0,0,0,0.274,0.3
10,180,Woolfenden,Coventry,DEF,Everton,False,2026-11-06 20:00:00+00:00,4,0.1,i,0,0,0,0,0,0,0,0,0
10,181,Brau,Coventry,DEF,Everton,False,2026-11-06 20:00:00+00:00,4,0,u,0,0,0,0,0,0,0,0,0
10,182,Amenda,Coventry,DEF,Everton,False,2026-11-06 20:00:00+00:00,4,0.6,i,0,0,0,0,0,0,0,0,0
10,183,Rudoni,Coventry,MID,Everton,False,2026-11-06 20:00:00+00:00,4.9,0.1,a,1,0.8627,0.1406,0.08868,0.1667,0.2368,0.379,3.614,3
10,184,Grimes,Coventry,MID,Everton,False,2026-11-06 20:00:00+00:00,4.9,0.1,a,1,1,0.04729,0.05703,0.1932,0.1186,0.1344,2.854,2.3
10,185,Sakamoto,Coventry,MID,Everton,False,2026-11-06 20:00:00+00:00,4.8,0.1,a,1,0,0.004754,0.004709,0,0,0,0.2011,0
10,186,Mason-Clark,Coventry,MID,Everton,False,2026-11-06 20:00:00+00:00,5.3,0.1,a,1,0.1941,0.04855,0.04579,0.03751,0.05334,0.05217,1.58,1.3
10,187,Eccles,Coventry,MID,Everton,False,2026-11-06 20:00:00+00:00,4.8,0,i,1,0,0,0,0,0,0,0,0
10,188,Torp,Coventry,MID,Everton,False,2026-11-06 20:00:00+00:00,5.3,0.1,a,1,0,0.007264,0.01524,0,0,0,0.6134,0.3
10,189,Shepherd,Coventry,MID,Everton,False,2026-11-06 20:00:00+00:00,4.4,0.3,a,1,0,0,0,0,0,0,0,0
10,190,Tchaouna,Coventry,MID,Everton,False,2026-11-06 20:00:00+00:00,5.4,0.1,a,1,0.3333,0.04479,0.05367,0.06442,0.06643,0.06917,1.74,0.7
10,191,Borges Rodrigues,Coventry,MID,Everton,False,2026-11-06 20:00:00+00:00,4.5,0.1,u,0,0,0,0,0,0,0,0,0
10,192,Andrews,Coventry,MID,Everton,False,2026-11-06 20:00:00+00:00,4.5,0.3,u,0,0,0,0,0,0,0,0,0
10,193,Wright,Coventry,FWD,Everton,False,2026-11-06 20:00:00+00:00,5.3,0.1,i,0,0,0,0,0,0,0,0,0
10,194,Thomas-Asante,Coventry,FWD,Everton,False,2026-11-06 20:00:00+00:00,5,0.8,a,1,0.4118,0.08638,0.03014,0.07958,0.1219,0.1705,2.14,2
10,195,Simms,Coventry,FWD,Everton,False,2026-11-06 20:00:00+00:00,4.9,0.6,a,1,0.1373,0.04696,0.01404,0.02653,0.05955,0.002416,1.035,0.7
10,196,Markelo,Coventry,FWD,Everton,False,2026-11-06 20:00:00+00:00,5,0,u,0,0,0,0,0,0,0,0,0
10,197,Bassette,Coventry,FWD,Everton,False,2026-11-06 20:00:00+00:00,4.5,0,u,0,0,0,0,0,0,0,0,0
10,492,Awoniyi,Coventry,FWD,Everton,False,2026-11-06 20:00:00+00:00,5.4,0.4,s,1,0.3392,0.1613,0.05221,0.06555,0.2333,0.00398,2.077,0
10,575,Yirenkyi,Coventry,MID,Everton,False,2026-11-06 20:00:00+00:00,4.8,0.1,a,1,0.575,0.03395,0.0494,0.1111,0.0624,0.103,2.032,1.7
10,584,Hamer,Coventry,MID,Everton,False,2026-11-06 20:00:00+00:00,5.4,0.1,a,1,0,0.004619,0.004816,0,0,0,0.5322,0.3
10,599,Cherif,Coventry,FWD,Everton,False,2026-11-06 20:00:00+00:00,5,0.1,a,1,0,0.01352,0.005689,0,0.01407,0,0.316,0.3
10,623,Bentley,Coventry,GKP,Everton,False,2026-11-06 20:00:00+00:00,4,0.6,a,1,0.1381,0,0.001093,0.02668,0.01883,0,0.3292,0
10,655,Gboho,Coventry,MID,Everton,False,2026-11-06 20:00:00+00:00,5.5,0,a,1,0,0,0,0,0,0,0,0
10,656,Mfuni,Coventry,DEF,Everton,False,2026-11-06 20:00:00+00:00,4,0.1,a,1,0.2121,0.007849,0.00868,0.041,0.03578,,,3
10,260,Wilson,Leeds,MID,Tottenham,True,2026-11-07 12:30:00+00:00,6.2,1.7,i,0,0,0,0,0,0,0,0,0
10,326,Perri,Leeds,GKP,Tottenham,True,2026-11-07 12:30:00+00:00,4.5,0.3,u,0,0,0,0,0,0,0,0,0
10,327,Bijol,Leeds,DEF,Tottenham,True,2026-11-07 12:30:00+00:00,5,0.7,a,1,0.3333,0.01827,0.03928,0.1164,0.1044,0.336,1.857,0.3
10,329,Rodon,Leeds,DEF,Tottenham,True,2026-11-07 12:30:00+00:00,4.3,0.8,i,0,0,0,0,0,0,0,0,0
10,330,Bogle,Leeds,DEF,Tottenham,True,2026-11-07 12:30:00+00:00,4.6,7.2,a,1,0.8619,0.07242,0.09838,0.301,0.3103,0.1327,3.525,11.3
10,331,Gudmundsson,Leeds,DEF,Tottenham,True,2026-11-07 12:30:00+00:00,4.5,0.1,a,1,0.5405,0.01547,0.05933,0.1887,0.1632,0.09778,2.213,4.7
10,332,Justin,Leeds,DEF,Tottenham,True,2026-11-07 12:30:00+00:00,4.5,1.4,a,1,1,0.09733,0.1702,0.3492,0.4131,0.5343,5.132,4.7
10,333,Bornauw,Leeds,DEF,Tottenham,True,2026-11-07 12:30:00+00:00,4.5,0,u,0,0,0,0,0,0,0,0,0
10,334,Muharemović,Leeds,DEF,Tottenham,True,2026-11-07 12:30:00+00:00,5,4.3,a,1,1,0.08158,0.1253,0.3492,0.3655,0.9522,5.273,5.7
10,335,Stach,Leeds,MID,Tottenham,True,2026-11-07 12:30:00+00:00,6,2.5,a,1,0.9108,0.1441,0.2499,0.318,0.3218,0.7234,4.655,3.3
10,336,Okafor,Leeds,MID,Tottenham,True,2026-11-07 12:30:00+00:00,5.8,0.4,a,1,0.6667,0.1344,0.08097,0.2328,0.2173,0.04479,2.849,5
10,337,Aaronson,Leeds,MID,Tottenham,True,2026-11-07 12:30:00+00:00,5.3,0.5,a,1,0.2583,0.08307,0.1125,0.0902,0.1245,0.05848,2.195,1
10,338,Ampadu,Leeds,MID,Tottenham,True,2026-11-07 12:30:00+00:00,5.4,0.9,a,1,1,0.05771,0.07367,0.3492,0.1344,1.023,3.927,4.7
10,339,Longstaff,Leeds,MID,Tottenham,True,2026-11-07 12:30:00+00:00,4.9,0.1,a,1,0,0.007581,0.01195,0,0,0,0.4963,0.3
10,341,Gnonto,Leeds,MID,Tottenham,True,2026-11-07 12:30:00+00:00,5,0,u,0,0,0,0,0,0,0,0,0
10,342,Harrison,Leeds,MID,Tottenham,True,2026-11-07 12:30:00+00:00,5,0,u,0,0,0,0,0,0,0,0,0
10,343,James,Leeds,MID,Tottenham,True,2026-11-07 12:30:00+00:00,4.9,0.1,a,1,0.06307,0.04149,0.03246,0.02202,0.03301,0.01507,1.182,0.7
10,344,Gruev,Leeds,MID,Tottenham,True,2026-11-07 12:30:00+00:00,5,0,a,1,0,0,0,0,0,0,0,0
10,345,Tanaka,Leeds,MID,Tottenham,True,2026-11-07 12:30:00+00:00,4.9,0.3,a,1,0.6928,0.1064,0.1282,0.2419,0.2011,0.2353,2.97,4.3
10,346,Calvert-Lewin,Leeds,FWD,Tottenham,True,2026-11-07 12:30:00+00:00,6,24.8,a,1,1,0.567,0.0687,0.3492,0.8295,0.003061,4.797,4.3
10,347,Nmecha,Leeds,FWD,Tottenham,True,2026-11-07 12:30:00+00:00,5.4,0.5,a,1,0.08919,0.1601,0.09088,0.03114,0.2268,0.0008373,2.124,1
10,348,Piroe,Leeds,FWD,Tottenham,True,2026-11-07 12:30:00+00:00,5,0.1,u,0,0,0,0,0,0,0,0,0
10,349,Mateo Joseph,Leeds,FWD,Tottenham,True,2026-11-07 12:30:00+00:00,4.5,0.1,i,0,0,0,0,0,0,,,0
10,385,Trafford,Leeds,GKP,Tottenham,True,2026-11-07 12:30:00+00:00,5,5.5,a,1,0.8619,0,0.00505,0.301,0.2918,0,3.467,5.3
10,598,Elvedi,Leeds,DEF,Tottenham,True,2026-11-07 12:30:00+00:00,4.5,0.1,a,1,0.6995,0.04419,0.1481,0.2442,0.2818,0.4218,3.707,4
10,603,Lienou,Leeds,DEF,Tottenham,True,2026-11-07 12:30:00+00:00,4,0.1,a,1,0,0,0,0,0,,,0
10,604,Cresswell,Leeds,MID,Tottenham,True,2026-11-07 12:30:00+00:00,4.5,0.1,a,1,0,0,0,0,0,,,0
10,625,Cairns,Leeds,GKP,Tottenham,True,2026-11-07 12:30:00+00:00,4,0.2,a,1,0,0,0,0,0,0,0,0
10,629,Zetterer,Leeds,GKP,Tottenham,True,2026-11-07 12:30:00+00:00,4,0.7,a,1,0,0,0,0,0,0,0,0
10,641,Bard,Leeds,DEF,Tottenham,True,2026-11-07 12:30:00+00:00,4.5,0,a,1,0,0.005102,0.006852,0,0.00185,0,0.3628,0.3
10,648,Bahoya,Leeds,MID,Tottenham,True,2026-11-07 12:30:00+00:00,5,0,a,1,0,0.0007334,0.0007399,0,0,0,0.3984,0.3
10,112,Van Hecke,Tottenham,DEF,Leeds,False,2026-11-07 12:30:00+00:00,4.9,6.5,d,1,1,0.07613,0.02802,0.1763,0.1883,0.6392,3.236,5.5
10,147,Tosin,Tottenham,DEF,Leeds,False,2026-11-07 12:30:00+00:00,4.4,0.1,a,1,0,0.0002136,0.0004597,0,0,0,0.1748,0.3
10,401,Marmoush,Tottenham,FWD,Leeds,False,2026-11-07 12:30:00+00:00,7,2.1,a,1,0.7297,0.1438,0.07524,0.1286,0.2345,0.005408,2.575,2
10,403,Sávio,Tottenham,MID,Leeds,False,2026-11-07 12:30:00+00:00,6.5,0.7,a,1,0.6928,0.1064,0.09306,0.1221,0.1947,0.08275,2.671,2.7
10,455,Tonali,Tottenham,MID,Leeds,False,2026-11-07 12:30:00+00:00,5.3,1.8,a,1,0.8358,0.03495,0.08294,0.1473,0.1068,0.275,2.699,3.3
10,494,Vicario,Tottenham,GKP,Leeds,False,2026-11-07 12:30:00+00:00,4.5,0.1,u,0,0,0,0,0,0,0,0,0
10,495,Austin,Tottenham,GKP,Leeds,False,2026-11-07 12:30:00+00:00,4,1,a,1,0,0,0,0,0,0,0,0
10,496,Kinsky,Tottenham,GKP,Leeds,False,2026-11-07 12:30:00+00:00,4.5,17.3,a,1,1,0,0.005735,0.1763,0.1686,0,2.743,5
10,497,Dubravka,Tottenham,GKP,Leeds,False,2026-11-07 12:30:00+00:00,4,17.1,a,1,0,0,0,0,0,0,0,0
10,498,Senesi,Tottenham,DEF,Leeds,False,2026-11-07 12:30:00+00:00,5.8,3.5,a,1,0.3333,0.009989,0.02536,0.05876,0.05886,0.4388,1.327,0
10,499,Pedro Porro,Tottenham,DEF,Leeds,False,2026-11-07 12:30:00+00:00,5.4,7.6,d,1,0.5034,0.02455,0.06416,0.08875,0.1115,0.2362,1.782,2
10,500,Romero,Tottenham,DEF,Leeds,False,2026-11-07 12:30:00+00:00,5,0.1,u,0,0,0,0,0,0,0,0,0
10,502,Robertson,Tottenham,DEF,Leeds,False,2026-11-07 12:30:00+00:00,4.4,2.5,a,1,0.7119,0.03147,0.07832,0.1255,0.1493,0.224,2.423,4
10,503,Van de Ven,Tottenham,DEF,Leeds,False,2026-11-07 12:30:00+00:00,5,3.8,a,1,0.8939,0.05851,0.02531,0.1576,0.159,0.1757,2.42,5.3
10,505,Spence,Tottenham,DEF,Leeds,False,2026-11-07 12:30:00+00:00,4.5,0.2,u,0,0,0,0,0,0,0,0,0
10,506,Udogie,Tottenham,DEF,Leeds,False,2026-11-07 12:30:00+00:00,4.4,0.3,a,1,0.3773,0.007194,0.0231,0.06651,0.05287,0.05813,1.039,1.7
10,507,Phillips,Tottenham,DEF,Leeds,False,2026-11-07 12:30:00+00:00,4.5,0,u,0,0,0,0,0,0,,,0
10,508,Davies,Tottenham,DEF,Leeds,False,2026-11-07 12:30:00+00:00,3.9,0.9,a,1,0,0,0,0,0,0,0,0
10,509,Byfield,Tottenham,DEF,Leeds,False,2026-11-07 12:30:00+00:00,4,0.1,a,1,0,0,0,0,0,,,0
10,510,Rowswell,Tottenham,DEF,Leeds,False,2026-11-07 12:30:00+00:00,4,0.1,a,1,0,0,0,0,0,,,0
10,511,Souza,Tottenham,DEF,Leeds,False,2026-11-07 12:30:00+00:00,4,0.2,u,0,0,0,0,0,0,,,0
10,512,Kudus,Tottenham,MID,Leeds,False,2026-11-07 12:30:00+00:00,6.5,0.2,a,1,0,0.02668,0.04104,0,0.01777,0,0.9409,2
10,513,Xavi,Tottenham,MID,Leeds,False,2026-11-07 12:30:00+00:00,5.9,0,i,0,0,0,0,0,0,0,0,0
10,514,Tel,Tottenham,MID,Leeds,False,2026-11-07 12:30:00+00:00,5.7,0.2,a,1,0.6095,0.06889,0.09123,0.1074,0.1395,0.0546,2.317,1.3
10,515,Maddison,Tottenham,MID,Leeds,False,2026-11-07 12:30:00+00:00,6.3,0.4,a,1,0,0.02447,0.01176,0,0,,,0.7
10,516,Bentancur,Tottenham,MID,Leeds,False,2026-11-07 12:30:00+00:00,5.5,0.2,a,1,0.8939,0.03532,0.03738,0.1576,0.08604,0.9233,3.35,4
10,517,Odobert,Tottenham,MID,Leeds,False,2026-11-07 12:30:00+00:00,5.5,0,i,0,0,0,0,0,0,0,0,0
10,518,P.M.Sarr,Tottenham,MID,Leeds,False,2026-11-07 12:30:00+00:00,4.9,0.1,u,0,0,0,0,0,0,0,0,0
10,519,Gallagher,Tottenham,MID,Leeds,False,2026-11-07 12:30:00+00:00,5.3,0.2,a,1,0.3773,0.04111,0.02637,0.06651,0.05944,0.1105,1.488,3
10,520,Bergvall,Tottenham,MID,Leeds,False,2026-11-07 12:30:00+00:00,5.3,0.1,a,1,0,0.01351,0.007554,0,0,0,0.6499,0.7
10,521,Kulusevski,Tottenham,MID,Leeds,False,2026-11-07 12:30:00+00:00,6.5,0,i,0,0,0,0,0,0,,,0
10,522,Gray,Tottenham,MID,Leeds,False,2026-11-07 12:30:00+00:00,4.9,0.2,a,1,0.6227,0.04627,0.0449,0.1098,0.09476,0.04617,1.951,1.7
10,523,Moore,Tottenham,MID,Leeds,False,2026-11-07 12:30:00+00:00,5,0.1,u,0,0,0,0,0,0,,,0
10,524,Olusesi,Tottenham,MID,Leeds,False,2026-11-07 12:30:00+00:00,4.4,1,a,1,0,0,0,0,0,,,0
10,525,Fernandes,Tottenham,MID,Leeds,False,2026-11-07 12:30:00+00:00,5.7,0.8,a,1,0.5318,0.03317,0.07541,0.09375,0.07036,0.3886,2.327,1.3
10,526,Solanke,Tottenham,FWD,Leeds,False,2026-11-07 12:30:00+00:00,5.8,0.8,a,1,0.3905,0.07353,0.02137,0.06885,0.1066,0.002749,1.631,1.7
10,527,Richarlison,Tottenham,FWD,Leeds,False,2026-11-07 12:30:00+00:00,5.9,0.6,u,0,0,0,0,0,0,0,0,0
10,528,Scarlett,Tottenham,FWD,Leeds,False,2026-11-07 12:30:00+00:00,4.5,1.1,u,0,0,0,0,0,0,,,0
10,578,Mudryk,Tottenham,MID,Leeds,False,2026-11-07 12:30:00+00:00,5.3,0,i,0,0,0,0,0,0,,,0
10,601,Williams-Barnett,Tottenham,MID,Leeds,False,2026-11-07 12:30:00+00:00,4.5,0.1,a,1,0,0,0,0,0,,,0
10,405,N.Gonzalez,Newcastle United,MID,Fulham,False,2026-11-07 15:00:00+00:00,5.5,0.2,a,1,0.3653,0.01459,0.0206,0.07975,0.0304,0.2185,1.246,1
10,442,Pope,Newcastle United,GKP,Fulham,False,2026-11-07 15:00:00+00:00,4.9,0.9,a,1,0.2273,0.06864,0.0466,0.04961,0.3024,0,1.52,0
10,443,Gillespie,Newcastle United,GKP,Fulham,False,2026-11-07 15:00:00+00:00,4.5,0,a,1,0,0,0,0,0,0,0,0
10,444,Jaouen,Newcastle United,GKP,Fulham,False,2026-11-07 15:00:00+00:00,4.4,0,d,1,0,0,0,0,0,0,0,0
10,445,Thiaw,Newcastle United,DEF,Fulham,False,2026-11-07 15:00:00+00:00,5,2.2,a,1,1,0.1175,0.03097,0.2183,0.2564,0.8174,4.222,1.7
10,446,Schär,Newcastle United,DEF,Fulham,False,2026-11-07 15:00:00+00:00,4.9,0.2,a,1,0,0.003497,0.002527,0,0,0,0.3166,0.3
10,447,Botman,Newcastle United,DEF,Fulham,False,2026-11-07 15:00:00+00:00,5,0.7,a,1,1,0.0569,0.06649,0.2183,0.2215,1.034,4.021,2.3
10,448,Burn,Newcastle United,DEF,Fulham,False,2026-11-07 15:00:00+00:00,4.8,0.7,i,1,0.1523,0.008026,0.005858,0.03324,0.02822,0.1179,0.6418,0
10,449,Hall,Newcastle United,DEF,Fulham,False,2026-11-07 15:00:00+00:00,5.3,17.3,a,1,1,0.05404,0.1308,0.2183,0.2643,0.6471,3.904,5.7
10,450,Livramento,Newcastle United,DEF,Fulham,False,2026-11-07 15:00:00+00:00,4.9,0.1,d,1,0,0.001796,0.003789,0,0,0,0.1381,1
10,451,A.Murphy,Newcastle United,DEF,Fulham,False,2026-11-07 15:00:00+00:00,4,0.1,u,0,0,0,0,0,0,,,0
10,453,Barnes,Newcastle United,MID,Fulham,False,2026-11-07 15:00:00+00:00,6.1,5.7,a,1,0.8477,0.2309,0.1307,0.185,0.366,0.05361,3.999,7.7
10,454,Elanga,Newcastle United,MID,Fulham,False,2026-11-07 15:00:00+00:00,6.1,4.5,i,0,0,0,0,0,0,0,0,0
10,456,J.Ramsey,Newcastle United,MID,Fulham,False,2026-11-07 15:00:00+00:00,4.9,0.2,i,0,0,0,0,0,0,0,0,0
10,457,J.Murphy,Newcastle United,MID,Fulham,False,2026-11-07 15:00:00+00:00,5.9,0.1,a,1,0.2752,0.05513,0.1144,0.06007,0.09354,0.02367,1.575,0.7
10,458,Joelinton,Newcastle United,MID,Fulham,False,2026-11-07 15:00:00+00:00,5.4,0,i,0,0,0,0,0,0,0,0,0
10,459,L.Miley,Newcastle United,MID,Fulham,False,2026-11-07 15:00:00+00:00,5.5,0.1,a,1,0.7727,0.04268,0.08604,0.1687,0.1185,0.5023,2.7,2
10,460,Willock,Newcastle United,MID,Fulham,False,2026-11-07 15:00:00+00:00,5,0.6,a,1,0.5775,0.109,0.1312,0.1261,0.1966,0.06208,2.838,4.3
10,461,Touré,Newcastle United,MID,Fulham,False,2026-11-07 15:00:00+00:00,5.8,0.1,a,1,0,0.02022,0.0174,0,0,0,0.8219,2.3
10,462,Steur,Newcastle United,MID,Fulham,False,2026-11-07 15:00:00+00:00,4.9,0.1,a,1,0.5054,0.09311,0.0565,0.1103,0.1323,0.1087,2.492,2
10,463,Woltemade,Newcastle United,FWD,Fulham,False,2026-11-07 15:00:00+00:00,5.9,0.5,u,0,0,0,0,0,0,0,0,0
10,464,Wissa,Newcastle United,FWD,Fulham,False,2026-11-07 15:00:00+00:00,6.2,18.7,a,1,0.7727,0.3418,0.1033,0.1687,0.5134,0.00544,3.623,1
10,465,Osula,Newcastle United,FWD,Fulham,False,2026-11-07 15:00:00+00:00,5.8,0.3,i,0,0,0,0,0,0,0,0,0
10,466,Neave,Newcastle United,FWD,Fulham,False,2026-11-07 15:00:00+00:00,4.5,0.5,u,0,0,0,0,0,0,,,0
10,559,Bamba,Newcastle United,MID,Fulham,False,2026-11-07 15:00:00+00:00,4.9,0.1,a,1,0,0.007202,0.00735,0,0,0,0.7007,0.7
10,567,Horníček,Newcastle United,GKP,Fulham,False,2026-11-07 15:00:00+00:00,5,1.5,a,1,1,0,0.006294,0.2183,0.3467,0,3.503,2
10,593,Dedić,Newcastle United,DEF,Fulham,False,2026-11-07 15:00:00+00:00,4.5,1.8,i,0,0,0,0,0,0,0,0,0
10,609,Shahar,Newcastle United,DEF,Fulham,False,2026-11-07 15:00:00+00:00,4,0.2,u,0,0,0,0,0,0,,,0
10,634,Fernandez-Pardo,Newcastle United,FWD,Fulham,False,2026-11-07 15:00:00+00:00,6,0.1,a,1,0.3925,0.1336,0.06199,0.08567,0.1949,0.006908,2.315,1.3
10,659,Miley,Newcastle United,MID,Fulham,False,2026-11-07 15:00:00+00:00,4.5,0,a,1,0,0,0,0,0,0,0,0
10,663,Pivas,Newcastle United,DEF,Fulham,False,2026-11-07 15:00:00+00:00,4,0,a,1,0,0,0,0,0,,,1.1
10,664,Salia,Newcastle United,FWD,Fulham,False,2026-11-07 15:00:00+00:00,4.5,0.1,a,1,0,0,0,0,0,0,0,1
10,665,Mills,Newcastle United,MID,Fulham,False,2026-11-07 15:00:00+00:00,4.5,0,a,1,0,0,0,0,0,0,0,1.1
10,666,Thompson,Newcastle United,MID,Fulham,False,2026-11-07 15:00:00+00:00,4.5,0,a,1,0,0,0,0,0,0,0,1.1
10,250,Leno,Fulham,GKP,Newcastle United,True,2026-11-07 15:00:00+00:00,4.5,3.4,a,1,1,0,0.002092,0.2424,0.2625,0,3.434,4.3
10,251,Lecomte,Fulham,GKP,Newcastle United,True,2026-11-07 15:00:00+00:00,4,1.1,a,1,0,0,0,0,0,0,0,0
10,252,McNally,Fulham,GKP,Newcastle United,True,2026-11-07 15:00:00+00:00,4,0.1,u,0,0,0,0,0,0,0,0,0
10,253,Andersen,Fulham,DEF,Newcastle United,True,2026-11-07 15:00:00+00:00,5,0.2,a,1,0.2761,0.01783,0.0143,0.06695,0.05758,0.2912,1.309,0.7
10,254,Robinson,Fulham,DEF,Newcastle United,True,2026-11-07 15:00:00+00:00,4.5,1.5,a,1,1,0.07085,0.09223,0.2424,0.268,0.3511,3.68,3
10,255,J.Cuenca,Fulham,DEF,Newcastle United,True,2026-11-07 15:00:00+00:00,4.5,0,a,1,0.1061,0.003256,0.01293,0.02571,0.02424,0.1251,0.4706,0
10,256,Tete,Fulham,DEF,Newcastle United,True,2026-11-07 15:00:00+00:00,4.4,0.2,a,1,0,0.002594,0.003919,0,0.0009901,0,0.002988,0
10,257,Bassey,Fulham,DEF,Newcastle United,True,2026-11-07 15:00:00+00:00,4.5,0.7,a,1,1,0.04404,0.02966,0.2424,0.1968,0.4372,3.378,4.3
10,258,Castagne,Fulham,DEF,Newcastle United,True,2026-11-07 15:00:00+00:00,4.5,0.9,a,1,1,0.08734,0.1109,0.2424,0.2976,0.2067,3.575,2.7
10,261,Iwobi,Fulham,MID,Newcastle United,True,2026-11-07 15:00:00+00:00,5.4,0.7,a,1,0.9369,0.09368,0.1889,0.2271,0.2347,0.08837,3.459,3.3
10,262,Smith Rowe,Fulham,MID,Newcastle United,True,2026-11-07 15:00:00+00:00,5.3,0.2,a,1,0.1642,0.04356,0.02709,0.03981,0.04489,0.01412,1.244,0.7
10,263,Kevin,Fulham,MID,Newcastle United,True,2026-11-07 15:00:00+00:00,5.3,0,a,1,0,0.02928,0.03242,0,0.007403,0,1.101,0.7
10,264,Bobb,Fulham,MID,Newcastle United,True,2026-11-07 15:00:00+00:00,5.5,0.3,a,1,0.9369,0.08235,0.1605,0.2271,0.204,0.07748,3.339,2.7
10,265,Berge,Fulham,MID,Newcastle United,True,2026-11-07 15:00:00+00:00,4.9,0.3,a,1,0.7119,0.04188,0.08039,0.1726,0.1007,0.184,2.557,2.3
10,266,Cairney,Fulham,MID,Newcastle United,True,2026-11-07 15:00:00+00:00,4.9,0,i,1,0.06307,0.01196,0.01343,0.01529,0.01848,0.01043,0.3596,0
10,268,King,Fulham,MID,Newcastle United,True,2026-11-07 15:00:00+00:00,5.5,2.6,a,1,0.7727,0.2006,0.1073,0.1873,0.3107,0.05729,3.378,5
10,269,Sessegnon,Fulham,DEF,Newcastle United,True,2026-11-07 15:00:00+00:00,4.3,0.3,a,1,0,0.007864,0.009161,0,0.004956,0,0.4291,0.3
10,270,Reed,Fulham,MID,Newcastle United,True,2026-11-07 15:00:00+00:00,4.4,1.1,a,1,0,0,0,0,0,0,0,0
10,271,Muniz,Fulham,FWD,Newcastle United,True,2026-11-07 15:00:00+00:00,5.4,0.4,a,1,0.2273,0.09791,0.03272,0.0551,0.1327,0.002133,1.451,0.7
10,272,Kusi-Asare,Fulham,FWD,Newcastle United,True,2026-11-07 15:00:00+00:00,4.5,5.4,a,1,0,0.001543,0.0007052,0,0.0006423,,,0
10,569,Gonzalo,Fulham,FWD,Newcastle United,True,2026-11-07 15:00:00+00:00,6,4,a,1,1,0.3966,0.1278,0.2424,0.6079,0.008801,4.587,2
10,570,Palacios,Fulham,MID,Newcastle United,True,2026-11-07 15:00:00+00:00,5.4,0.2,a,1,0.4946,0.1101,0.04392,0.1199,0.1579,0.08862,2.149,3
10,580,Charles,Fulham,MID,Newcastle United,True,2026-11-07 15:00:00+00:00,5,0.1,a,1,0.6995,0.05293,0.0729,0.1696,0.1064,0.5917,3.051,3.7
10,610,De Fougerolles,Fulham,DEF,Newcastle United,True,2026-11-07 15:00:00+00:00,4,0.1,u,0,0,0,0,0,0,0,0,0
10,626,Zepa,Fulham,MID,Newcastle United,True,2026-11-07 15:00:00+00:00,4.4,0.3,a,1,0,0,0,0,0,0,0,0
10,635,Larsson,Fulham,MID,Newcastle United,True,2026-11-07 15:00:00+00:00,5,0,a,1,0,0.02172,0.0184,0,0,0,1.164,1
10,636,Ángel,Fulham,MID,Newcastle United,True,2026-11-07 15:00:00+00:00,5,0,a,1,0,0,0,0,0,0,0,0
10,650,Affengruber,Fulham,DEF,Newcastle United,True,2026-11-07 15:00:00+00:00,4.5,0.1,a,1,0.7225,0.03264,0.04476,0.1752,0.1596,0.8118,3.105,4
10,1,Raya,Arsenal,GKP,Hull,True,2026-11-07 15:00:00+00:00,6.1,42.3,a,1,0.9108,0,0.004387,0.4455,0.1741,0,3.689,6
10,2,Arrizabalaga,Arsenal,GKP,Hull,True,2026-11-07 15:00:00+00:00,4.9,0.1,a,1,0.08919,0,0.0008981,0.04363,0.01828,0,0.3591,0
10,3,Meslier,Arsenal,GKP,Hull,True,2026-11-07 15:00:00+00:00,4.9,0,a,1,0,0,0,0,0,0,0,0
10,4,Gabriel,Arsenal,DEF,Hull,True,2026-11-07 15:00:00+00:00,8,22.7,a,1,0.9108,0.1593,0.08039,0.4455,0.4668,0.6581,5.57,4
10,5,J.Timber,Arsenal,DEF,Hull,True,2026-11-07 15:00:00+00:00,6.5,0.4,a,1,0,0.02676,0.02351,0,0.03372,0,0.6171,0.3
10,6,Saliba,Arsenal,DEF,Hull,True,2026-11-07 15:00:00+00:00,5.9,0.2,i,0,0,0,0,0,0,0,0,0
10,7,Lewis-Skelly,Arsenal,MID,Hull,True,2026-11-07 15:00:00+00:00,5.4,0.6,a,1,0.5345,0.02875,0.03663,0.2614,0.0525,0.0676,1.958,1
10,8,Calafiori,Arsenal,DEF,Hull,True,2026-11-07 15:00:00+00:00,5.8,50.5,a,1,0.8477,0.1236,0.09451,0.4147,0.4223,0.07838,4.889,3
10,9,Hincapie,Arsenal,DEF,Hull,True,2026-11-07 15:00:00+00:00,5.2,0.9,a,1,0.08919,0.0044,0.01698,0.04363,0.03317,0.06406,0.8329,0.3
10,10,White,Arsenal,DEF,Hull,True,2026-11-07 15:00:00+00:00,5.5,4.9,d,1,0.3822,0.01885,0.06209,0.187,0.1634,0.1053,2.24,0.8
10,11,Mosquera,Arsenal,DEF,Hull,True,2026-11-07 15:00:00+00:00,5.3,1.6,a,1,0.3964,0.01047,0.01962,0.1939,0.1332,0.1594,1.914,0
10,12,Saka,Arsenal,MID,Hull,True,2026-11-07 15:00:00+00:00,9.5,13.7,a,1,0.9108,0.3491,0.2564,0.4455,0.5733,0.2838,5.576,4
10,13,Rice,Arsenal,MID,Hull,True,2026-11-07 15:00:00+00:00,7.4,11.6,d,1,0.9108,0.07114,0.2082,0.4455,0.2081,0.6099,3.853,3
10,14,Eze,Arsenal,MID,Hull,True,2026-11-07 15:00:00+00:00,6.2,1,a,1,0.1381,0.05013,0.03213,0.06754,0.04341,0.01237,1.458,0.7
10,15,Ødegaard,Arsenal,MID,Hull,True,2026-11-07 15:00:00+00:00,6.8,19.8,a,1,0.8477,0.09849,0.3084,0.4147,0.2845,0.1303,4.006,5
10,16,Madueke,Arsenal,MID,Hull,True,2026-11-07 15:00:00+00:00,6.2,0.2,a,1,0.08919,0.01434,0.03397,0.04363,0.01937,0.01128,0.7454,0.3
10,17,Merino,Arsenal,MID,Hull,True,2026-11-07 15:00:00+00:00,5.7,0.4,a,1,0,0.05497,0.03251,0,0.03846,0,1.123,0.7
10,18,Martinelli,Arsenal,MID,Hull,True,2026-11-07 15:00:00+00:00,6.3,0.1,u,0,0,0,0,0,0,0,0,0
10,19,Zubimendi,Arsenal,MID,Hull,True,2026-11-07 15:00:00+00:00,5.3,0.6,a,1,0.08919,0.02478,0.01457,0.04363,0,0.03791,1.338,1
10,20,Dowman,Arsenal,MID,Hull,True,2026-11-07 15:00:00+00:00,5.3,0.1,a,1,0.08919,0.01457,0.01834,0.04363,0.01779,0.0274,0.6072,0.3
10,22,Nwaneri,Arsenal,MID,Hull,True,2026-11-07 15:00:00+00:00,5.4,0,u,0,0,0,0,0,0,0,0,0
10,23,Fábio Vieira,Arsenal,MID,Hull,True,2026-11-07 15:00:00+00:00,5.5,0,u,0,0,0,0,0,0,,,0
10,24,Nelson,Arsenal,MID,Hull,True,2026-11-07 15:00:00+00:00,5.5,0,u,0,0,0,0,0,0,,,0
10,25,Gyökeres,Arsenal,FWD,Hull,True,2026-11-07 15:00:00+00:00,7.1,3.1,a,1,0.06307,0.06761,0.02147,0.03085,0.0871,0.0003172,1.075,0.7
10,26,Havertz,Arsenal,FWD,Hull,True,2026-11-07 15:00:00+00:00,7.6,8.3,d,1,0.8477,0.3785,0.1576,0.4147,0.5869,0.005684,4.174,2.8
10,27,G.Jesus,Arsenal,FWD,Hull,True,2026-11-07 15:00:00+00:00,5.9,0.1,u,0,0,0,0,0,0,0,0,0
10,31,Konsa,Arsenal,DEF,Hull,True,2026-11-07 15:00:00+00:00,4.6,19.4,a,1,0.6786,0.02776,0.02289,0.3319,0.2297,0.1953,3.355,3.7
10,452,Bruno G.,Arsenal,MID,Hull,True,2026-11-07 15:00:00+00:00,6.7,1.8,a,1,0.2273,0.09559,0.08347,0.1112,0.136,0.08368,1.941,2.7
10,557,Tzolis,Arsenal,MID,Hull,True,2026-11-07 15:00:00+00:00,6.3,12.2,a,1,0.8368,0.07578,0.2035,0.4093,0.2014,0.1285,3.208,3.3
10,240,Iroegbunam,Hull,MID,Arsenal,False,2026-11-07 15:00:00+00:00,5,0,a,1,0.2273,0.01214,0.02373,0.03718,0.00724,0.1668,1.061,0.3
10,273,Phillips,Hull,GKP,Arsenal,False,2026-11-07 15:00:00+00:00,4,1.4,a,1,0,0,0,0,0,0,0,0
10,274,Butland,Hull,GKP,Arsenal,False,2026-11-07 15:00:00+00:00,4.4,0.1,i,0,0,0,0,0,0,0,0,0
10,275,Cartwright,Hull,GKP,Arsenal,False,2026-11-07 15:00:00+00:00,4,0,u,0,0,0,0,0,0,0,0,0
10,276,Lo-Tutala,Hull,GKP,Arsenal,False,2026-11-07 15:00:00+00:00,4,0,u,0,0,0,0,0,0,0,0,0
10,277,Egan,Hull,DEF,Arsenal,False,2026-11-07 15:00:00+00:00,4.1,7,a,1,1,0.01591,0.01976,0.1636,0.115,0.9522,3.01,3
10,278,Hughes,Hull,DEF,Arsenal,False,2026-11-07 15:00:00+00:00,3.9,0.2,i,0,0,0,0,0,0,0,0,0
10,279,Ajayi,Hull,DEF,Arsenal,False,2026-11-07 15:00:00+00:00,4.2,14,a,1,1,0.07656,0.02,0.1636,0.1755,0.2022,2.723,2.3
10,280,Coyle,Hull,DEF,Arsenal,False,2026-11-07 15:00:00+00:00,4,0.7,a,1,0.8368,0.01742,0.02211,0.1369,0.1003,0.1934,2.153,2.7
10,281,Drameh,Hull,DEF,Arsenal,False,2026-11-07 15:00:00+00:00,4,0,u,0,0,0,0,0,0,0,0,0
10,282,Giles,Hull,DEF,Arsenal,False,2026-11-07 15:00:00+00:00,4,2.9,a,1,1,0.01632,0.1036,0.1636,0.175,0.2022,2.51,4
10,283,Jacob,Hull,DEF,Arsenal,False,2026-11-07 15:00:00+00:00,4,0,u,0,0,0,0,0,0,0,0,0
10,284,McCarthy,Hull,DEF,Arsenal,False,2026-11-07 15:00:00+00:00,4,0.1,a,1,0,0,0,0,0,0,0,0
10,285,McNair,Hull,DEF,Arsenal,False,2026-11-07 15:00:00+00:00,4,0.1,a,1,0,0.001245,0.001458,0,0,0,0.1229,0
10,286,Belloumi,Hull,MID,Arsenal,False,2026-11-07 15:00:00+00:00,5.1,5.1,a,1,0.7691,0.08711,0.07159,0.1258,0.1556,0.3379,2.764,7.3
10,287,Millar,Hull,MID,Arsenal,False,2026-11-07 15:00:00+00:00,5,0,u,0,0,0,0,0,0,0,0,0
10,288,Dowell,Hull,MID,Arsenal,False,2026-11-07 15:00:00+00:00,4.5,0.3,a,1,0,0,0,0,0,0,0,0
10,289,Crooks,Hull,MID,Arsenal,False,2026-11-07 15:00:00+00:00,4.4,0.5,a,1,0.3681,0.01642,0.0257,0.06022,0.03081,0.07915,0.6975,0.3
10,290,Slater,Hull,MID,Arsenal,False,2026-11-07 15:00:00+00:00,4.5,5.2,a,1,1,0.03741,0.1016,0.1636,0.1285,0.1344,2.755,2.3
10,291,Matazo,Hull,MID,Arsenal,False,2026-11-07 15:00:00+00:00,4.5,0,i,0,0,0,0,0,0,0,0,0
10,292,Ömür,Hull,MID,Arsenal,False,2026-11-07 15:00:00+00:00,4.9,0,a,1,0,0,0,0,0,0,0,0
10,293,Kamara,Hull,MID,Arsenal,False,2026-11-07 15:00:00+00:00,5,0,u,0,0,0,0,0,0,0,0,0
10,294,Zambrano,Hull,MID,Arsenal,False,2026-11-07 15:00:00+00:00,4.5,0.1,a,1,0,0,0,0,0,0,0,0
10,295,McBurnie,Hull,FWD,Arsenal,False,2026-11-07 15:00:00+00:00,5.5,1.9,a,1,1,0.172,0.07679,0.1636,0.2822,0.008801,2.541,2.3
10,296,Akintola,Hull,MID,Arsenal,False,2026-11-07 15:00:00+00:00,5,0,u,0,0,0,0,0,0,0,0,0
10,297,Gyabi,Hull,MID,Arsenal,False,2026-11-07 15:00:00+00:00,4.4,0,i,0,0,0,0,0,0,,,0
10,298,Destan,Hull,FWD,Arsenal,False,2026-11-07 15:00:00+00:00,4.5,0.2,u,0,0,0,0,0,0,0,0,0
10,299,Burstow,Hull,FWD,Arsenal,False,2026-11-07 15:00:00+00:00,4.5,0,u,0,0,0,0,0,0,0,0,0
10,340,Gelhardt,Hull,MID,Arsenal,False,2026-11-07 15:00:00+00:00,5,0,a,1,0,0.001378,0.001151,0,0,,,0.3
10,556,Targett,Hull,DEF,Arsenal,False,2026-11-07 15:00:00+00:00,4,1.6,d,1,0,0.000202,0.000224,0,0,,,0
10,563,Morita,Hull,MID,Arsenal,False,2026-11-07 15:00:00+00:00,4.9,0,i,1,0,0.005371,0.005633,0,0.00083,0,0.2078,0
10,572,Tzolakis,Hull,GKP,Arsenal,False,2026-11-07 15:00:00+00:00,4.7,12.8,a,1,1,0,0.003405,0.1636,0.3472,0,3.122,4.7
10,574,Hjertø-Dahl,Hull,MID,Arsenal,False,2026-11-07 15:00:00+00:00,4.9,0.1,a,1,0,0.001182,0.001191,0,0,0,0.2036,0.3
10,576,Stroud,Hull,MID,Arsenal,False,2026-11-07 15:00:00+00:00,5,0.1,a,1,0.3314,0.0221,0.02481,0.05421,0.02993,0.07125,1.234,1.3
10,585,Herrington,Hull,DEF,Arsenal,False,2026-11-07 15:00:00+00:00,4,0.6,a,1,0.2745,0.01144,0.02148,0.04491,0.03224,0.111,1.406,1
10,586,Mendy,Hull,DEF,Arsenal,False,2026-11-07 15:00:00+00:00,4.1,6.3,a,1,0.3314,0.0338,0.01275,0.05421,0.06121,0.3723,1.617,3
10,589,Gourna-Douath,Hull,MID,Arsenal,False,2026-11-07 15:00:00+00:00,5,0,a,1,0.1941,0.0168,0.02027,0.03175,0.01428,0.05217,0.8749,1
10,617,Cho,Hull,MID,Arsenal,False,2026-11-07 15:00:00+00:00,5,0,a,1,0,0.03555,0.01626,0,0,0,1.227,2.7
10,632,Ansah,Hull,FWD,Arsenal,False,2026-11-07 15:00:00+00:00,5,0,i,0,0,0,0,0,0,0,0,0
10,637,Vaz,Hull,FWD,Arsenal,False,2026-11-07 15:00:00+00:00,5,0.1,a,1,0,0.01188,0.005479,0,0,0,0.7865,0.7
10,638,Norton-Cuffy,Hull,DEF,Arsenal,False,2026-11-07 15:00:00+00:00,4,0.2,d,1,0,0.004637,0.003914,0,0,0,0.2446,0.2
10,642,Thomas,Hull,MID,Arsenal,False,2026-11-07 15:00:00+00:00,5.5,0,a,1,0.3925,0.03003,0.03365,0.0642,0.03493,0.1055,1.848,1.3
10,645,Mouzakitis,Hull,MID,Arsenal,False,2026-11-07 15:00:00+00:00,5,0,a,1,0,0,0,0,0,0,0,0
10,167,Delap,Nottingham Forest,FWD,Manchester City,True,2026-11-07 17:30:00+00:00,5.6,2.7,a,1,0.6155,0.1729,0.05017,0.1115,0.2616,0.00394,2.089,2.7
10,201,Muñoz,Nottingham Forest,DEF,Manchester City,True,2026-11-07 17:30:00+00:00,5.4,5.7,a,1,0.5286,0.06162,0.09214,0.09576,0.1688,0.2531,2.447,1.7
10,467,Sels,Nottingham Forest,GKP,Manchester City,True,2026-11-07 17:30:00+00:00,5,1.6,a,1,1,0,0.001984,0.1812,0.2356,0,3.084,3.7
10,468,John,Nottingham Forest,GKP,Manchester City,True,2026-11-07 17:30:00+00:00,4.5,0.1,a,1,0,0,0,0,0,0,0,0
10,469,N.Williams,Nottingham Forest,DEF,Manchester City,True,2026-11-07 17:30:00+00:00,5,8.7,a,1,1,0.05709,0.13,0.1812,0.2447,0.3047,3.394,3.7
10,470,Morato,Nottingham Forest,DEF,Manchester City,True,2026-11-07 17:30:00+00:00,5,0,u,0,0,0,0,0,0,0,0,0
10,471,Milenković,Nottingham Forest,DEF,Manchester City,True,2026-11-07 17:30:00+00:00,5.4,1,i,1,0.6095,0.01315,0.01133,0.1104,0.0794,0.4632,1.793,0
10,472,Murillo,Nottingham Forest,DEF,Manchester City,True,2026-11-07 17:30:00+00:00,5.5,2.1,a,1,0.7727,0.03294,0.0254,0.14,0.1247,0.7378,2.591,6
10,473,Aina,Nottingham Forest,DEF,Manchester City,True,2026-11-07 17:30:00+00:00,4.4,2.4,a,1,0.4106,0.01257,0.02185,0.07438,0.06362,0.09903,1.046,1
10,474,Jair Cunha,Nottingham Forest,DEF,Manchester City,True,2026-11-07 17:30:00+00:00,4.5,0.2,a,1,0.7466,0.03516,0.02205,0.1353,0.1202,0.3831,2.128,3
10,475,Savona,Nottingham Forest,DEF,Manchester City,True,2026-11-07 17:30:00+00:00,4.5,0,i,0,0,0,0,0,0,0,0,0
10,476,O.Richards,Nottingham Forest,DEF,Manchester City,True,2026-11-07 17:30:00+00:00,4,0.2,a,1,0,0,0,0,0,,,0
10,477,Abbott,Nottingham Forest,DEF,Manchester City,True,2026-11-07 17:30:00+00:00,4,0.1,u,0,0,0,0,0,0,0,0,0
10,478,Netz,Nottingham Forest,DEF,Manchester City,True,2026-11-07 17:30:00+00:00,4.4,0,a,1,0.1381,0.005756,0.009914,0.02501,0.01289,0.08033,0.9482,0.3
10,479,Bindon,Nottingham Forest,DEF,Manchester City,True,2026-11-07 17:30:00+00:00,4,0.1,u,0,0,0,0,0,0,0,0,0
10,480,Gibbs-White,Nottingham Forest,MID,Manchester City,True,2026-11-07 17:30:00+00:00,8,15.7,a,1,0.9369,0.2756,0.1973,0.1697,0.4645,0.07624,4.554,4.3
10,482,Hudson-Odoi,Nottingham Forest,MID,Manchester City,True,2026-11-07 17:30:00+00:00,5.8,0.1,a,1,0,0.0002055,0.0002869,0,0,0,0.128,0
10,483,Ndoye,Nottingham Forest,MID,Manchester City,True,2026-11-07 17:30:00+00:00,5.5,0.7,a,1,0.4106,0.1088,0.1295,0.07438,0.1905,0.04013,2.243,1
10,484,Hutchinson,Nottingham Forest,MID,Manchester City,True,2026-11-07 17:30:00+00:00,5.4,0.1,u,0,0,0,0,0,0,0,0,0
10,485,Bakwa,Nottingham Forest,MID,Manchester City,True,2026-11-07 17:30:00+00:00,5.5,0,u,0,0,0,0,0,0,0,0,0
10,486,McAtee,Nottingham Forest,MID,Manchester City,True,2026-11-07 17:30:00+00:00,5.5,0.1,a,1,0.7727,0.05633,0.1425,0.14,0.1512,0.2796,2.724,2.3
10,487,Dominguez,Nottingham Forest,MID,Manchester City,True,2026-11-07 17:30:00+00:00,4.9,0.1,a,1,0.075,0.01075,0.01465,0.01359,0.008291,0.02223,0.5702,0
10,488,I.Sangaré,Nottingham Forest,MID,Manchester City,True,2026-11-07 17:30:00+00:00,4.9,0.4,a,1,0.1953,0.01496,0.01817,0.03537,0.009519,0.1312,1.161,0.7
10,489,Yates,Nottingham Forest,MID,Manchester City,True,2026-11-07 17:30:00+00:00,4.5,1.2,a,1,0,0.006832,0.00538,0,0.003077,0,0.1426,0
10,490,Wood,Nottingham Forest,FWD,Manchester City,True,2026-11-07 17:30:00+00:00,5.8,0.9,a,1,0.1642,0.06753,0.01638,0.02975,0.0828,0.001445,1.442,1
10,491,Igor Jesus,Nottingham Forest,FWD,Manchester City,True,2026-11-07 17:30:00+00:00,5.8,2.6,a,1,0.4595,0.2022,0.06114,0.08324,0.2927,0.001903,2.557,3
10,493,Kalimuendo,Nottingham Forest,FWD,Manchester City,True,2026-11-07 17:30:00+00:00,5.4,0.1,a,1,0,0.0003485,0.0001346,0,0,,,0
10,558,Schlager,Nottingham Forest,MID,Manchester City,True,2026-11-07 17:30:00+00:00,5,0.1,a,1,0.8627,0.05652,0.0469,0.1563,0.1138,0.6255,2.951,2.7
10,581,Diomande,Nottingham Forest,DEF,Manchester City,True,2026-11-07 17:30:00+00:00,5.4,0.5,a,1,0.5054,0.02041,0.01723,0.09156,0.0761,0.3657,1.91,2.3
10,590,Benda,Nottingham Forest,GKP,Manchester City,True,2026-11-07 17:30:00+00:00,4.5,0.1,a,1,0,0,0,0,0,0,0,0
10,155,Enzo,Manchester City,MID,Nottingham Forest,False,2026-11-07 17:30:00+00:00,6.9,3.6,a,1,0.7678,0.1802,0.1969,0.2029,0.3337,0.1005,3.44,4
10,237,Ndiaye,Manchester City,MID,Nottingham Forest,False,2026-11-07 17:30:00+00:00,5.8,6.7,a,1,0.8216,0.1632,0.1911,0.2171,0.3078,0.3956,4.131,3
10,384,Donnarumma,Manchester City,GKP,Nottingham Forest,False,2026-11-07 17:30:00+00:00,5.5,7.6,a,1,0.9108,0,0.001364,0.2407,0.1997,0,2.961,5.3
10,386,Bettinelli,Manchester City,GKP,Nottingham Forest,False,2026-11-07 17:30:00+00:00,4.5,0,a,1,0,0,0,0,0,0,0,0
10,387,O'Reilly,Manchester City,DEF,Nottingham Forest,False,2026-11-07 17:30:00+00:00,6.3,10.9,a,1,0.3072,0.05568,0.03066,0.08119,0.1121,0.04233,1.781,0.7
10,388,Guéhi,Manchester City,DEF,Nottingham Forest,False,2026-11-07 17:30:00+00:00,6,18.2,a,1,0.9108,0.09583,0.07649,0.2407,0.2816,0.4507,3.927,6
10,389,Matheus N.,Manchester City,DEF,Nottingham Forest,False,2026-11-07 17:30:00+00:00,5.9,1,a,1,0.4655,0.009423,0.04449,0.123,0.1043,0.1773,1.828,3.3
10,390,Rúben,Manchester City,DEF,Nottingham Forest,False,2026-11-07 17:30:00+00:00,5.5,1.9,a,1,0.8619,0.02166,0.03194,0.2278,0.1692,0.2925,2.95,4.3
10,391,Gvardiol,Manchester City,DEF,Nottingham Forest,False,2026-11-07 17:30:00+00:00,5.7,26.8,a,1,0.7727,0.06917,0.06219,0.2042,0.2212,0.2379,3.05,7.7
10,392,Aït-Nouri,Manchester City,DEF,Nottingham Forest,False,2026-11-07 17:30:00+00:00,5.3,0.4,a,1,0.06307,0.006305,0.006932,0.01667,0.01815,0.02064,0.3466,0
10,393,Khusanov,Manchester City,DEF,Nottingham Forest,False,2026-11-07 17:30:00+00:00,5.4,1.4,a,1,0.5203,0.01901,0.02017,0.1375,0.1087,0.2649,1.765,1.7
10,394,Alleyne,Manchester City,DEF,Nottingham Forest,False,2026-11-07 17:30:00+00:00,5,0,u,0,0,0,0,0,0,0,0,0
10,395,Lewis,Manchester City,DEF,Nottingham Forest,False,2026-11-07 17:30:00+00:00,4.4,0.2,a,1,0.08919,0.01821,0.02733,0.02357,0.04785,0.02886,0.4904,0
10,396,Vitor Reis,Manchester City,DEF,Nottingham Forest,False,2026-11-07 17:30:00+00:00,4.5,0,a,1,0,0.0001156,0.0001271,0,0,,,0
10,397,Semenyo,Manchester City,MID,Nottingham Forest,False,2026-11-07 17:30:00+00:00,8.4,15.3,d,1,0.8358,0.2143,0.1573,0.2209,0.356,0.1336,4.09,6.5
10,398,Foden,Manchester City,MID,Nottingham Forest,False,2026-11-07 17:30:00+00:00,6.9,1.8,s,1,0.3845,0.1242,0.1326,0.1016,0.2069,0.09792,2.492,0
10,399,Cherki,Manchester City,MID,Nottingham Forest,False,2026-11-07 17:30:00+00:00,7.8,28.4,a,1,0.4883,0.1151,0.2533,0.1291,0.2505,0.1072,3.185,4
10,400,Doku,Manchester City,MID,Nottingham Forest,False,2026-11-07 17:30:00+00:00,7.4,0.7,a,1,0.075,0.02011,0.04365,0.01982,0.02891,0.006719,0.8013,0.3
10,402,Rodrigo,Manchester City,MID,Nottingham Forest,False,2026-11-07 17:30:00+00:00,6.5,0,u,0,0,0,0,0,0,0,0,0
10,404,Reijnders,Manchester City,MID,Nottingham Forest,False,2026-11-07 17:30:00+00:00,6,0,u,0,0,0,0,0,0,0,0,0
10,406,Kovačić,Manchester City,MID,Nottingham Forest,False,2026-11-07 17:30:00+00:00,5.4,0.1,a,1,0,0.01673,0.02613,0,0.009193,,,0
10,407,Echeverri,Manchester City,MID,Nottingham Forest,False,2026-11-07 17:30:00+00:00,4.9,0,u,0,0,0,0,0,0,,,0
10,408,Phillips,Manchester City,MID,Nottingham Forest,False,2026-11-07 17:30:00+00:00,5,0,u,0,0,0,0,0,0,,,0
10,409,Mukasa,Manchester City,MID,Nottingham Forest,False,2026-11-07 17:30:00+00:00,4.5,0.1,u,0,0,0,0,0,0,,,0
10,410,Monga,Manchester City,MID,Nottingham Forest,False,2026-11-07 17:30:00+00:00,4.9,0,u,0,0,0,0,0,0,0,0,0
10,411,Haaland,Manchester City,FWD,Nottingham Forest,False,2026-11-07 17:30:00+00:00,15.6,73.8,a,1,0.8477,0.5327,0.12,0.2241,0.7903,0.002436,4.979,8
10,481,Anderson,Manchester City,MID,Nottingham Forest,False,2026-11-07 17:30:00+00:00,6.3,4,a,1,1,0.09092,0.1855,0.2643,0.231,1.173,4.478,3.3
10,587,Rulli,Manchester City,GKP,Nottingham Forest,False,2026-11-07 17:30:00+00:00,5,0,a,1,0,0,0,0,0,0,0,0
10,616,Bouaddi,Manchester City,MID,Nottingham Forest,False,2026-11-07 17:30:00+00:00,5.5,0.2,a,1,0,0.007686,0.007824,0,0,0,0.4761,0.3
10,621,McAidoo,Manchester City,MID,Nottingham Forest,False,2026-11-07 17:30:00+00:00,4.5,0.1,a,1,0,0.003596,0.002575,0,0,,,0.3
10,622,Braithwaite,Manchester City,DEF,Nottingham Forest,False,2026-11-07 17:30:00+00:00,4,0.2,a,1,0,0.0001734,0.0001907,0,0,0,0.1899,0
10,628,Allan,Manchester City,MID,Nottingham Forest,False,2026-11-07 17:30:00+00:00,6,0,a,1,0,0,0,0,0,0,0,0
10,653,Samba,Manchester City,MID,Nottingham Forest,False,2026-11-07 17:30:00+00:00,4.5,0,a,1,0,0,0,0,0,0,0,0
10,501,Danso,Sunderland,DEF,Chelsea,True,2026-11-08 14:00:00+00:00,5,0.2,a,1,0.7678,0.02875,0.02459,0.1667,0.1358,0.7745,2.892,1
10,529,Roefs,Sunderland,GKP,Chelsea,True,2026-11-08 14:00:00+00:00,4.9,2.4,a,1,1,0,0.01914,0.2171,0.05635,0,2.662,1.3
10,530,Patterson,Sunderland,GKP,Chelsea,True,2026-11-08 14:00:00+00:00,4,0.1,u,0,0,0,0,0,0,0,0,0
10,531,Ellborg,Sunderland,GKP,Chelsea,True,2026-11-08 14:00:00+00:00,4.4,0.1,a,1,0,0,0,0,0,0,0,0
10,532,Ballard,Sunderland,DEF,Chelsea,True,2026-11-08 14:00:00+00:00,4.9,2.5,d,1,0.7727,0.09402,0.06384,0.1678,0.2292,0.8792,3.39,1.5
10,533,Mukiele,Sunderland,DEF,Chelsea,True,2026-11-08 14:00:00+00:00,5.4,1.9,a,1,0.8939,0.1265,0.1075,0.1941,0.3066,0.7397,4.044,1.3
10,534,Hume,Sunderland,DEF,Chelsea,True,2026-11-08 14:00:00+00:00,4.3,2.8,a,1,0.3845,0.05069,0.07781,0.08346,0.1399,0.06624,2.027,0.7
10,535,Alderete,Sunderland,DEF,Chelsea,True,2026-11-08 14:00:00+00:00,4.8,0.2,a,1,0.06307,0.007038,0.005603,0.01369,0.01391,0.04643,0.4243,0
10,536,Reinildo,Sunderland,DEF,Chelsea,True,2026-11-08 14:00:00+00:00,4.4,0.3,a,1,0.7879,0.01462,0.03506,0.171,0.1316,0.2529,2.423,0
10,537,Seelt,Sunderland,DEF,Chelsea,True,2026-11-08 14:00:00+00:00,4.5,0,u,0,0,0,0,0,0,0,0,0
10,538,Hjelde,Sunderland,DEF,Chelsea,True,2026-11-08 14:00:00+00:00,4,0,u,0,0,0,0,0,0,,,0
10,539,O'Nien,Sunderland,DEF,Chelsea,True,2026-11-08 14:00:00+00:00,3.9,2.5,a,1,0.2703,0.01095,0.01087,0.05867,0.05021,0.1011,0.8016,0
10,540,Masuaku,Sunderland,DEF,Chelsea,True,2026-11-08 14:00:00+00:00,4,0.1,u,0,0,0,0,0,0,,,0
10,541,Meunier,Sunderland,DEF,Chelsea,True,2026-11-08 14:00:00+00:00,4.5,0.3,a,1,1,0.07556,0.08523,0.2171,0.2526,0.2022,3.577,2.3
10,542,E.Le Fée,Sunderland,MID,Chelsea,True,2026-11-08 14:00:00+00:00,5.7,3.4,a,1,1,0.221,0.3951,0.2171,0.492,0.3704,5.37,4.3
10,543,Diarra,Sunderland,MID,Chelsea,True,2026-11-08 14:00:00+00:00,5.3,0,i,0,0,0,0,0,0,0,0,0
10,544,Xhaka,Sunderland,MID,Chelsea,True,2026-11-08 14:00:00+00:00,5.5,3.6,a,1,1,0.0421,0.2043,0.2171,0.1813,0.7531,3.557,2
10,545,Sadiki,Sunderland,MID,Chelsea,True,2026-11-08 14:00:00+00:00,4.9,0.2,a,1,1,0.09696,0.07375,0.2171,0.187,0.2071,3.078,1.7
10,546,Adingra,Sunderland,MID,Chelsea,True,2026-11-08 14:00:00+00:00,4.9,0,u,0,0,0,0,0,0,0,0,0
10,547,Mundle,Sunderland,MID,Chelsea,True,2026-11-08 14:00:00+00:00,4.9,0,i,0,0,0,0,0,0,0,0,0
10,548,Rigg,Sunderland,MID,Chelsea,True,2026-11-08 14:00:00+00:00,4.9,0,a,1,0,0.004136,0.006732,0,0,0,0.4373,0
10,549,Talbi,Sunderland,MID,Chelsea,True,2026-11-08 14:00:00+00:00,5.3,0.1,a,1,0.06307,0.0198,0.01201,0.01369,0.02276,0.006164,0.4849,0
10,550,Jocelin.T,Sunderland,MID,Chelsea,True,2026-11-08 14:00:00+00:00,5,0,a,1,0,0,0,0,0,,,0
10,551,N.Angulo,Sunderland,MID,Chelsea,True,2026-11-08 14:00:00+00:00,5,0.1,a,1,0.6187,0.1452,0.1082,0.1343,0.2305,0.07825,2.917,2.7
10,552,Brobbey,Sunderland,FWD,Chelsea,True,2026-11-08 14:00:00+00:00,5.7,6.9,d,1,1,0.3901,0.1116,0.2171,0.594,0.003806,4.315,5
10,553,Isidor,Sunderland,FWD,Chelsea,True,2026-11-08 14:00:00+00:00,5.5,1.3,a,1,0,0.1393,0.0145,0,0.1715,0,1.709,2
10,612,Methalie,Sunderland,DEF,Chelsea,True,2026-11-08 14:00:00+00:00,4.5,0,a,1,0.3182,0.01459,0.01551,0.06908,0.06274,0.1287,0.7529,-0.3
10,613,Ahoka,Sunderland,MID,Chelsea,True,2026-11-08 14:00:00+00:00,4.5,0.2,a,1,0,0,0,0,0,0,0,0
10,646,Fofana,Sunderland,MID,Chelsea,True,2026-11-08 14:00:00+00:00,5.5,0,a,1,0,0.05497,0.02857,0,0.02944,0,1.39,1
10,651,J.Angulo,Sunderland,FWD,Chelsea,True,2026-11-08 14:00:00+00:00,4.5,0.7,a,1,0,0,0,0,0,0,0,0
10,109,Verbruggen,Brighton,GKP,Brentford,True,2026-11-08 14:00:00+00:00,4.5,21.6,a,1,1,0,0.003414,0.2327,0.2066,0,3.202,5.7
10,111,Steele,Brighton,GKP,Brentford,True,2026-11-08 14:00:00+00:00,4,4.1,a,1,0,0,0,0,0,0,0,0
10,113,F.Kadıoğlu,Brighton,DEF,Brentford,True,2026-11-08 14:00:00+00:00,4.4,1.6,a,1,0.8939,0.05541,0.09566,0.208,0.2359,0.132,2.983,4.3
10,114,Boscagli,Brighton,DEF,Brentford,True,2026-11-08 14:00:00+00:00,4.5,0.3,a,1,0.7727,0.01675,0.08104,0.1798,0.1718,0.233,2.519,4.7
10,115,De Cuyper,Brighton,DEF,Brentford,True,2026-11-08 14:00:00+00:00,5,27.8,a,1,0.9108,0.1438,0.3156,0.2119,0.48,0.1053,4.341,7
10,116,Dunk,Brighton,DEF,Brentford,True,2026-11-08 14:00:00+00:00,4.5,1.5,d,1,0.7879,0.03646,0.02616,0.1833,0.1543,0.4068,2.653,4.3
10,117,Coppola,Brighton,DEF,Brentford,True,2026-11-08 14:00:00+00:00,4.5,0,a,1,0,0,0,0,0,0,0,0
10,118,Igor,Brighton,DEF,Brentford,True,2026-11-08 14:00:00+00:00,4.5,0,u,0,0,0,0,0,0,0,0,0
10,119,Costinha,Brighton,DEF,Brentford,True,2026-11-08 14:00:00+00:00,4.5,0,a,1,0,0.01151,0.0145,0,0,0,0.8795,1
10,120,Svoboda,Brighton,DEF,Brentford,True,2026-11-08 14:00:00+00:00,5,0.1,a,1,0,0.001126,0.001243,0,0,0,0.279,0.3
10,121,Mitoma,Brighton,MID,Brentford,True,2026-11-08 14:00:00+00:00,5.9,0,i,1,0,0.01223,0.01019,0,0.01662,0,0.1083,0
10,122,Minteh,Brighton,MID,Brentford,True,2026-11-08 14:00:00+00:00,5.8,0,i,0,0,0,0,0,0,0,0,0
10,123,Hinshelwood,Brighton,MID,Brentford,True,2026-11-08 14:00:00+00:00,5.9,0.6,i,1,0.3333,0.09937,0.04668,0.07757,0.1552,0.04941,1.586,0
10,124,Groß,Brighton,MID,Brentford,True,2026-11-08 14:00:00+00:00,5.8,28.9,a,1,1,0.1612,0.3118,0.2327,0.3784,0.1809,4.277,10.7
10,125,Georginio,Brighton,FWD,Brentford,True,2026-11-08 14:00:00+00:00,5.3,0.5,a,1,0.1061,0.04045,0.06733,0.02468,0.06502,0.008734,1.089,0.3
10,126,O'Riley,Brighton,MID,Brentford,True,2026-11-08 14:00:00+00:00,5.4,0.1,a,1,0,0.009698,0.004032,0,0,0,0.4511,0.7
10,127,Gomez,Brighton,MID,Brentford,True,2026-11-08 14:00:00+00:00,5,4,a,1,0.7727,0.2094,0.148,0.1798,0.3443,0.2407,3.965,4.3
10,128,Buonanotte,Brighton,MID,Brentford,True,2026-11-08 14:00:00+00:00,5,0,u,0,0,0,0,0,0,,,0
10,129,Ayari,Brighton,MID,Brentford,True,2026-11-08 14:00:00+00:00,5.4,0.4,a,1,0.6466,0.09274,0.06925,0.1505,0.1606,0.2311,2.539,4.3
10,130,Wieffer,Brighton,DEF,Brentford,True,2026-11-08 14:00:00+00:00,4.9,0.2,i,0,0,0,0,0,0,0,0,0
10,132,Howell,Brighton,MID,Brentford,True,2026-11-08 14:00:00+00:00,4.5,0,u,0,0,0,0,0,0,0,0,0
10,133,Watson,Brighton,MID,Brentford,True,2026-11-08 14:00:00+00:00,5,0,u,0,0,0,0,0,0,,,0
10,134,Oriola,Brighton,MID,Brentford,True,2026-11-08 14:00:00+00:00,4.5,0.2,a,1,0,0,0,0,0,,,0
10,135,Yohanna,Brighton,MID,Brentford,True,2026-11-08 14:00:00+00:00,4.8,0,i,1,0,0.003216,0.003314,0,0,0,0.1633,0
10,137,Tzimas,Brighton,FWD,Brentford,True,2026-11-08 14:00:00+00:00,5.4,0,i,0,0,0,0,0,0,,,0
10,138,Kostoulas,Brighton,FWD,Brentford,True,2026-11-08 14:00:00+00:00,5.6,4.2,a,1,0.6667,0.3076,0.1226,0.1551,0.4661,0.005867,3.525,7.3
10,139,Ferguson,Brighton,FWD,Brentford,True,2026-11-08 14:00:00+00:00,5,0,i,1,0,0,0,0,0,,,0
10,328,Struijk,Brighton,DEF,Brentford,True,2026-11-08 14:00:00+00:00,4.9,0.2,d,1,0.3013,0.0326,0.02109,0.07012,0.07581,0.2202,1.443,1.7
10,504,Vuskovic,Brighton,DEF,Brentford,True,2026-11-08 14:00:00+00:00,5,3.7,a,1,0.7727,0.09052,0.02641,0.1798,0.2062,,,8.7
10,594,David,Brighton,FWD,Brentford,True,2026-11-08 14:00:00+00:00,5.9,0.2,a,1,0,0.0267,0.007437,0,0.02939,0,0.3217,0
10,600,Osman,Brighton,MID,Brentford,True,2026-11-08 14:00:00+00:00,5,0,a,1,0,0.01595,0.01382,0,0,0,0.6525,0.3
10,605,Yalcouyé,Brighton,MID,Brentford,True,2026-11-08 14:00:00+00:00,4.5,4,a,1,0.4545,0.1346,0.1258,0.1058,0.2235,,,3.7
10,614,Hadjam,Brighton,DEF,Brentford,True,2026-11-08 14:00:00+00:00,4.5,0,a,1,0,0,0,0,0,0,0,0
10,624,Cozier-Duberry,Brighton,MID,Brentford,True,2026-11-08 14:00:00+00:00,5,0,u,0,0,0,0,0,0,0,0,0
10,639,Andrés,Brighton,MID,Brentford,True,2026-11-08 14:00:00+00:00,5.5,0,a,1,0.3925,0.1182,0.06068,0.09133,0.1698,0.1055,2.255,4
10,652,Azeez,Brighton,MID,Brentford,True,2026-11-08 14:00:00+00:00,5.5,0,i,1,0,0,0,0,0,0,0,0
10,658,Ibrahim,Brighton,MID,Brentford,True,2026-11-08 14:00:00+00:00,4.5,0,a,1,0,0,0,0,0,0,0,0
10,82,Kelleher,Brentford,GKP,Brighton,False,2026-11-08 14:00:00+00:00,5,6.1,a,1,1,0,0.003586,0.1446,0.482,0,3.775,3.7
10,83,Valdimarsson,Brentford,GKP,Brighton,False,2026-11-08 14:00:00+00:00,4.5,0.1,a,1,0,0,0,0,0,0,0,0
10,84,Collins,Brentford,DEF,Brighton,False,2026-11-08 14:00:00+00:00,5.4,1,i,0,0,0,0,0,0,0,0,0
10,85,Van den Berg,Brentford,DEF,Brighton,False,2026-11-08 14:00:00+00:00,4.9,0.1,i,0,0,0,0,0,0,0,0,0
10,86,Lewis-Potter,Brentford,MID,Brighton,False,2026-11-08 14:00:00+00:00,5.5,1.7,a,1,0.8216,0.1276,0.1317,0.1188,0.2389,0.05047,3.263,2
10,87,Ajer,Brentford,DEF,Brighton,False,2026-11-08 14:00:00+00:00,4.5,3.9,a,1,0.9108,0.03104,0.03896,0.1317,0.1258,0.7608,2.696,3.3
10,88,Kayode,Brentford,DEF,Brighton,False,2026-11-08 14:00:00+00:00,4.6,7.6,a,1,0.6716,0.03854,0.0568,0.09708,0.1202,0.1266,2.12,2.7
10,89,Henry,Brentford,DEF,Brighton,False,2026-11-08 14:00:00+00:00,4.4,0.2,a,1,0,6.467e-05,0.0001104,0,0,0,0.1248,0
10,90,Hickey,Brentford,DEF,Brighton,False,2026-11-08 14:00:00+00:00,4.5,0.1,a,1,0.2415,0.01838,0.02096,0.0349,0.03425,0.08428,1.342,1
10,92,Ji-soo,Brentford,DEF,Brighton,False,2026-11-08 14:00:00+00:00,4.4,0,a,1,0,0,0,0,0,,,0
10,93,Schuster,Brentford,DEF,Brighton,False,2026-11-08 14:00:00+00:00,4.5,0.3,a,1,0.6995,0.03315,0.1336,0.1011,0.1796,0.8881,2.992,7
10,94,Schade,Brentford,MID,Brighton,False,2026-11-08 14:00:00+00:00,6.2,11.5,a,1,0.925,0.2526,0.1139,0.1337,0.3935,0.04324,4.1,8.7
10,95,O.Dango,Brentford,MID,Brighton,False,2026-11-08 14:00:00+00:00,6.3,0.5,a,1,0.2703,0.09663,0.1046,0.03907,0.1402,0.05194,2.298,1
10,96,Damsgaard,Brentford,MID,Brighton,False,2026-11-08 14:00:00+00:00,5.4,0.4,a,1,0.6264,0.05914,0.1686,0.09054,0.1552,0.2607,2.934,4
10,97,Jensen,Brentford,MID,Brighton,False,2026-11-08 14:00:00+00:00,5.4,0.1,i,1,0.3333,0.0166,0.06062,0.04819,0.0608,0.09951,1.14,0
10,98,Janelt,Brentford,MID,Brighton,False,2026-11-08 14:00:00+00:00,5,2.5,a,1,0.9369,0.07424,0.1433,0.1354,0.1888,0.8508,3.442,6
10,99,Milambo,Brentford,MID,Brighton,False,2026-11-08 14:00:00+00:00,5,0,i,0,0,0,0,0,0,,,0
10,100,Carvalho,Brentford,MID,Brighton,False,2026-11-08 14:00:00+00:00,5,0,a,1,0,0.002591,0.0009594,0,0,0,0.228,2
10,102,Yarmoliuk,Brentford,MID,Brighton,False,2026-11-08 14:00:00+00:00,4.8,0.6,a,1,0.3502,0.02505,0.03941,0.05062,0.03272,0.2286,1.666,2.3
10,103,Dasilva,Brentford,MID,Brighton,False,2026-11-08 14:00:00+00:00,4.9,0,i,1,0,0.0001318,0.0001185,0,0,,,0
10,105,Anthony,Brentford,MID,Brighton,False,2026-11-08 14:00:00+00:00,5.9,0.1,a,1,0.5655,0.1676,0.1575,0.08175,0.2782,0.05868,3.168,4
10,106,Thiago,Brentford,FWD,Brighton,False,2026-11-08 14:00:00+00:00,7.8,9.1,a,1,1,0.4777,0.08434,0.1446,0.7064,0.04039,4.52,2.7
10,107,Furo,Brentford,FWD,Brighton,False,2026-11-08 14:00:00+00:00,4.5,0.9,i,0,0,0,0,0,0,,,0
10,108,Wilson,Brentford,FWD,Brighton,False,2026-11-08 14:00:00+00:00,5.4,0.3,a,1,0.075,0.07632,0.02194,0.01084,0.09891,0.0007544,1.155,0.3
10,565,M.Sangaré,Brentford,MID,Brighton,False,2026-11-08 14:00:00+00:00,5.6,9.9,a,1,0.5314,0.0639,0.1111,0.07681,0.1256,0.6266,2.545,1.3
10,620,Diouf,Brentford,DEF,Brighton,False,2026-11-08 14:00:00+00:00,4.5,0.1,a,1,0.3333,0.01073,0.05554,0.04819,0.06521,0.104,1.271,0.7
10,657,Nunes,Brentford,MID,Brighton,False,2026-11-08 14:00:00+00:00,4.5,0,a,1,0,0,0,0,0,,,0
10,660,Fredrick,Brentford,DEF,Brighton,False,2026-11-08 14:00:00+00:00,4,0,a,1,0,0,0,0,0,,,1.1
10,661,Balcombe,Brentford,GKP,Brighton,False,2026-11-08 14:00:00+00:00,4,0,a,1,0,0,0,0,0,0,0,1
10,42,Guessand,Crystal Palace,MID,Liverpool,True,2026-11-08 14:00:00+00:00,5.4,0,a,1,0,0.01472,0.01267,0,0.003608,0,0.5116,0
10,153,Disasi,Crystal Palace,DEF,Liverpool,True,2026-11-08 14:00:00+00:00,4.5,0.1,s,1,0.3773,0.025,0.009742,0.06696,0.05956,0.1927,1.472,0
10,198,Henderson,Crystal Palace,GKP,Liverpool,True,2026-11-08 14:00:00+00:00,5,1.3,i,1,0.6095,0,0.001134,0.1082,0.2213,0,1.937,0
10,199,Benitez,Crystal Palace,GKP,Liverpool,True,2026-11-08 14:00:00+00:00,4.5,0.1,a,1,0.3905,0,0.003765,0.06931,0.0775,0,1.012,2.7
10,202,Richards,Crystal Palace,DEF,Liverpool,True,2026-11-08 14:00:00+00:00,4.9,0.6,a,1,0.8358,0.03748,0.01773,0.1483,0.1261,0.7333,2.689,3.7
10,203,Canvot,Crystal Palace,DEF,Liverpool,True,2026-11-08 14:00:00+00:00,4.8,0.2,a,1,0.7324,0.04444,0.0148,0.13,0.1231,0.6601,2.623,3
10,204,Mitchell,Crystal Palace,DEF,Liverpool,True,2026-11-08 14:00:00+00:00,4.5,6.1,a,1,0.9108,0.06304,0.0885,0.1617,0.2085,0.2721,3.059,7.7
10,205,Sosa,Crystal Palace,DEF,Liverpool,True,2026-11-08 14:00:00+00:00,4.5,0,u,0,0,0,0,0,0,,,0
10,206,Chadi Riad,Crystal Palace,DEF,Liverpool,True,2026-11-08 14:00:00+00:00,4.3,0,i,0,0,0,0,0,0,0,0,0
10,207,Mingueza,Crystal Palace,DEF,Liverpool,True,2026-11-08 14:00:00+00:00,4.4,0.1,a,1,0,0.001793,0.00198,0,0,0,0.3558,0.3
10,208,Sarr,Crystal Palace,MID,Liverpool,True,2026-11-08 14:00:00+00:00,6.2,0.6,a,1,0.075,0.0515,0.01485,0.01331,0.05412,0.005759,0.8896,0.3
10,210,Wharton,Crystal Palace,MID,Liverpool,True,2026-11-08 14:00:00+00:00,5.4,0.7,a,1,0.8477,0.03311,0.1724,0.1505,0.1433,0.4653,3.077,2
10,211,Yeremy,Crystal Palace,MID,Liverpool,True,2026-11-08 14:00:00+00:00,5.5,0.3,a,1,0.4883,0.09015,0.2295,0.08667,0.2098,0.06537,2.777,2.7
10,212,Hughes,Crystal Palace,MID,Liverpool,True,2026-11-08 14:00:00+00:00,4.4,7.3,a,1,0.08919,0.01434,0.02533,0.01583,0.01241,0.01009,0.7559,0.7
10,213,Lerma,Crystal Palace,MID,Liverpool,True,2026-11-08 14:00:00+00:00,4.8,0.1,a,1,0.1523,0.03875,0.03488,0.02703,0.0453,0.07025,0.9239,0.3
10,214,Kamada,Crystal Palace,MID,Liverpool,True,2026-11-08 14:00:00+00:00,5,0.5,a,1,0.8477,0.05887,0.1261,0.1505,0.1531,0.3803,3.035,5.3
10,215,Devenny,Crystal Palace,MID,Liverpool,True,2026-11-08 14:00:00+00:00,5,0,u,0,0,0,0,0,0,0,0,0
10,216,Esse,Crystal Palace,MID,Liverpool,True,2026-11-08 14:00:00+00:00,5,0,u,0,0,0,0,0,0,,,0
10,217,M.França,Crystal Palace,MID,Liverpool,True,2026-11-08 14:00:00+00:00,4.9,0,u,0,0,0,0,0,0,,,0
10,218,Doucouré,Crystal Palace,MID,Liverpool,True,2026-11-08 14:00:00+00:00,4.8,0,a,1,0,0,0,0,0,,,0
10,219,J.Rak-Sakyi,Crystal Palace,MID,Liverpool,True,2026-11-08 14:00:00+00:00,4.9,0,u,0,0,0,0,0,0,,,0
10,220,Cardines,Crystal Palace,DEF,Liverpool,True,2026-11-08 14:00:00+00:00,4.5,0,u,0,0,0,0,0,0,0,0,0
10,221,Drakes-Thomas,Crystal Palace,MID,Liverpool,True,2026-11-08 14:00:00+00:00,4.5,0.1,a,1,0,0,0,0,0,,,0
10,222,Strand Larsen,Crystal Palace,FWD,Liverpool,True,2026-11-08 14:00:00+00:00,6,0.7,a,1,0.6809,0.1666,0.04379,0.1208,0.2499,0.002739,2.731,3.7
10,223,Mateta,Crystal Palace,FWD,Liverpool,True,2026-11-08 14:00:00+00:00,6.3,1.3,i,1,0.1061,0.07344,0.01007,0.01883,0.1007,0.0004818,0.8646,0
10,224,Nketiah,Crystal Palace,FWD,Liverpool,True,2026-11-08 14:00:00+00:00,5.5,0.5,a,1,0.1261,0.08755,0.0786,0.02239,0.1328,0.001776,1.441,1.7
10,225,Uche,Crystal Palace,FWD,Liverpool,True,2026-11-08 14:00:00+00:00,5,0,u,0,0,0,0,0,0,,,0
10,241,McNeil,Crystal Palace,MID,Liverpool,True,2026-11-08 14:00:00+00:00,5.4,0.1,a,1,0.1061,0.01077,0.01357,0.01883,0.01287,0.03262,0.5722,0
10,555,Matthews,Crystal Palace,GKP,Liverpool,True,2026-11-08 14:00:00+00:00,4,1.7,a,1,0,0,0,0,0,0,0,0
10,577,Tomiyasu,Crystal Palace,DEF,Liverpool,True,2026-11-08 14:00:00+00:00,4.4,0.3,d,1,0.1632,0.01803,0.02446,0.02897,0.0348,0.06603,1.098,0.2
10,588,Khalaili,Crystal Palace,DEF,Liverpool,True,2026-11-08 14:00:00+00:00,5,0.3,a,1,0.8627,0.1225,0.05731,0.1531,0.2397,0.6924,3.599,5.3
10,595,Gozo,Crystal Palace,MID,Liverpool,True,2026-11-08 14:00:00+00:00,4.9,0,a,1,0,0.006675,0.006756,0,0,0,0.4477,0.3
10,633,Ahanor,Crystal Palace,DEF,Liverpool,True,2026-11-08 14:00:00+00:00,4.5,0,a,1,0.33,0.01713,0.02493,0.05858,0.06558,0.2985,1.231,1
10,643,Chilwell,Crystal Palace,DEF,Liverpool,True,2026-11-08 14:00:00+00:00,4.5,0.4,a,1,0,0.01754,0.006357,0,0.007047,0,0.6785,2.7
10,644,Timber,Crystal Palace,MID,Liverpool,True,2026-11-08 14:00:00+00:00,5,0,a,1,1,0.1035,0.0918,0.1775,0.2049,0.5125,3.688,3
10,647,Osorio,Crystal Palace,MID,Liverpool,True,2026-11-08 14:00:00+00:00,5.5,0,a,1,0,0.0003889,0.0003927,0,0,0,0.2806,0.3
10,350,A.Becker,Liverpool,GKP,Crystal Palace,False,2026-11-08 14:00:00+00:00,5.5,4.1,a,1,0.8619,0,0.002014,0.2334,0.1682,0,2.683,8.3
10,351,Mamardashvili,Liverpool,GKP,Crystal Palace,False,2026-11-08 14:00:00+00:00,4.9,0.1,a,1,0.1381,0,0.0008653,0.03739,0.04411,0,0.4249,0
10,352,Woodman,Liverpool,GKP,Crystal Palace,False,2026-11-08 14:00:00+00:00,4,1,a,1,0,0,0,0,0,0,0,0
10,353,Pecsi,Liverpool,GKP,Crystal Palace,False,2026-11-08 14:00:00+00:00,4,0,u,0,0,0,0,0,0,0,0,0
10,354,Jaros,Liverpool,GKP,Crystal Palace,False,2026-11-08 14:00:00+00:00,4,0,i,0,0,0,0,0,0,0,0,0
10,355,Davies,Liverpool,GKP,Crystal Palace,False,2026-11-08 14:00:00+00:00,4,0.2,a,1,0,0,0,0,0,0,0,0
10,356,Virgil,Liverpool,DEF,Crystal Palace,False,2026-11-08 14:00:00+00:00,6.5,16.2,a,1,1,0.112,0.01913,0.2708,0.2738,0.8747,4.434,7.3
10,357,Frimpong,Liverpool,DEF,Crystal Palace,False,2026-11-08 14:00:00+00:00,5.3,1.8,a,1,0.2953,0.01461,0.08078,0.07997,0.1093,0.04778,1.425,0.3
10,358,Kerkez,Liverpool,DEF,Crystal Palace,False,2026-11-08 14:00:00+00:00,5.3,2.2,a,1,0.7324,0.0396,0.05886,0.1984,0.1837,0.1036,2.634,4
10,359,Gomez,Liverpool,DEF,Crystal Palace,False,2026-11-08 14:00:00+00:00,4.9,0,a,1,0.075,0.005399,0.005936,0.02031,0.01702,0.02206,0.3076,0
10,360,Bradley,Liverpool,DEF,Crystal Palace,False,2026-11-08 14:00:00+00:00,5,0,i,0,0,0,0,0,0,0,0,0
10,361,Lucky,Liverpool,DEF,Crystal Palace,False,2026-11-08 14:00:00+00:00,4,0.1,a,1,0,0,0,0,0,,,0
10,362,Jacquet,Liverpool,DEF,Crystal Palace,False,2026-11-08 14:00:00+00:00,5,3.5,a,1,1,0.02887,0.05011,0.2708,0.2132,0.4522,3.481,6.7
10,363,Leoni,Liverpool,DEF,Crystal Palace,False,2026-11-08 14:00:00+00:00,4,0,i,0,0,0,0,0,0,,,0
10,364,Tsimikas,Liverpool,DEF,Crystal Palace,False,2026-11-08 14:00:00+00:00,4.9,0.1,a,1,0,0.00918,0.008439,0,0.007654,,,0.3
10,365,Ramsay,Liverpool,DEF,Crystal Palace,False,2026-11-08 14:00:00+00:00,4,0.1,u,0,0,0,0,0,0,,,0
10,366,Wirtz,Liverpool,MID,Crystal Palace,False,2026-11-08 14:00:00+00:00,7.3,5.7,a,1,0.7727,0.1901,0.1573,0.2093,0.324,0.07458,3.613,4
10,367,Gakpo,Liverpool,MID,Crystal Palace,False,2026-11-08 14:00:00+00:00,7.2,12.4,d,1,0.8216,0.2118,0.2214,0.2225,0.3819,0.1488,4.298,3.8
10,368,Szoboszlai,Liverpool,MID,Crystal Palace,False,2026-11-08 14:00:00+00:00,7,32.8,a,1,1,0.1501,0.3044,0.2708,0.36,0.5029,4.585,2.7
10,369,Ngumoha,Liverpool,MID,Crystal Palace,False,2026-11-08 14:00:00+00:00,5.7,0.5,a,1,0.3333,0.06082,0.08527,0.09027,0.1098,0.05513,1.786,0.3
10,370,Chiesa,Liverpool,MID,Crystal Palace,False,2026-11-08 14:00:00+00:00,5.3,0,i,0,0,0,0,0,0,0,0,0
10,371,Gravenberch,Liverpool,MID,Crystal Palace,False,2026-11-08 14:00:00+00:00,5.8,1.1,a,1,0.3333,0.02798,0.04527,0.09027,0.03169,0.1313,1.862,1
10,372,Mac Allister,Liverpool,MID,Crystal Palace,False,2026-11-08 14:00:00+00:00,5.4,1.3,a,1,0.7155,0.09664,0.09027,0.1938,0.1692,0.247,2.777,2.7
10,373,C.Jones,Liverpool,MID,Crystal Palace,False,2026-11-08 14:00:00+00:00,5.5,0,u,0,0,0,0,0,0,0,0,0
10,374,Endo,Liverpool,MID,Crystal Palace,False,2026-11-08 14:00:00+00:00,4.9,0.1,a,1,0,0,0,0,0,0,0,0
10,375,Nyoni,Liverpool,MID,Crystal Palace,False,2026-11-08 14:00:00+00:00,4.9,0,a,1,0,0.01932,0.01284,0,0,,,0.7
10,376,Bajcetic,Liverpool,MID,Crystal Palace,False,2026-11-08 14:00:00+00:00,5,0,u,0,0,0,0,0,0,,,0
10,377,Munoz,Liverpool,MID,Crystal Palace,False,2026-11-08 14:00:00+00:00,6.5,0.9,a,1,0.3574,0.0976,0.07708,0.09678,0.1345,0.07683,2.221,1.7
10,378,McConnell,Liverpool,MID,Crystal Palace,False,2026-11-08 14:00:00+00:00,4.4,0.2,a,1,0,0,0,0,0,,,0
10,379,Isak,Liverpool,FWD,Crystal Palace,False,2026-11-08 14:00:00+00:00,9.1,22.4,d,1,0.7727,0.3871,0.0677,0.2093,0.5715,0.004534,3.724,5.8
10,380,Ekitiké,Liverpool,FWD,Crystal Palace,False,2026-11-08 14:00:00+00:00,7.4,0.1,i,0,0,0,0,0,0,0,0,0
10,381,Koumas,Liverpool,MID,Crystal Palace,False,2026-11-08 14:00:00+00:00,5,0,a,1,0,0.009995,0.007836,0,0,0,0.6794,0.7
10,382,Danns,Liverpool,FWD,Crystal Palace,False,2026-11-08 14:00:00+00:00,4.5,0.2,a,1,0,0,0,0,0,,,0
10,383,Elliott,Liverpool,MID,Crystal Palace,False,2026-11-08 14:00:00+00:00,5.4,0,u,0,0,0,0,0,0,,,0
10,579,Araujo,Liverpool,DEF,Crystal Palace,False,2026-11-08 14:00:00+00:00,5.4,3,a,1,0.6995,0.02919,0.03744,0.1894,0.1524,0.4218,2.859,7
10,627,Barcola,Liverpool,MID,Crystal Palace,False,2026-11-08 14:00:00+00:00,8,1.9,a,1,0.7225,0.1233,0.09997,0.1957,0.2072,0.1553,3.197,2.3
10,259,Diop,Ipswich,DEF,Bournemouth,True,2026-11-08 14:00:00+00:00,4,12.7,a,1,0.9369,0.0401,0.02387,0.132,0.1224,0.6729,2.864,2.7
10,267,Lukić,Ipswich,MID,Bournemouth,True,2026-11-08 14:00:00+00:00,4.9,0.1,a,1,0.9108,0.07066,0.1082,0.1283,0.1702,0.2249,2.655,1.7
10,300,Walton,Ipswich,GKP,Bournemouth,True,2026-11-08 14:00:00+00:00,4.4,0.4,a,1,0.2745,0,0.002511,0.03868,0,0,0.5159,0.7
10,301,Palmer,Ipswich,GKP,Bournemouth,True,2026-11-08 14:00:00+00:00,4,3.9,a,1,0,0,0,0,0,0,0,0
10,302,Button,Ipswich,GKP,Bournemouth,True,2026-11-08 14:00:00+00:00,4,0.6,a,1,0,0,0,0,0,0,0,0
10,303,Kipré,Ipswich,DEF,Bournemouth,True,2026-11-08 14:00:00+00:00,3.9,0.9,a,1,0,0,0,0,0,0,0,0
10,304,O'Shea,Ipswich,DEF,Bournemouth,True,2026-11-08 14:00:00+00:00,4,2.7,a,1,1,0.02526,0.05682,0.1409,0.1372,0.7022,2.99,2
10,305,Davis,Ipswich,DEF,Bournemouth,True,2026-11-08 14:00:00+00:00,4,6.9,a,1,1,0.2144,0.1006,0.1409,0.3562,0.2022,3.975,5.7
10,306,Greaves,Ipswich,DEF,Bournemouth,True,2026-11-08 14:00:00+00:00,4,1.1,a,1,0.7255,0.01854,0.02665,0.1022,0.08939,0.375,1.825,0.7
10,307,Johnson,Ipswich,DEF,Bournemouth,True,2026-11-08 14:00:00+00:00,4,0.1,u,0,0,0,0,0,0,0,0,0
10,308,Furlong,Ipswich,DEF,Bournemouth,True,2026-11-08 14:00:00+00:00,3.9,0.6,a,1,0,0.001791,0.001969,0,0,0,0.1572,0
10,309,Núñez,Ipswich,MID,Bournemouth,True,2026-11-08 14:00:00+00:00,4.9,0.1,a,1,0.3005,0.01995,0.01944,0.04233,0.04431,0.1848,1.031,0
10,310,Matusiwa,Ipswich,MID,Bournemouth,True,2026-11-08 14:00:00+00:00,4.9,0,a,1,0,0,0,0,0,0,0,0
10,311,Burns,Ipswich,MID,Bournemouth,True,2026-11-08 14:00:00+00:00,5,0,u,0,0,0,0,0,0,0,0,0
10,312,Taylor,Ipswich,MID,Bournemouth,True,2026-11-08 14:00:00+00:00,4.4,0,i,0,0,0,0,0,0,0,0,0
10,313,Clarke,Ipswich,MID,Bournemouth,True,2026-11-08 14:00:00+00:00,5.4,0.2,a,1,0.5054,0.05292,0.05404,0.0712,0.09132,0.1087,1.809,1.3
10,314,Ogbene,Ipswich,MID,Bournemouth,True,2026-11-08 14:00:00+00:00,4.9,0,u,0,0,0,0,0,0,0,0,0
10,315,Fatawu,Ipswich,MID,Bournemouth,True,2026-11-08 14:00:00+00:00,5.4,0.2,s,1,1,0.0468,0.2285,0.1409,0.201,0.1344,3.002,0
10,316,Emersonn,Ipswich,FWD,Bournemouth,True,2026-11-08 14:00:00+00:00,5.5,3.5,a,1,0.8368,0.2177,0.1444,0.1179,0.3551,0.008416,3.504,5.3
10,317,Hirst,Ipswich,FWD,Bournemouth,True,2026-11-08 14:00:00+00:00,5,0.1,u,0,0,0,0,0,0,0,0,0
10,318,Philogene,Ipswich,MID,Bournemouth,True,2026-11-08 14:00:00+00:00,5.4,0.1,a,1,0,0.01612,0.01586,0,0.001198,0,0.6348,0.7
10,319,Szmodics,Ipswich,MID,Bournemouth,True,2026-11-08 14:00:00+00:00,5,0,u,0,0,0,0,0,0,0,0,0
10,320,Akpom,Ipswich,FWD,Bournemouth,True,2026-11-08 14:00:00+00:00,5,1.2,a,1,0,0.04657,0.01277,0,0.0525,0,0.8521,0.3
10,321,Walle Egeli,Ipswich,FWD,Bournemouth,True,2026-11-08 14:00:00+00:00,4.5,3.5,a,1,0,0.004039,0.001684,0,0.002379,0,0.1608,0
10,322,Al-Hamadi,Ipswich,FWD,Bournemouth,True,2026-11-08 14:00:00+00:00,5,0,u,0,0,0,0,0,0,0,0,0
10,323,McAteer,Ipswich,MID,Bournemouth,True,2026-11-08 14:00:00+00:00,4.4,1,a,1,0,0.008474,0.008157,0,0,0,0.5615,0.3
10,324,Mehmeti,Ipswich,MID,Bournemouth,True,2026-11-08 14:00:00+00:00,4.8,0,a,1,0,0,0,0,0,0,0,0
10,554,Van Oevelen,Ipswich,GKP,Bournemouth,True,2026-11-08 14:00:00+00:00,4.5,0,u,0,0,0,0,0,0,0,0,0
10,562,Maeda,Ipswich,MID,Bournemouth,True,2026-11-08 14:00:00+00:00,5.3,0.2,a,1,0.4946,0.09024,0.03395,0.06968,0.1184,0.08862,2.324,1.3
10,564,Scherpen,Ipswich,GKP,Bournemouth,True,2026-11-08 14:00:00+00:00,4.5,0.6,a,1,0.5606,0,0.002884,0.07898,0.2454,0,1.871,1
10,571,Florentino,Ipswich,MID,Bournemouth,True,2026-11-08 14:00:00+00:00,4.8,0.1,a,1,0.2273,0.01915,0.01925,0.03202,0.02045,0.2363,1.287,0.7
10,591,Enciso,Ipswich,MID,Bournemouth,True,2026-11-08 14:00:00+00:00,5.5,0.8,a,1,0.7727,0.1412,0.1258,0.1089,0.2606,,,1.7
10,592,Ouattara,Ipswich,DEF,Bournemouth,True,2026-11-08 14:00:00+00:00,4,0.9,a,1,0.2745,0.01657,0.02621,0.03868,0.037,0.111,1.497,1.3
10,602,Humphreys,Ipswich,MID,Bournemouth,True,2026-11-08 14:00:00+00:00,4.5,0,u,0,0,0,0,0,0,0,0,0
10,619,Palacios,Ipswich,MID,Bournemouth,True,2026-11-08 14:00:00+00:00,5,0.1,a,1,0.8108,0.05021,0.06875,0.1142,0.113,0.6858,3.181,3.3
10,640,Flemming,Ipswich,FWD,Bournemouth,True,2026-11-08 14:00:00+00:00,5.5,0.1,a,1,0.4595,0.2834,0.03462,0.06473,0.3974,0.002488,2.69,2
10,57,Petrović,Bournemouth,GKP,Ipswich,False,2026-11-08 14:00:00+00:00,4.5,3,a,1,1,0,0.002245,0.2787,0.1365,0,3.139,1.3
10,58,Forster,Bournemouth,GKP,Ipswich,False,2026-11-08 14:00:00+00:00,4,3.5,a,1,0,0,0,0,0,0,0,0
10,59,Dennis,Bournemouth,GKP,Ipswich,False,2026-11-08 14:00:00+00:00,4,0.1,u,0,0,0,0,0,0,0,0,0
10,60,Hill,Bournemouth,DEF,Ipswich,False,2026-11-08 14:00:00+00:00,5.5,0.8,a,1,1,0.03976,0.1184,0.2787,0.2772,1.109,4.344,2.3
10,61,Truffert,Bournemouth,DEF,Ipswich,False,2026-11-08 14:00:00+00:00,5.4,3,a,1,1,0.06379,0.1665,0.2787,0.3353,0.5784,4.278,1.7
10,62,Diakité,Bournemouth,DEF,Ipswich,False,2026-11-08 14:00:00+00:00,4.9,0.2,a,1,0,0,0,0,0,0,0,0
10,63,Milosavljević,Bournemouth,DEF,Ipswich,False,2026-11-08 14:00:00+00:00,4.9,0,i,0,0,0,0,0,0,0,0,0
10,64,Smith,Bournemouth,DEF,Ipswich,False,2026-11-08 14:00:00+00:00,4.5,0.1,a,1,1,0.01738,0.05371,0.2787,0.209,0.1199,2.863,0.7
10,65,J.Araujo,Bournemouth,DEF,Ipswich,False,2026-11-08 14:00:00+00:00,4.4,0,i,0,0,0,0,0,0,,,0
10,66,Soler,Bournemouth,DEF,Ipswich,False,2026-11-08 14:00:00+00:00,4,0.3,a,1,0,0,0,0,0,,,0
10,67,Rayan,Bournemouth,MID,Ipswich,False,2026-11-08 14:00:00+00:00,6.3,1.6,a,1,1,0.2461,0.2273,0.2787,0.4414,0.07414,4.707,2
10,68,Tavernier,Bournemouth,MID,Ipswich,False,2026-11-08 14:00:00+00:00,6.1,6.8,a,1,1,0.303,0.3074,0.2787,0.5495,0.1734,5.072,6.7
10,69,Scott,Bournemouth,MID,Ipswich,False,2026-11-08 14:00:00+00:00,6.1,5.8,a,1,0.9108,0.1141,0.1408,0.2538,0.2352,0.7463,3.861,5.3
10,70,Kluivert,Bournemouth,MID,Ipswich,False,2026-11-08 14:00:00+00:00,6,0.9,i,0,0,0,0,0,0,0,0,0
10,71,Cook,Bournemouth,MID,Ipswich,False,2026-11-08 14:00:00+00:00,5,0.2,a,1,0.2322,0.01303,0.02511,0.06472,0,0.2083,1.404,0.7
10,72,Gannon-Doak,Bournemouth,MID,Ipswich,False,2026-11-08 14:00:00+00:00,4.9,0.1,a,1,0,0.01856,0.01279,0,0,,,1
10,73,Adams,Bournemouth,MID,Ipswich,False,2026-11-08 14:00:00+00:00,5,0.3,a,1,0.7047,0.04642,0.09434,0.1964,0.1082,0.5318,2.981,3.3
10,74,Brooks,Bournemouth,MID,Ipswich,False,2026-11-08 14:00:00+00:00,5,0.1,a,1,0,0.04382,0.03515,0,0.02894,0,0.9798,0.7
10,75,Christie,Bournemouth,MID,Ipswich,False,2026-11-08 14:00:00+00:00,5,0,a,1,0.2121,0.05747,0.04886,0.05912,0.07363,0.05869,1.567,1.3
10,76,Tóth.A,Bournemouth,MID,Ipswich,False,2026-11-08 14:00:00+00:00,4.9,0,a,1,0,0.01402,0.01693,0,0.0009203,,,0.3
10,77,Adli,Bournemouth,MID,Ipswich,False,2026-11-08 14:00:00+00:00,4.9,0,i,0,0,0,0,0,0,0,0,0
10,78,Kroupi.Jr,Bournemouth,MID,Ipswich,False,2026-11-08 14:00:00+00:00,7.4,0.2,i,1,0.2273,0.03591,0.03619,0.06334,0.06834,0.01745,0.8917,0
10,79,Evanilson,Bournemouth,FWD,Ipswich,False,2026-11-08 14:00:00+00:00,6,3.2,a,1,0.9369,0.3199,0.1705,0.2611,0.5108,0.002868,4.136,3
10,80,Enes Ünal,Bournemouth,FWD,Ipswich,False,2026-11-08 14:00:00+00:00,5.5,0,u,0,0,0,0,0,0,,,0
10,81,Rodríguez,Bournemouth,FWD,Ipswich,False,2026-11-08 14:00:00+00:00,6,0.1,a,1,0,0.007556,0.00318,0,0.0008022,0,0.4347,0.3
10,566,Silva,Bournemouth,DEF,Ipswich,False,2026-11-08 14:00:00+00:00,5,0.4,a,1,1,0.2163,0.04541,0.2787,0.4007,1.202,5.332,2.3
10,573,Sanchez,Bournemouth,DEF,Ipswich,False,2026-11-08 14:00:00+00:00,4.4,0.2,a,1,0,0,0,0,0,0,0,0
10,608,Jebbison,Bournemouth,FWD,Ipswich,False,2026-11-08 14:00:00+00:00,5,0.1,a,1,0,0.03018,0.01168,0,0.02873,0,0.7904,0.7
10,615,Di Gregorio,Bournemouth,GKP,Ipswich,False,2026-11-08 14:00:00+00:00,4.5,0,a,1,0,0,0,0,0,0,0,0
10,28,Martinez,Chelsea,GKP,Sunderland,False,2026-11-08 14:00:00+00:00,5,4.7,a,1,0.8047,0,0.02161,0.1619,0.3626,0,3.123,2.3
10,40,Rogers,Chelsea,MID,Sunderland,False,2026-11-08 14:00:00+00:00,7.7,40.5,a,1,0.9108,0.179,0.224,0.1833,0.3567,0.07132,3.85,5.3
10,101,Henderson,Chelsea,MID,Sunderland,False,2026-11-08 14:00:00+00:00,4.9,0,a,1,0.2121,0.01393,0.05166,0.04268,0.03689,0.06403,0.8675,0.7
10,136,Welbeck,Chelsea,FWD,Sunderland,False,2026-11-08 14:00:00+00:00,5.9,1,a,1,0.3502,0.1502,0.04709,0.07046,0.2178,0.001494,2.079,1.3
10,140,Sánchez,Chelsea,GKP,Sunderland,False,2026-11-08 14:00:00+00:00,4.9,0.7,u,0,0,0,0,0,0,0,0,0
10,141,Jörgensen,Chelsea,GKP,Sunderland,False,2026-11-08 14:00:00+00:00,5,0,u,0,0,0,0,0,0,0,0,0
10,142,James,Chelsea,DEF,Sunderland,False,2026-11-08 14:00:00+00:00,5.4,5.8,d,1,0.4345,0.02773,0.06461,0.08742,0.1134,0.1014,1.673,0.5
10,143,Chalobah,Chelsea,DEF,Sunderland,False,2026-11-08 14:00:00+00:00,5.5,0.1,u,0,0,0,0,0,0,0,0,0
10,144,Gusto,Chelsea,DEF,Sunderland,False,2026-11-08 14:00:00+00:00,4.9,1,a,1,0.5629,0.026,0.06179,0.1133,0.1266,0.05204,1.932,0.7
10,145,Fofana,Chelsea,DEF,Sunderland,False,2026-11-08 14:00:00+00:00,5,0.2,a,1,0.8939,0.02071,0.0293,0.1799,0.1375,0.705,3.005,2.7
10,146,B.Badiashile,Chelsea,DEF,Sunderland,False,2026-11-08 14:00:00+00:00,4.5,0,u,0,0,0,0,0,0,0,0,0
10,148,Hato,Chelsea,DEF,Sunderland,False,2026-11-08 14:00:00+00:00,4.5,0.8,a,1,0.3703,0.01631,0.07845,0.0745,0.1016,0.09694,1.525,1
10,149,Colwill,Chelsea,DEF,Sunderland,False,2026-11-08 14:00:00+00:00,4.8,0.9,a,1,0.775,0.02093,0.0226,0.1559,0.1202,0.3505,2.311,0.7
10,150,M.Sarr,Chelsea,DEF,Sunderland,False,2026-11-08 14:00:00+00:00,4.5,0,u,0,0,0,0,0,0,0,0,0
10,151,Acheampong,Chelsea,DEF,Sunderland,False,2026-11-08 14:00:00+00:00,4.5,0.3,a,1,0.3311,0.01897,0.01445,0.06661,0.05424,0.1409,1.485,0.3
10,152,Palestra,Chelsea,DEF,Sunderland,False,2026-11-08 14:00:00+00:00,5.3,0.6,d,1,0,0,0,0,0,0,0,0
10,154,Palmer,Chelsea,MID,Sunderland,False,2026-11-08 14:00:00+00:00,9.7,25.7,d,1,1,0.3208,0.1714,0.2012,0.5093,0.1662,4.756,2
10,156,Neto,Chelsea,MID,Sunderland,False,2026-11-08 14:00:00+00:00,6.5,1.4,a,1,0.8309,0.1157,0.1908,0.1672,0.2549,0.0406,3.381,2
10,157,Estêvão,Chelsea,MID,Sunderland,False,2026-11-08 14:00:00+00:00,6.3,0.7,a,1,0,0.00903,0.008235,0,0,0,0.7165,1
10,158,Gittens,Chelsea,MID,Sunderland,False,2026-11-08 14:00:00+00:00,5.8,0,d,1,0,0,0,0,0,0,0,0
10,159,Caicedo,Chelsea,MID,Sunderland,False,2026-11-08 14:00:00+00:00,5.3,1,d,1,0.2273,0.01105,0.02323,0.04573,0.02562,0.1729,0.8868,0
10,161,Lavia,Chelsea,MID,Sunderland,False,2026-11-08 14:00:00+00:00,5,0.2,a,1,0.4106,0.07668,0.04157,0.08261,0.12,0.06791,1.644,1
10,163,D.Essugo,Chelsea,MID,Sunderland,False,2026-11-08 14:00:00+00:00,4.5,0.1,u,0,0,0,0,0,0,,,0
10,164,Quenda,Chelsea,MID,Sunderland,False,2026-11-08 14:00:00+00:00,5.3,0,a,1,0,0.01036,0.009842,0,0,0,0.4931,0.3
10,165,João Pedro,Chelsea,FWD,Sunderland,False,2026-11-08 14:00:00+00:00,7.7,65.1,d,1,0.7129,0.2921,0.08559,0.1434,0.4443,0.002281,3.058,3.2
10,168,Marc Guiu,Chelsea,FWD,Sunderland,False,2026-11-08 14:00:00+00:00,5,0.2,u,0,0,0,0,0,0,0,0,0
10,169,Mheuka,Chelsea,FWD,Sunderland,False,2026-11-08 14:00:00+00:00,4.5,0.5,a,1,0,0.0002899,0.0001207,0,0,,,0
10,170,Emegha,Chelsea,FWD,Sunderland,False,2026-11-08 14:00:00+00:00,4.9,0.1,i,1,0,0,0,0,0,0,0,0
10,200,Lacroix,Chelsea,DEF,Sunderland,False,2026-11-08 14:00:00+00:00,5.9,6.8,a,1,0.7324,0.05151,0.04047,0.1474,0.1543,0.8428,3.108,2
10,560,Penders,Chelsea,GKP,Sunderland,False,2026-11-08 14:00:00+00:00,4.4,0.1,a,1,0,0,0,0,0,0,0,0
10,561,Anselmino,Chelsea,DEF,Sunderland,False,2026-11-08 14:00:00+00:00,4.5,0,a,1,0,0,0,0,0,,,0
10,568,Barco,Chelsea,MID,Sunderland,False,2026-11-08 14:00:00+00:00,5.4,0.1,a,1,0.2745,0.04819,0.03993,0.05524,0.06695,0.07378,1.269,0.7
10,583,Chavarria,Chelsea,DEF,Sunderland,False,2026-11-08 14:00:00+00:00,4.9,0.1,a,1,0.2745,0.0264,0.03517,0.05524,0.06297,0.111,1.638,1
10,662,Nicoll-Jazuli,Chelsea,MID,Sunderland,False,2026-11-08 14:00:00+00:00,4.5,0,a,1,0,0.004925,0.004971,0,0,0,1.04,1.1
10,43,Tielemans,Manchester United,MID,Aston Villa,True,2026-11-08 16:30:00+00:00,5.8,1.5,a,1,0.9108,0.08485,0.145,0.2492,0.1967,0.358,3.574,2.7
10,131,Baleba,Manchester United,MID,Aston Villa,True,2026-11-08 16:30:00+00:00,4.9,0.1,a,1,0.1381,0.01089,0.01665,0.03778,0.02094,0.06673,0.5952,0
10,162,Andrey Santos,Manchester United,MID,Aston Villa,True,2026-11-08 16:30:00+00:00,4.8,0.6,a,1,0.2441,0.03769,0.02142,0.06681,0.0498,0.07903,1.213,0.3
10,325,Darlow,Manchester United,GKP,Aston Villa,True,2026-11-08 16:30:00+00:00,4.5,0,d,1,0.2273,0,0.0009661,0.06219,0.09665,0,0.774,0
10,412,Lammens,Manchester United,GKP,Aston Villa,True,2026-11-08 16:30:00+00:00,4.9,9.9,a,1,1,0,0.002165,0.2736,0.2678,0,3.568,2.7
10,413,Bayindir,Manchester United,GKP,Aston Villa,True,2026-11-08 16:30:00+00:00,4.5,0,u,0,0,0,0,0,0,0,0,0
10,414,Heaton,Manchester United,GKP,Aston Villa,True,2026-11-08 16:30:00+00:00,4,0.1,i,0,0,0,0,0,0,0,0,0
10,415,Dorgu,Manchester United,MID,Aston Villa,True,2026-11-08 16:30:00+00:00,5.8,0.5,d,1,0.2676,0.1128,0.09264,0.07322,0.1531,0.09913,2.329,2.2
10,416,De Ligt,Manchester United,DEF,Aston Villa,True,2026-11-08 16:30:00+00:00,5,0,i,0,0,0,0,0,0,0,0,0
10,417,Dalot,Manchester United,DEF,Aston Villa,True,2026-11-08 16:30:00+00:00,4.9,1.6,a,1,0.7417,0.05464,0.1059,0.2029,0.2386,0.1631,2.999,1.7
10,418,Maguire,Manchester United,DEF,Aston Villa,True,2026-11-08 16:30:00+00:00,4.8,8.6,a,1,1,0.05384,0.08321,0.2736,0.2632,0.6639,3.849,1.7
10,419,Martinez,Manchester United,DEF,Aston Villa,True,2026-11-08 16:30:00+00:00,5,1.3,a,1,0.8939,0.0282,0.0379,0.2446,0.1895,0.5238,3.39,1.7
10,420,Yoro,Manchester United,DEF,Aston Villa,True,2026-11-08 16:30:00+00:00,4.8,0.5,a,1,0,0.003606,0.001986,0,0,0,0.3728,0.3
10,421,Heaven,Manchester United,DEF,Aston Villa,True,2026-11-08 16:30:00+00:00,4.3,0.3,a,1,0.1061,0.005563,0.005592,0.02902,0.02547,0.078,0.4377,0
10,422,Mazraoui,Manchester United,DEF,Aston Villa,True,2026-11-08 16:30:00+00:00,4.4,0.5,a,1,0.2583,0.01218,0.0163,0.07069,0.05581,0.07515,1.223,0.3
10,423,Shaw,Manchester United,DEF,Aston Villa,True,2026-11-08 16:30:00+00:00,4.3,7.7,a,1,0.8216,0.01914,0.06351,0.2248,0.1878,0.2132,2.703,2
10,424,Amass,Manchester United,DEF,Aston Villa,True,2026-11-08 16:30:00+00:00,4,0.2,a,1,0,0,0,0,0,,,0
10,425,Fredricson,Manchester United,DEF,Aston Villa,True,2026-11-08 16:30:00+00:00,4,0,u,0,0,0,0,0,0,,,0
10,426,B.Fernandes,Manchester United,MID,Aston Villa,True,2026-11-08 16:30:00+00:00,11.9,38.5,a,1,1,0.3591,0.5682,0.2736,0.7423,0.243,6.759,2
10,427,Mbeumo,Manchester United,MID,Aston Villa,True,2026-11-08 16:30:00+00:00,7.9,20.6,a,1,0.9369,0.4071,0.2158,0.2564,0.6292,0.04286,5.422,4
10,428,Cunha,Manchester United,MID,Aston Villa,True,2026-11-08 16:30:00+00:00,7.9,5.8,a,1,0.9108,0.1844,0.2168,0.2492,0.3578,0.08591,4.024,5
10,429,Rashford,Manchester United,MID,Aston Villa,True,2026-11-08 16:30:00+00:00,7,1.5,d,1,0.6667,0.1639,0.1065,0.1824,0.2673,,,1.7
10,430,Mount,Manchester United,MID,Aston Villa,True,2026-11-08 16:30:00+00:00,5.4,0,a,1,0.1523,0.02529,0.02628,0.04166,0.03342,0.05853,0.8675,0.3
10,431,Amad,Manchester United,MID,Aston Villa,True,2026-11-08 16:30:00+00:00,5.7,0.3,i,0,0,0,0,0,0,0,0,0
10,432,Mainoo,Manchester United,MID,Aston Villa,True,2026-11-08 16:30:00+00:00,5.5,1.6,d,1,0.8939,0.04991,0.08743,0.2446,0.125,0.8984,3.585,4.3
10,433,Ugarte,Manchester United,MID,Aston Villa,True,2026-11-08 16:30:00+00:00,5,0,i,0,0,0,0,0,0,0,0,0
10,434,J.Fletcher,Manchester United,MID,Aston Villa,True,2026-11-08 16:30:00+00:00,4.9,0,a,1,0,0,0,0,0,,,0
10,435,Lacey,Manchester United,MID,Aston Villa,True,2026-11-08 16:30:00+00:00,4.9,0.1,a,1,0,0.00742,0.006768,0,0.002232,,,0
10,436,Collyer,Manchester United,MID,Aston Villa,True,2026-11-08 16:30:00+00:00,5,0,u,0,0,0,0,0,0,,,0
10,437,Bendito Mantato,Manchester United,MID,Aston Villa,True,2026-11-08 16:30:00+00:00,4.4,0.2,a,1,0,0,0,0,0,,,0
10,438,Fletcher,Manchester United,MID,Aston Villa,True,2026-11-08 16:30:00+00:00,4.4,0.3,a,1,0,0.002942,0.002966,0,0.0004089,,,0
10,439,Šeško,Manchester United,FWD,Aston Villa,True,2026-11-08 16:30:00+00:00,7,1.6,d,1,0,0.08932,0.01047,0,0.1113,0,1.061,1.5
10,440,Zirkzee,Manchester United,FWD,Aston Villa,True,2026-11-08 16:30:00+00:00,5.3,0.4,a,1,0.06307,0.05742,0.02657,0.01726,0.07339,0.0008881,1.001,0.7
10,441,Obi,Manchester United,FWD,Aston Villa,True,2026-11-08 16:30:00+00:00,4.5,0.9,u,0,0,0,0,0,0,,,0
10,29,M.Bizot,Aston Villa,GKP,Manchester United,False,2026-11-08 16:30:00+00:00,4.5,0.1,i,1,0.1953,0,0.001083,0.02573,0.04679,0,0.4264,0
10,30,Digne,Aston Villa,DEF,Manchester United,False,2026-11-08 16:30:00+00:00,4.5,0,u,0,0,0,0,0,0,0,0,0
10,32,Cash,Aston Villa,DEF,Manchester United,False,2026-11-08 16:30:00+00:00,4.4,4.8,a,1,0.5203,0.02072,0.05075,0.06856,0.08378,0.06054,1.156,1.7
10,33,Mings,Aston Villa,DEF,Manchester United,False,2026-11-08 16:30:00+00:00,4.5,0.4,a,1,0.6928,0.05671,0.02891,0.09129,0.1202,0.406,2.06,3
10,34,Pau,Aston Villa,DEF,Manchester United,False,2026-11-08 16:30:00+00:00,4.4,0.3,i,1,0.3072,0.02575,0.006612,0.04048,0.04409,0.07939,1.072,0
10,35,Bogarde,Aston Villa,MID,Manchester United,False,2026-11-08 16:30:00+00:00,4.9,0.1,a,1,0.08919,0.004015,0.005373,0.01175,0.001882,0.01199,0.4093,0
10,36,Maatsen,Aston Villa,DEF,Manchester United,False,2026-11-08 16:30:00+00:00,4.4,0.5,i,0,0,0,0,0,0,0,0,0
10,37,Lindelöf,Aston Villa,DEF,Manchester United,False,2026-11-08 16:30:00+00:00,4.5,0.3,a,1,0.925,0.05279,0.04584,0.1219,0.1445,0.1151,2.41,2.7
10,38,A.García,Aston Villa,DEF,Manchester United,False,2026-11-08 16:30:00+00:00,4,1.5,a,1,0,0.002055,0.002572,0,0.001683,,,0
10,39,Nedeljkovic,Aston Villa,DEF,Manchester United,False,2026-11-08 16:30:00+00:00,4,0.1,u,0,0,0,0,0,0,0,0,0
10,41,Buendía,Aston Villa,MID,Manchester United,False,2026-11-08 16:30:00+00:00,5.9,1,a,1,0.9369,0.1305,0.1425,0.1235,0.2581,0.3672,3.766,5.7
10,44,Bailey,Aston Villa,MID,Manchester United,False,2026-11-08 16:30:00+00:00,5.4,0.1,u,0,0,0,0,0,0,0,0,0
10,45,McGinn,Aston Villa,MID,Manchester United,False,2026-11-08 16:30:00+00:00,5.4,2.2,a,1,0.9108,0.0929,0.1619,0.12,0.2187,0.09219,2.985,5
10,46,Barkley,Aston Villa,MID,Manchester United,False,2026-11-08 16:30:00+00:00,5,0.3,a,1,0.7129,0.0904,0.1164,0.09393,0.1768,0.1409,2.926,2
10,47,Kamara,Aston Villa,MID,Manchester United,False,2026-11-08 16:30:00+00:00,5,0.3,a,1,0.7727,0.0471,0.08753,0.1018,0.1268,0.1968,2.469,3.7
10,48,Onana,Aston Villa,MID,Manchester United,False,2026-11-08 16:30:00+00:00,4.9,0,i,0,0,0,0,0,0,0,0,0
10,49,Iling Jr,Aston Villa,MID,Manchester United,False,2026-11-08 16:30:00+00:00,5,0,u,0,0,0,0,0,0,,,0
10,50,Burrowes,Aston Villa,MID,Manchester United,False,2026-11-08 16:30:00+00:00,4.5,0.6,a,1,0,0,0,0,0,,,0
10,51,George Hemmings,Aston Villa,MID,Manchester United,False,2026-11-08 16:30:00+00:00,4.5,1.2,a,1,0.3822,0.05654,0.07478,0.05036,0.09834,,,1.7
10,52,Alysson,Aston Villa,MID,Manchester United,False,2026-11-08 16:30:00+00:00,5,0,d,1,0,0.02533,0.01651,0,0.009984,,,1.7
10,53,Manzambi,Aston Villa,MID,Manchester United,False,2026-11-08 16:30:00+00:00,5.9,0.4,a,1,0.2745,0.07674,0.05138,0.03617,0.1166,0.07378,1.544,4.7
10,54,Gomes,Aston Villa,MID,Manchester United,False,2026-11-08 16:30:00+00:00,5.5,0,a,1,0.3502,0.02456,0.03367,0.04615,0.05308,0.3246,1.454,1.3
10,55,Watkins,Aston Villa,FWD,Manchester United,False,2026-11-08 16:30:00+00:00,7.8,2.5,u,0,0,0,0,0,0,0,0,0
10,56,Abraham,Aston Villa,FWD,Manchester United,False,2026-11-08 16:30:00+00:00,5.5,0.2,a,1,0,0.04913,0.01123,0,0.05317,0,0.9501,1
10,160,Garnacho,Aston Villa,MID,Manchester United,False,2026-11-08 16:30:00+00:00,5.8,0.3,a,1,0,0.007913,0.009004,0,0,0,0.5238,0.3
10,166,N.Jackson,Aston Villa,FWD,Manchester United,False,2026-11-08 16:30:00+00:00,6.5,1.5,a,1,0.4883,0.1386,0.0763,0.06434,0.2187,,,2.7
10,582,Madjo,Aston Villa,FWD,Manchester United,False,2026-11-08 16:30:00+00:00,5.4,0.2,i,0,0,0,0,0,0,0,0,0
10,596,Ruggeri,Aston Villa,DEF,Manchester United,False,2026-11-08 16:30:00+00:00,4.5,0.1,a,1,0.2745,0.01511,0.01689,0.03617,0.0371,0.2483,1.207,1.3
10,597,Suzuki,Aston Villa,GKP,Manchester United,False,2026-11-08 16:30:00+00:00,5,1.9,a,1,0.8627,0,0.00526,0.1137,0.441,0,3.242,4.7
10,606,Rowe,Aston Villa,DEF,Manchester United,False,2026-11-08 16:30:00+00:00,4,0.2,a,1,0,0,0,0,0,,,0
10,607,Lynch,Aston Villa,MID,Manchester United,False,2026-11-08 16:30:00+00:00,4.5,0.1,u,0,0,0,0,0,0,0,0,0
10,611,Wan-Bissaka,Aston Villa,DEF,Manchester United,False,2026-11-08 16:30:00+00:00,4.5,0.2,a,1,0.3426,0.00555,0.03666,0.04514,0.04078,0.2568,1.502,1.7
10,618,Goretzka,Aston Villa,MID,Manchester United,False,2026-11-08 16:30:00+00:00,5.9,0,i,1,0,0,0,0,0,0,0,0
10,630,Harwood-Bellis,Aston Villa,DEF,Manchester United,False,2026-11-08 16:30:00+00:00,4.5,0,a,1,0,0,0,0,0,0,0,0
10,631,Mbaye,Aston Villa,MID,Manchester United,False,2026-11-08 16:30:00+00:00,6,0.1,a,1,0,0.01557,0.0171,0,0,0,0.8516,0.7
10,667,Wright,Aston Villa,GKP,Manchester United,False,2026-11-08 16:30:00+00:00,4,0.1,a,1,0,0,0,0,0,0,0,1
